iso3,country,year,homicide_rate,gini,gdppc,pop,democracy,gini_interp,log_homicide,log_gdppc,gini_c,democracy_c,gini_x_dem
ALB,Albania,2008,3.10732240524797,30,9861658465.33864,2947314,5.91,30,1.1369744299078217,23.011920192769498,-6.073478421246769,-0.653179680150517,3.967072692591031
ALB,Albania,2008,3.20755861186887,30,9861658465.33864,2947314,5.91,30,1.168622876909286,23.011920192769498,-6.073478421246769,-0.653179680150517,3.967072692591031
ALB,Albania,2010,4.06320641959299,NA,10428102872.2706,2913021,5.86,29.5,1.4044305073705463,23.06777019797386,-6.573478421246769,-0.7031796801505168,4.622336453728627
ALB,Albania,2011,4.87720435898422,NA,10685000942.5337,2905195,5.81,29.25,1.5866204342715482,23.09210681392844,-6.823478421246769,-0.7531796801505175,5.139305294828599
ALB,Albania,2012,5.39518158737926,29,10790155229.5092,2860708,5.67,29,1.6873580467117093,23.101900002536436,-7.073478421246769,-0.8931796801505172,6.317887193840774
ALB,Albania,2013,4.26472598705621,NA,10974367815.094,2816902,5.67,30.4,1.4527200037394106,23.118828191979233,-5.67347842124677,-0.8931796801505172,5.067435641630051
ALB,Albania,2013,1.926005284477,NA,10974367815.094,2816902,5.67,31.8,0.6606267184358872,23.118828191979233,-4.273478421246768,-0.8931796801505172,3.8169840894193254
ALB,Albania,2013,0,NA,10974367815.094,2816902,5.67,33.2,-4.605170185988091,23.118828191979233,-2.873478421246766,-0.8931796801505172,2.5665325372085994
ALB,Albania,2014,4.6147231364138,34.6,11220218560.8998,2773767,5.67,34.6,1.5314165067755474,23.140983216432325,-1.4734784212467673,-0.8931796801505172,1.3160809849978767
ALB,Albania,2014,6.02669066322698,34.6,11220218560.8998,2773767,5.67,34.6,1.7978559583535434,23.140983216432325,-1.4734784212467673,-0.8931796801505172,1.3160809849978767
ALB,Albania,2014,0,34.6,11220218560.8998,2773767,5.67,34.6,-4.605170185988091,23.140983216432325,-1.4734784212467673,-0.8931796801505172,1.3160809849978767
ALB,Albania,2015,2.20793808941597,32.8,11470171826.9575,2731293,5.91,32.8,0.7965779757414778,23.163015748529755,-3.2734784212467716,-0.653179680150517,2.1381695881695855
ALB,Albania,2015,5.72683941942268,32.8,11470171826.9575,2731293,5.91,32.8,1.7469084348885653,23.163015748529755,-3.2734784212467716,-0.653179680150517,2.1381695881695855
ALB,Albania,2015,0,32.8,11470171826.9575,2731293,5.91,32.8,-4.605170185988091,23.163015748529755,-3.2734784212467716,-0.653179680150517,2.1381695881695855
ALB,Albania,2016,2.72614352662554,33.7,11918533446.9749,2689469,5.91,33.7,1.006549456946368,23.201360458042533,-2.373478421246766,-0.653179680150517,1.5503078760341165
ALB,Albania,2016,4.65859969739807,33.7,11918533446.9749,2689469,5.91,33.7,1.540859176052382,23.201360458042533,-2.373478421246766,-0.653179680150517,1.5503078760341165
ALB,Albania,2016,0,33.7,11918533446.9749,2689469,5.91,33.7,-4.605170185988091,23.201360458042533,-2.373478421246766,-0.653179680150517,1.5503078760341165
ALB,Albania,2017,2.0012128039665402,33.1,12309839868.7084,2648285,5.98,33.1,0.6987379251653928,23.233664768829765,-2.9734784212467673,-0.5831796801505167,1.7340721946371531
ALB,Albania,2017,3.27784855822106,33.1,12309839868.7084,2648285,5.98,33.1,1.1902334171979874,23.233664768829765,-2.9734784212467673,-0.5831796801505167,1.7340721946371531
ALB,Albania,2017,0,33.1,12309839868.7084,2648285,5.98,33.1,-4.605170185988091,23.233664768829765,-2.9734784212467673,-0.5831796801505167,1.7340721946371531
ALB,Albania,2018,2.2803984892705502,30.1,12761785703.1071,2607733,5.98,30.1,0.8287258152095799,23.269721050456184,-5.973478421246767,-0.5831796801505167,3.483611235088703
ALB,Albania,2018,3.93887011783095,30.1,12761785703.1071,2607733,5.98,30.1,1.3734294918752892,23.269721050456184,-5.973478421246767,-0.5831796801505167,3.483611235088703
ALB,Albania,2018,0,30.1,12761785703.1071,2607733,5.98,30.1,-4.605170185988091,23.269721050456184,-5.973478421246767,-0.5831796801505167,3.483611235088703
ALB,Albania,2019,2.25302550996799,30.1,13025007474.8895,2567801,5.89,30.1,0.8167026392206486,23.290136998473546,-5.973478421246767,-0.6731796801505174,4.021224293000917
ALB,Albania,2019,2.53032095734867,30.1,13025007474.8895,2567801,5.89,30.1,0.9322904342084397,23.290136998473546,-5.973478421246767,-0.6731796801505174,4.021224293000917
ALB,Albania,2019,0,30.1,13025007474.8895,2567801,5.89,30.1,-4.605170185988091,23.290136998473546,-5.973478421246767,-0.6731796801505174,4.021224293000917
ALB,Albania,2020,2.12398982086583,29.4,12593390460.142,2528480,6.08,29.4,0.7579933828896612,23.256437946615225,-6.67347842124677,-0.48317968015051704,3.224489169069392
ALB,Albania,2020,2.15880932612593,29.4,12593390460.142,2528480,6.08,29.4,0.774178319324911,23.256437946615225,-6.67347842124677,-0.48317968015051704,3.224489169069392
ALB,Albania,2020,0,29.4,12593390460.142,2528480,6.08,29.4,-4.605170185988091,23.256437946615225,-6.67347842124677,-0.48317968015051704,3.224489169069392
ARG,Argentina,2006,5.32783270151026,46.4,470325565798.353,39622115,6.63,46.4,1.6748197094477781,26.876690985037307,10.32652157875323,0.06682031984948278,0.6900214748248766
ARG,Argentina,2006,2.63489215555505,46.4,470325565798.353,39622115,6.63,46.4,0.9726302915319723,26.876690985037307,10.32652157875323,0.06682031984948278,0.6900214748248766
ARG,Argentina,2008,5.86530605419315,45,533491913656.279,40424148,6.63,45,1.770758153004109,27.002709750415484,8.926521578753231,0.06682031984948278,0.5964730270356009
ARG,Argentina,2008,2.70630317304399,45,533491913656.279,40424148,6.63,45,0.999271828298964,27.002709750415484,8.926521578753231,0.06682031984948278,0.5964730270356009
ARG,Argentina,2010,5.7739778082346,43.7,552738161802.463,41288694,6.84,43.7,1.7550916480985153,27.038150239543654,7.626521578753234,0.27682031984948274,2.111176142769452
ARG,Argentina,2010,3.34231936886063,43.7,552738161802.463,41288694,6.84,43.7,1.2096524551876544,27.038150239543654,7.626521578753234,0.27682031984948274,2.111176142769452
ARG,Argentina,2011,6.01715853502966,42.7,585924294024.785,41730660,6.84,42.7,1.7962756782912892,27.096456427093553,6.626521578753234,0.27682031984948274,1.8343558229199697
ARG,Argentina,2011,3.28775050181628,42.7,585924294024.785,41730660,6.84,42.7,1.1932405699161717,27.096456427093553,6.626521578753234,0.27682031984948274,1.8343558229199697
ARG,Argentina,2012,6.28057846262278,41.4,579910247223.428,42161721,6.84,41.4,1.8390530319246108,27.08613918234595,5.32652157875323,0.27682031984948274,1.474489407115641
ARG,Argentina,2012,3.46997216420587,41.4,579910247223.428,42161721,6.84,41.4,1.2470242949629757,27.08613918234595,5.32652157875323,0.27682031984948274,1.474489407115641
ARG,Argentina,2013,7.2142387373598,41.1,593858966307.156,42582455,6.84,41.1,1.9774418633758988,27.10990769765865,5.026521578753233,0.27682031984948274,1.391443311160797
ARG,Argentina,2013,3.57893874861209,41.1,593858966307.156,42582455,6.84,41.1,1.2778565455980178,27.10990769765865,5.026521578753233,0.27682031984948274,1.391443311160797
ARG,Argentina,2013,0.129161175310804,41.1,593858966307.156,42582455,6.84,41.1,-1.9721224829823794,27.10990769765865,5.026521578753233,0.27682031984948274,1.391443311160797
ARG,Argentina,2014,7.50277667235654,41.8,578937574935.696,43024071,6.84,41.8,2.0166051274502754,27.084460493397238,5.726521578753228,0.27682031984948274,1.5852175350554336
ARG,Argentina,2014,4.04657192892588,41.8,578937574935.696,43024071,6.84,41.8,1.4003382644659925,27.084460493397238,5.726521578753228,0.27682031984948274,1.5852175350554336
ARG,Argentina,2014,0.099944051087773,41.8,578937574935.696,43024071,6.84,41.8,-2.2077836690588346,27.084460493397238,5.726521578753228,0.27682031984948274,1.5852175350554336
ARG,Argentina,2015,6.52528743235621,NA,594749285413.212,43477012,7.02,41.925,1.8772163296370499,27.11140578463773,5.851521578753228,0.45682031984948246,2.6730939592121983
ARG,Argentina,2015,3.89631191766352,NA,594749285413.212,43477012,7.02,42.05,1.3625936852988112,27.11140578463773,5.976521578753228,0.45682031984948246,2.730196499193384
ARG,Argentina,2015,0.126503633690374,NA,594749285413.212,43477012,7.02,42.175,-1.9914040442691399,27.11140578463773,6.101521578753228,0.45682031984948246,2.787299039174569
ARG,Argentina,2016,5.97945616037571,42.3,582376550428.09,43900313,6.96,42.3,1.7900006167494404,27.09038306933025,6.226521578753228,0.39682031984948285,2.470810284430563
ARG,Argentina,2016,4.10247639803301,42.3,582376550428.09,43900313,6.96,42.3,1.4140253769949025,27.09038306933025,6.226521578753228,0.39682031984948285,2.470810284430563
ARG,Argentina,2016,0.0660587537717698,42.3,582376550428.09,43900313,6.96,42.3,-2.5762491614207548,27.09038306933025,6.226521578753228,0.39682031984948285,2.470810284430563
ARG,Argentina,2017,5.23155985787317,41.4,598790850843.677,44288894,6.96,41.4,1.6566191368344403,27.118178210222982,5.32652157875323,0.39682031984948285,2.113671996566029
ARG,Argentina,2017,0.0632212671646305,41.4,598790850843.677,44288894,6.96,41.4,-2.614269365176066,27.118178210222982,5.32652157875323,0.39682031984948285,2.113671996566029
ARG,Argentina,2018,5.33872203870925,41.7,583118120294.002,44654882,7.02,41.7,1.6768576611043302,27.09165561048314,5.626521578753234,0.45682031984948246,2.5703093872460676
ARG,Argentina,2018,5.16628848292879,41.7,583118120294.002,44654882,7.02,41.7,1.6440882903689686,27.09165561048314,5.626521578753234,0.45682031984948246,2.5703093872460676
ARG,Argentina,2018,0.0739000953344821,41.7,583118120294.002,44654882,7.02,41.7,-2.4781285292225887,27.09165561048314,5.626521578753234,0.45682031984948246,2.5703093872460676
ARG,Argentina,2019,5.13191495105041,43.3,571450737224.442,44973465,7.02,43.3,1.6374255686544805,27.07144411738358,7.226521578753228,0.45682031984948246,3.301221899005237
ARG,Argentina,2019,3.24413514453317,43.3,571450737224.442,44973465,7.02,43.3,1.1799265397516243,27.07144411738358,7.226521578753228,0.45682031984948246,3.301221899005237
ARG,Argentina,2019,0.0733766002533205,43.3,571450737224.442,44973465,7.02,43.3,-2.484387581487417,27.07144411738358,7.226521578753228,0.45682031984948246,3.301221899005237
ARG,Argentina,2020,5.35272149985868,42.7,514874343768.066,45191965,6.95,42.7,1.6794715887360454,26.96718871515572,6.626521578753234,0.38682031984948306,2.5632731965828275
ARG,Argentina,2020,0.0708090483652243,42.7,514874343768.066,45191965,6.95,42.7,-2.5156663350067854,26.96718871515572,6.626521578753234,0.38682031984948306,2.5632731965828275
ARG,Argentina,2021,4.62126366336244,42.4,568636554720.066,45312281,6.81,42.4,1.5328297603116063,27.06650732308748,6.32652157875323,0.2468203198494825,1.561514079602525
ARG,Argentina,2021,5.7180965385731,42.4,568636554720.066,45312281,6.81,42.4,1.7453832833174905,27.06650732308748,6.32652157875323,0.2468203198494825,1.561514079602525
ARG,Argentina,2021,0.037517422290908,42.4,568636554720.066,45312281,6.81,42.4,-3.046658850118995,27.06650732308748,6.32652157875323,0.2468203198494825,1.561514079602525
ARG,Argentina,2022,4.31202462020709,40.7,602872713790.916,45407904,6.85,40.7,1.4637239545532195,27.124971923150735,4.626521578753234,0.28682031984948253,1.3269803990085356
ARG,Argentina,2022,4.71724041699877,40.7,602872713790.916,45407904,6.85,40.7,1.553341610894054,27.124971923150735,4.626521578753234,0.28682031984948253,1.3269803990085356
ARG,Argentina,2022,0.0330338964775824,40.7,602872713790.916,45407904,6.85,40.7,-3.1457671836497556,27.124971923150735,4.626521578753234,0.28682031984948253,1.3269803990085356
ARG,Argentina,2023,4.49291137824536,42.4,591684674129.454,45538401,6.62,42.4,1.5047241605229174,27.10623968487305,6.32652157875323,0.05682031984948299,0.3594749796394146
ARG,Argentina,2023,2.53192904160161,42.4,591684674129.454,45538401,6.62,42.4,0.9329232579801698,27.10623968487305,6.32652157875323,0.05682031984948299,0.3594749796394146
ARM,Armenia,2006,2.64180737077633,29.7,7978593838.17516,3127100,4.15,29.7,0.9752414342316612,22.800028022126195,-6.3734784212467694,-2.4131796801505168,15.3803486180305
ARM,Armenia,2006,0.769133791491842,29.7,7978593838.17516,3127100,4.15,29.7,-0.24957250011528612,22.800028022126195,-6.3734784212467694,-2.4131796801505168,15.3803486180305
ARM,Armenia,2008,3.27703809810168,29.2,9697605816.5624,3087100,4.09,29.2,1.1899868851539086,22.995144868955126,-6.8734784212467694,-2.4731796801505173,16.999347163380566
ARM,Armenia,2008,1.0473008354758,29.2,9697605816.5624,3087100,4.09,29.2,0.05571927895351574,22.995144868955126,-6.8734784212467694,-2.4731796801505173,16.999347163380566
ARM,Armenia,2010,1.91055986909936,30,8513508751.09706,3044800,4.09,30,0.6526167420223637,22.864920003732713,-6.073478421246769,-2.4731796801505173,15.020803419260153
ARM,Armenia,2010,1.97879415013862,30,8513508751.09706,3044800,4.09,30,0.6875285003674394,22.864920003732713,-6.073478421246769,-2.4731796801505173,15.020803419260153
ARM,Armenia,2011,2.42878652522919,29.4,8913643662.28574,3027900,4.09,29.4,0.8915005898719129,22.91084893560845,-6.67347842124677,-2.4731796801505173,16.504711227350466
ARM,Armenia,2011,1.23149739307396,29.4,8913643662.28574,3027900,4.09,29.4,0.21631822614427423,22.91084893560845,-6.67347842124677,-2.4731796801505173,16.504711227350466
ARM,Armenia,2012,2.22410225395655,29.6,9555426006.05632,3024100,4.09,29.6,0.8038394712900049,22.98037499826606,-6.473478421246767,-2.4731796801505173,16.010075291320355
ARM,Armenia,2012,1.47132918338664,29.6,9555426006.05632,3024100,4.09,29.6,0.39293978161118226,22.98037499826606,-6.473478421246767,-2.4731796801505173,16.010075291320355
ARM,Armenia,2013,2.15567534571216,30.6,9870755064.25618,3022000,4.02,30.6,0.7727322507852028,23.012842188403564,-5.473478421246767,-2.5431796801505175,13.920039100657114
ARM,Armenia,2014,2.46370989542236,31.5,10226102246.6276,3013800,4.13,31.5,0.9057190057455601,23.048209332246547,-4.573478421246769,-2.4331796801505172,11.128094762184505
ARM,Armenia,2014,1.06076398275129,31.5,10226102246.6276,3013800,4.13,31.5,0.06837239626654582,23.048209332246547,-4.573478421246769,-2.4331796801505172,11.128094762184505
ARM,Armenia,2015,2.56745781452856,32.4,10553337518.414,3004600,4,32.4,0.9468035699577985,23.079707999295902,-3.67347842124677,-2.563179680150517,9.415785244811122
ARM,Armenia,2015,0.581957104626473,32.4,10553337518.414,3004600,4,32.4,-0.5243211051245962,23.079707999295902,-3.67347842124677,-2.563179680150517,9.415785244811122
ARM,Armenia,2016,2.98068464955971,32.5,10574444193.4325,2992300,3.88,32.5,1.0955023409765814,23.081706001956842,-3.5734784212467687,-2.6831796801505172,9.58828468734568
ARM,Armenia,2016,0.479650403377424,32.5,10574444193.4325,2992300,3.88,32.5,-0.7140636050080063,23.081706001956842,-3.5734784212467687,-2.6831796801505172,9.58828468734568
ARM,Armenia,2016,0.0342607430983874,32.5,10574444193.4325,2992300,3.88,32.5,-3.11765715511049,23.081706001956842,-3.5734784212467687,-2.6831796801505172,9.58828468734568
ARM,Armenia,2017,2.40140228170953,33.6,11367527508.1135,2979400,4.11,33.6,0.8802084379183953,23.154026663551736,-2.4734784212467673,-2.453179680150517,6.06788700229335
ARM,Armenia,2017,0.823337925157553,33.6,11367527508.1135,2979400,4.11,33.6,-0.18231604662007206,23.154026663551736,-2.4734784212467673,-2.453179680150517,6.06788700229335
ARM,Armenia,2017,0,33.6,11367527508.1135,2979400,4.11,33.6,-4.605170185988091,23.154026663551736,-2.4734784212467673,-2.453179680150517,6.06788700229335
ARM,Armenia,2018,1.71823401969337,34.4,11958638938.496,2969000,4.79,34.4,0.5471000892756045,23.20471977786396,-1.6734784212467702,-1.773179680150517,2.96737793172514
ARM,Armenia,2018,0,34.4,11958638938.496,2969000,4.79,34.4,-4.605170185988091,23.20471977786396,-1.6734784212467702,-1.773179680150517,2.96737793172514
ARM,Armenia,2019,2.51379877522903,30,12867495497.6469,2962500,5.54,30,0.9257652169481132,23.27797023958997,-6.073478421246769,-1.023179680150517,6.214259708452336
ARM,Armenia,2019,0,30,12867495497.6469,2962500,5.54,30,-4.605170185988091,23.27797023958997,-6.073478421246769,-1.023179680150517,6.214259708452336
ARM,Armenia,2020,2.59435451162573,25.1,11941035821.9185,2961500,5.35,25.1,0.9571848562572692,23.20324669340259,-10.973478421246767,-1.2131796801505175,13.31280104122676
ARM,Armenia,2020,0,25.1,11941035821.9185,2961500,5.35,25.1,-4.605170185988091,23.20324669340259,-10.973478421246767,-1.2131796801505175,13.31280104122676
ARM,Armenia,2021,3.13550776151398,27.9,12633615899.6682,2962300,5.49,27.9,1.1459753275225917,23.259627026844903,-8.17347842124677,-1.073179680150517,8.771610957830761
ARM,Armenia,2021,0.0348389751279331,27.9,12633615899.6682,2962300,5.49,27.9,-3.1046775372406983,23.259627026844903,-8.17347842124677,-1.073179680150517,8.771610957830761
ARM,Armenia,2022,2.74222289100063,27.9,14225451502.9981,2969200,5.63,27.9,1.0124089091608073,23.378298556560413,-8.17347842124677,-0.9331796801505172,7.627323978856215
ARM,Armenia,2022,4.09597849541867,27.9,14225451502.9981,2969200,5.63,27.9,1.412444081227613,23.378298556560413,-8.17347842124677,-0.9331796801505172,7.627323978856215
ARM,Armenia,2023,2.20833575400906,27.2,15406163977.6894,2964300,5.42,27.2,0.7967572543920708,23.458033524575534,-8.87347842124677,-1.1431796801505172,10.143980223423398
ARM,Armenia,2023,3.32949082912136,27.2,15406163977.6894,2964300,5.42,27.2,1.2058183489966297,23.458033524575534,-8.87347842124677,-1.1431796801505172,10.143980223423398
AUS,Australia,2008,1.2213046917262,35.4,1136774249983.46,21249199,9.09,35.4,0.20807433219373855,27.75921576215631,-0.6734784212467702,2.5268203198494827,-1.7017589597864884
AUS,Australia,2008,0.439856862154264,35.4,1136774249983.46,21249199,9.09,35.4,-0.7988258309188851,27.75921576215631,-0.6734784212467702,2.5268203198494827,-1.7017589597864884
AUS,Australia,2010,1.04328595693519,34.7,1184610839239.74,22031750,9.22,34.7,0.05191476032601473,27.80043543087382,-1.373478421246766,2.6568203198494835,-3.6490853784431962
AUS,Australia,2010,0.532933952027499,34.7,1184610839239.74,22031750,9.22,34.7,-0.6107676017548489,27.80043543087382,-1.373478421246766,2.6568203198494835,-3.6490853784431962
AUS,Australia,2010,0.0180655576958474,34.7,1184610839239.74,22031750,9.22,34.7,-3.5732121592070256,27.80043543087382,-1.373478421246766,2.6568203198494835,-3.6490853784431962
AUS,Australia,2011,1.10321388892905,NA,1212979128949.21,22340024,9.22,34.67,0.107251227171941,27.824100539599986,-1.403478421246767,2.6568203198494835,-3.7287899880386837
AUS,Australia,2011,0.507122513459321,NA,1212979128949.21,22340024,9.22,34.64,-0.6594754626059898,27.824100539599986,-1.4334784212467682,2.6568203198494835,-3.808494597634171
AUS,Australia,2011,0.00889688620104071,NA,1212979128949.21,22340024,9.22,34.61,-3.9687581217572085,27.824100539599986,-1.4634784212467693,2.6568203198494835,-3.888199207229659
AUS,Australia,2012,1.06333429077178,NA,1260921781880.75,22733465,9.22,34.58,0.07076996291120691,27.862864142344137,-1.4934784212467704,2.6568203198494835,-3.9679038168251464
AUS,Australia,2012,0.420082682774037,NA,1260921781880.75,22733465,9.22,34.55,-0.843777803258004,27.862864142344137,-1.5234784212467716,2.6568203198494835,-4.047608426420634
AUS,Australia,2012,0.00437586127889622,NA,1260921781880.75,22733465,9.22,34.52,-4.242204779039908,27.862864142344137,-1.5534784212467656,2.6568203198494835,-4.127313036016102
AUS,Australia,2013,1.05438607284246,NA,1294392358274.42,23128129,9.13,34.49,0.06239817552100649,27.889062479551523,-1.5834784212467667,2.5668203198494837,-4.064504587699381
AUS,Australia,2013,0.576684627595465,NA,1294392358274.42,23128129,9.13,34.46,-0.5332678648671428,27.889062479551523,-1.6134784212467679,2.5668203198494837,-4.1415091972948685
AUS,Australia,2013,0.0129108498715403,NA,1294392358274.42,23128129,9.13,34.43,-3.776144687109608,27.889062479551523,-1.643478421246769,2.5668203198494837,-4.218513806890356
AUS,Australia,2014,1.02985300162206,34.4,1328061960035.21,23475686,9.01,34.4,0.03907935856901965,27.914741822547423,-1.6734784212467702,2.4468203198494827,-4.09470100593623
AUS,Australia,2014,0.529759774496945,34.4,1328061960035.21,23475686,9.01,34.4,-0.6166311004469861,27.914741822547423,-1.6734784212467702,2.4468203198494827,-4.09470100593623
AUS,Australia,2014,0.00423807819597556,34.4,1328061960035.21,23475686,9.01,34.4,-4.251835340253761,27.914741822547423,-1.6734784212467702,2.4468203198494827,-4.09470100593623
AUS,Australia,2015,0.985468432815397,NA,1356805839935.9,23815995,9.01,34.225,-0.0045418658597136926,27.936154406172825,-1.8484784212467673,2.4468203198494827,-4.522894561909882
AUS,Australia,2015,0.534491353391402,NA,1356805839935.9,23815995,9.01,34.05,-0.6079032166408067,27.936154406172825,-2.0234784212467716,2.4468203198494827,-4.951088117883552
AUS,Australia,2015,0,NA,1356805839935.9,23815995,9.01,33.875,-4.605170185988091,27.936154406172825,-2.1984784212467687,2.4468203198494827,-5.3792816738572045
AUS,Australia,2016,0.933005940041915,33.7,1394194533274.64,24190907,9.01,33.7,-0.058682697278471065,27.963337968942852,-2.373478421246766,2.4468203198494827,-5.807475229830857
AUS,Australia,2016,0.476778365836397,33.7,1394194533274.64,24190907,9.01,33.7,-0.7199463604413728,27.963337968942852,-2.373478421246766,2.4468203198494827,-5.807475229830857
AUS,Australia,2016,0,33.7,1394194533274.64,24190907,9.01,33.7,-4.605170185988091,27.963337968942852,-2.373478421246766,2.4468203198494827,-5.807475229830857
AUS,Australia,2017,0.841048385412525,NA,1426167740135.16,24592588,9.09,33.85,-0.16128629490106672,27.986012060831108,-2.2234784212467673,2.5268203198494827,-5.6183304555531794
AUS,Australia,2017,0.574177263118166,NA,1426167740135.16,24592588,9.09,34,-0.537550809474066,27.986012060831108,-2.0734784212467687,2.5268203198494827,-5.239307407575761
AUS,Australia,2017,0.00808700370588967,NA,1426167740135.16,24592588,9.09,34.15,-4.0125616259143335,27.986012060831108,-1.9234784212467702,2.5268203198494827,-4.860284359598342
AUS,Australia,2018,0.879787384450029,34.3,1467158231105.1,24963258,9.09,34.3,-0.11677273867201089,28.01434846960356,-1.7734784212467716,2.5268203198494827,-4.481261311620923
AUS,Australia,2018,0.469750730158839,34.3,1467158231105.1,24963258,9.09,34.3,-0.734488622138552,28.01434846960356,-1.7734784212467716,2.5268203198494827,-4.481261311620923
AUS,Australia,2018,0.0079618767823532,34.3,1467158231105.1,24963258,9.09,34.3,-4.019503723663756,28.01434846960356,-1.7734784212467716,2.5268203198494827,-4.481261311620923
AUS,Australia,2019,0.882951478402183,NA,1499347932643.95,25334826,9.09,34.13333333333333,-0.1132230350777402,28.036051417951544,-1.9401450879134359,2.5268203198494827,-4.902398031595831
AUS,Australia,2019,0.0235453727573915,NA,1499347932643.95,25334826,9.09,33.96666666666666,-3.3948563458694934,28.036051417951544,-2.1068117545801073,2.5268203198494827,-5.323534751570756
AUS,Australia,2020,0.858459424254959,33.8,1497345824797.34,25649248,8.96,33.8,-0.14103441373034584,28.034715206575573,-2.2734784212467716,2.3968203198494837,-5.449119276783587
AUS,Australia,2020,0.334061133420482,33.8,1497345824797.34,25649248,8.96,33.8,-1.0669359239662664,28.034715206575573,-2.2734784212467716,2.3968203198494837,-5.449119276783587
AUS,Australia,2020,0.0116532953518773,33.8,1497345824797.34,25649248,8.96,33.8,-3.8325976258680687,28.034715206575573,-2.2734784212467716,2.3968203198494837,-5.449119276783587
AUT,Austria,2006,0.737614857062635,29.6,348276446349.075,8268641,8.69,29.6,-0.29086733058771475,26.57626238742384,-6.473478421246767,2.1268203198494824,-13.767925446414772
AUT,Austria,2006,0.483681873483695,29.6,348276446349.075,8268641,8.69,29.6,-0.7058639500411532,26.57626238742384,-6.473478421246767,2.1268203198494824,-13.767925446414772
AUT,Austria,2008,0.696842970941948,30.4,366677269701.416,8321496,8.49,30.4,-0.34694674391893826,26.627747924014162,-5.67347842124677,1.926820319849483,-10.931773506285841
AUT,Austria,2008,0.312377883525701,30.4,366677269701.416,8321496,8.49,30.4,-1.1320308701887551,26.627747924014162,-5.67347842124677,1.926820319849483,-10.931773506285841
AUT,Austria,2010,0.729220953530514,30.3,359922497999.326,8363404,8.49,30.3,-0.30215841283006467,26.609154561884576,-5.773478421246768,1.926820319849483,-11.124455538270785
AUT,Austria,2010,0.394496581418147,30.3,359922497999.326,8363404,8.49,30.3,-0.905111993895949,26.609154561884576,-5.773478421246768,1.926820319849483,-11.124455538270785
AUT,Austria,2011,0.917401680155648,30.8,370459113959.145,8391643,8.49,30.8,-0.07536849534251856,26.638008921906618,-5.273478421246768,1.926820319849483,-10.161045378346044
AUT,Austria,2011,0.345514918500179,30.8,370459113959.145,8391643,8.49,30.8,-1.034188065780581,26.638008921906618,-5.273478421246768,1.926820319849483,-10.161045378346044
AUT,Austria,2012,0.960671644685274,30.5,372786509411.403,8429991,8.62,30.5,-0.029767029893585047,26.644271731901902,-5.573478421246769,2.056820319849482,-11.463643669062966
AUT,Austria,2012,0.45068546293877,30.5,372786509411.403,8429991,8.62,30.5,-0.7750397618277374,26.644271731901902,-5.573478421246769,2.056820319849482,-11.463643669062966
AUT,Austria,2013,0.719220332146561,30.8,371851835129.742,8479823,8.48,30.8,-0.31577935375427807,26.641761319217984,-5.273478421246768,1.9168203198494833,-10.108310594133577
AUT,Austria,2013,0.389086409194041,30.8,371851835129.742,8479823,8.48,30.8,-0.9185773211428645,26.641761319217984,-5.273478421246768,1.9168203198494833,-10.108310594133577
AUT,Austria,2014,0.491353494620118,30.5,374662287024.534,8546356,8.54,30.5,-0.6904438486163942,26.64929088922732,-5.573478421246769,1.976820319849482,-11.017765395363224
AUT,Austria,2014,0.386063460058664,30.5,374662287024.534,8546356,8.54,30.5,-0.9261808278933505,26.64929088922732,-5.573478421246769,1.976820319849482,-11.017765395363224
AUT,Austria,2015,0.509021333026224,30.5,379546097300.633,8642699,8.54,30.5,-0.655810292564228,26.66224189491826,-5.573478421246769,1.976820319849482,-11.017765395363224
AUT,Austria,2015,0,30.5,379546097300.633,8642699,8.54,30.5,-4.605170185988091,26.66224189491826,-5.573478421246769,1.976820319849482,-11.017765395363224
AUT,Austria,2016,0.617996363091403,30.8,387581921834.297,8736668,8.41,30.8,-0.4652209037864354,26.6831930745809,-5.273478421246768,1.846820319849483,-9.739167104646302
AUT,Austria,2016,0.366220067017128,30.8,387581921834.297,8736668,8.41,30.8,-0.9775810221844624,26.6831930745809,-5.273478421246768,1.846820319849483,-9.739167104646302
AUT,Austria,2016,0,30.8,387581921834.297,8736668,8.41,30.8,-4.605170185988091,26.6831930745809,-5.273478421246768,1.846820319849483,-9.739167104646302
AUT,Austria,2017,0.795565065715095,29.7,396388751744.592,8797566,8.42,29.7,-0.21621130282403253,26.705661262976914,-6.3734784212467694,1.8568203198494828,-11.834404240693203
AUT,Austria,2017,0.272765165388033,29.7,396388751744.592,8797566,8.42,29.7,-1.2631385300996214,26.705661262976914,-6.3734784212467694,1.8568203198494828,-11.834404240693203
AUT,Austria,2017,0.0113652152245014,29.7,396388751744.592,8797566,8.42,29.7,-3.8459911362415267,26.705661262976914,-6.3734784212467694,1.8568203198494828,-11.834404240693203
AUT,Austria,2018,0.972669073494819,30.8,406235924915.185,8840521,8.29,30.8,-0.017482865061638726,26.730199923627538,-5.273478421246768,1.726820319849482,-9.106349694096686
AUT,Austria,2018,1.08577012855236,30.8,406235924915.185,8840521,8.29,30.8,0.09145742980570229,26.730199923627538,-5.273478421246768,1.726820319849482,-9.106349694096686
AUT,Austria,2018,0,30.8,406235924915.185,8840521,8.29,30.8,-4.605170185988091,26.730199923627538,-5.273478421246768,1.726820319849482,-9.106349694096686
AUT,Austria,2019,0.86703158562286,30.2,413365268699.049,8879920,8.29,30.2,-0.13121227172502,26.747597466874325,-5.8734784212467694,1.726820319849482,-10.142441886006377
AUT,Austria,2019,0.37158496526694,30.2,413365268699.049,8879920,8.29,30.2,-0.9634217393798241,26.747597466874325,-5.8734784212467694,1.726820319849482,-10.142441886006377
AUT,Austria,2019,0,30.2,413365268699.049,8879920,8.29,30.2,-4.605170185988091,26.747597466874325,-5.8734784212467694,1.726820319849482,-10.142441886006377
AUT,Austria,2020,0.728584791296886,29.8,387247796560.501,8916864,8.16,29.8,-0.3030193680336164,26.682330626260775,-6.273478421246768,1.596820319849483,-10.017617819184094
AUT,Austria,2020,0.437150874778132,29.8,387247796560.501,8916864,8.16,29.8,-0.8048592138502928,26.682330626260775,-6.273478421246768,1.596820319849483,-10.017617819184094
AUT,Austria,2020,0.0112089967891829,29.8,387247796560.501,8916864,8.16,29.8,-3.8533298104783067,26.682330626260775,-6.273478421246768,1.596820319849483,-10.017617819184094
AUT,Austria,2021,0.724875548626241,30.7,406312360757.929,8955797,8.07,30.7,-0.30805411570277125,26.73038806221405,-5.3734784212467694,1.5068203198494832,-8.096866473407353
AUT,Austria,2021,0.434925329175745,30.7,406312360757.929,8955797,8.07,30.7,-0.8098488105008931,26.73038806221405,-5.3734784212467694,1.5068203198494832,-8.096866473407353
AUT,Austria,2021,0,30.7,406312360757.929,8955797,8.07,30.7,-4.605170185988091,26.73038806221405,-5.3734784212467694,1.5068203198494832,-8.096866473407353
AUT,Austria,2022,0.871514782049046,30.9,427972725600.496,9041851,8.2,30.9,-0.12611350808566896,26.782325305265182,-5.17347842124677,1.6368203198494822,-8.468054604199532
AUT,Austria,2022,0.308891315156624,30.9,427972725600.496,9041851,8.2,30.9,-1.1429049390885415,26.782325305265182,-5.17347842124677,1.6368203198494822,-8.468054604199532
AUT,Austria,2022,0,30.9,427972725600.496,9041851,8.2,30.9,-4.605170185988091,26.782325305265182,-5.17347842124677,1.6368203198494822,-8.468054604199532
AUT,Austria,2023,0.876191031111463,31.2,424607814488.72,9131761,8.28,31.2,-0.12082274088242455,26.774431790400236,-4.8734784212467694,1.7168203198494822,-8.366886781944428
AUT,Austria,2023,0.33952402455569197,31.2,424607814488.72,9131761,8.28,31.2,-1.0511829798833554,26.774431790400236,-4.8734784212467694,1.7168203198494822,-8.366886781944428
BEL,Belgium,2010,1.94758428913928,28.4,435731531598.616,10895586,8.05,28.4,0.6717112075416228,26.800292137427395,-7.67347842124677,1.4868203198494836,-11.409083640636233
BEL,Belgium,2011,2.2285371153118,28.1,444146182962.729,11038264,8.05,28.1,0.8058225790000263,26.81941958609779,-7.973478421246767,1.4868203198494836,-11.855129736591074
BEL,Belgium,2012,2.64685594027397,27.5,445104666468.521,11106932,8.05,27.5,0.9771434463668545,26.821575297003402,-8.573478421246769,1.4868203198494836,-12.747221928500766
BEL,Belgium,2013,2.23112761727398,27.7,446464436962.24,11159407,8.05,27.7,0.80697913977212965,26.82462558563003,-8.37347842124677,1.4868203198494836,-12.449857864530872
BEL,Belgium,2014,2.04279722632739,28.1,454346946885.841,11209057,7.93,28.1,0.719203363712787,26.84212694332455,-7.973478421246767,1.3668203198494826,-10.898312326041454
BEL,Belgium,2015,2.17288453837001,27.7,461044767544.531,11274196,7.93,27.7,0.780647184904704,26.85676098486929,-8.37347842124677,1.3668203198494826,-11.44504045398125
BEL,Belgium,2017,0.87020875912582,27.4,473426439010.72,11375158,7.78,27.4,-0.12759617336424853,26.883262381665602,-8.67347842124677,1.2168203198494831,-10.554064786749084
BEL,Belgium,2019,0.00870275210610952,27.2,494099718080.569,11488980,7.64,27.2,-3.9790845945005446,26.926003192226347,-8.87347842124677,1.0768203198494826,-9.555141871744429
BEL,Belgium,2020,0.00866543091844816,26,470417598101.755,11538604,7.51,26,-3.981082079903887,26.876886643761658,-10.073478421246769,0.9468203198494827,-9.537774060801727
BEL,Belgium,2021,1.08030153549307,26.6,499839663858.827,11586195,7.51,26.6,0.08645429605083448,26.937553211659907,-9.473478421246767,0.9468203198494827,-8.969681868892037
BGR,Bulgaria,2006,2.43446129167281,35.7,42792243384.376404,7601022,7.1,35.7,0.89382476804631406,24.47962269377314,-0.3734784212467659,0.5368203198494825,-0.20049080555056864
BGR,Bulgaria,2006,1.79312471483427,35.7,42792243384.376404,7601022,7.1,35.7,0.5895211125634766,24.47962269377314,-0.3734784212467659,0.5368203198494825,-0.20049080555056864
BGR,Bulgaria,2008,2.28250164569032,33.6,48437323784.9572,7492561,7.02,33.6,0.8296436430065982,24.603536506065378,-2.4734784212467673,0.45682031984948246,-1.1299352035347412
BGR,Bulgaria,2008,1.89766125194021,33.6,48437323784.9572,7492561,7.02,33.6,0.6458780163520018,24.603536506065378,-2.4734784212467673,0.45682031984948246,-1.1299352035347412
BGR,Bulgaria,2010,1.9898896128905,35.7,47544216166.3084,7395599,6.84,35.7,0.693091985481975,24.584925981658444,-0.3734784212467659,0.27682031984948274,-0.10338641602640959
BGR,Bulgaria,2010,1.69409521097435,35.7,47544216166.3084,7395599,6.84,35.7,0.5330343018311223,24.584925981658444,-0.3734784212467659,0.27682031984948274,-0.10338641602640959
BGR,Bulgaria,2011,1.73441146879584,34.3,48537973523.4502,7348328,6.78,34.3,0.5564172316013211,24.60561228778355,-1.7734784212467716,0.21682031984948313,-0.3845261585408814
BGR,Bulgaria,2011,1.54471021439629,34.3,48537973523.4502,7348328,6.78,34.3,0.4412891709630968,24.60561228778355,-1.7734784212467716,0.21682031984948313,-0.3845261585408814
BGR,Bulgaria,2012,1.92701571481315,36,48901433349.8318,7305888,6.72,36,0.6611484973569205,24.613072544855154,-0.07347842124676873,0.15682031984948264,-0.011522909521953293
BGR,Bulgaria,2012,1.46234525875892,36,48901433349.8318,7305888,6.72,36,0.3868565435912589,24.613072544855154,-0.07347842124676873,0.15682031984948264,-0.011522909521953293
BGR,Bulgaria,2013,1.50042683013702,36.6,48636020141.1525,7160005,6.83,36.6,0.41239227984840204,24.607630248500747,0.5265215787532327,0.26682031984948296,0.14048665605059227
BGR,Bulgaria,2013,1.0461691659671,36.6,48636020141.1525,7160005,6.83,36.6,0.05464836749881599,24.607630248500747,0.5265215787532327,0.26682031984948296,0.14048665605059227
BGR,Bulgaria,2014,1.55050575213407,37.4,49097794392.256,7073572,6.73,37.4,0.4450099688058958,24.617079950009938,1.3265215787532298,0.1668203198494833,0.22129075405485538
BGR,Bulgaria,2014,1.02444130051716,37.4,49097794392.256,7073572,6.73,37.4,0.03386147470586498,24.617079950009938,1.3265215787532298,0.1668203198494833,0.22129075405485538
BGR,Bulgaria,2015,1.75548173553612,38.6,50765918159.1476,6984225,7.14,38.6,0.5684235911252701,24.650491063996153,2.5265215787532327,0.5768203198494826,1.4573489851630594
BGR,Bulgaria,2015,1.36537468319476,38.6,50765918159.1476,6984225,7.14,38.6,0.3187261908669225,24.650491063996153,2.5265215787532327,0.5768203198494826,1.4573489851630594
BGR,Bulgaria,2015,0,38.6,50765918159.1476,6984225,7.14,38.6,-4.605170185988091,24.650491063996153,2.5265215787532327,0.5768203198494826,1.4573489851630594
BGR,Bulgaria,2016,1.10839328712128,40.6,52302413861.9149,6894139,7.01,40.6,0.11189309026308643,24.68030836109973,4.526521578753233,0.44682031984948267,2.0225418196241045
BGR,Bulgaria,2016,1.15048417144235,40.6,52302413861.9149,6894139,7.01,40.6,0.14883730721008215,24.68030836109973,4.526521578753233,0.44682031984948267,2.0225418196241045
BGR,Bulgaria,2016,0,40.6,52302413861.9149,6894139,7.01,40.6,-4.605170185988091,24.68030836109973,4.526521578753233,0.44682031984948267,2.0225418196241045
BGR,Bulgaria,2017,1.45569963291636,40.4,53738599840.5621,6803468,7.03,40.4,0.3823326936017177,24.707397385469108,4.32652157875323,0.46682031984948313,2.0197081872292735
BGR,Bulgaria,2017,1.07410846700625,40.4,53738599840.5621,6803468,7.03,40.4,0.08075795982548882,24.707397385469108,4.32652157875323,0.46682031984948313,2.0197081872292735
BGR,Bulgaria,2017,0,40.4,53738599840.5621,6803468,7.03,40.4,-4.605170185988091,24.707397385469108,4.32652157875323,0.46682031984948313,2.0197081872292735
BGR,Bulgaria,2018,1.30965598682543,41.3,54990790971.5665,6710798,7.03,41.3,0.27737108659067655,24.730431571279155,5.226521578753228,0.46682031984948313,2.4398464750938076
BGR,Bulgaria,2018,1.02494816360251,41.3,54990790971.5665,6710798,7.03,41.3,0.03435134198727746,24.730431571279155,5.226521578753228,0.46682031984948313,2.4398464750938076
BGR,Bulgaria,2018,0,41.3,54990790971.5665,6710798,7.03,41.3,-4.605170185988091,24.730431571279155,5.226521578753228,0.46682031984948313,2.4398464750938076
BGR,Bulgaria,2019,1.18988414972527,40.3,57076766353.313,6616726,7.03,40.3,0.18222501023787746,24.767662976817043,4.226521578753228,0.46682031984948313,1.9730261552443245
BGR,Bulgaria,2019,0.817149355835428,40.3,57076766353.313,6616726,7.03,40.3,-0.1897700007054196,24.767662976817043,4.226521578753228,0.46682031984948313,1.9730261552443245
BGR,Bulgaria,2019,0,40.3,57076766353.313,6616726,7.03,40.3,-4.605170185988091,24.767662976817043,4.226521578753228,0.46682031984948313,1.9730261552443245
BGR,Bulgaria,2020,0.995146569224991,40.5,55288418257.0389,6550696,6.71,40.5,0.005133370902283188,24.73582928876692,4.426521578753231,0.14682031984948285,0.6499033140131872
BGR,Bulgaria,2020,0.562474147822821,40.5,55288418257.0389,6550696,6.71,40.5,-0.5577877012146948,24.73582928876692,4.426521578753231,0.14682031984948285,0.6499033140131872
BGR,Bulgaria,2020,0,40.5,55288418257.0389,6550696,6.71,40.5,-4.605170185988091,24.73582928876692,4.426521578753231,0.14682031984948285,0.6499033140131872
BGR,Bulgaria,2021,1.29412653402161,39,59616490915.7479,6507301,6.64,39,0.2655334940894874,24.811198065962454,2.9265215787532313,0.07682031984948257,0.22481632372623592
BGR,Bulgaria,2021,0.814281864103482,39,59616490915.7479,6507301,6.64,39,-0.19324273947786486,24.811198065962454,2.9265215787532313,0.07682031984948257,0.22481632372623592
BGR,Bulgaria,2021,0,39,59616490915.7479,6507301,6.64,39,-4.605170185988091,24.811198065962454,2.9265215787532313,0.07682031984948257,0.22481632372623592
BGR,Bulgaria,2022,1.11341216291447,38.2,62051147380.8758,6465097,6.53,38.2,0.1163706279353401,24.851224839656943,2.126521578753234,-0.033179680150516866,-0.07055730581620447
BGR,Bulgaria,2022,0.644607041687323,38.2,62051147380.8758,6465097,6.53,38.2,-0.4237201597359419,24.851224839656943,2.126521578753234,-0.033179680150516866,-0.07055730581620447
BGR,Bulgaria,2022,0,38.2,62051147380.8758,6465097,6.53,38.2,-4.605170185988091,24.851224839656943,2.126521578753234,-0.033179680150516866,-0.07055730581620447
BGR,Bulgaria,2023,1.08890737415431,39.5,63094544094.4155,6446596,6.41,39.5,0.09431638993535875,24.867900138324497,3.4265215787532313,-0.15317968015051697,-0.5248734794622644
BGR,Bulgaria,2023,0.765178154811139,39.5,63094544094.4155,6446596,6.41,39.5,-0.25466239887083625,24.867900138324497,3.4265215787532313,-0.15317968015051697,-0.5248734794622644
BLR,Belarus,2006,10.1477554830144,28.3,41221322391.8597,9604924,3.34,28.3,2.3182375007184333,24.442221493210475,-7.773478421246768,-3.2231796801505173,25.055317691451105
BLR,Belarus,2008,5.79262527444136,27.8,49332527208.7462,9527985,3.34,27.8,1.7583104486690933,24.62184948154566,-8.273478421246768,-3.2231796801505173,26.666907531526363
BLR,Belarus,2010,4.22516594181188,28.6,53262115569.3291,9483836,3.34,28.6,1.4434225107630212,24.69849113808536,-7.473478421246767,-3.2231796801505173,24.08836378740595
BLR,Belarus,2011,3.93761674954488,27.2,56218149516.8364,9461643,3.16,27.2,1.3731120422758292,24.752505486849937,-8.87347842124677,-3.403179680150517,30.198041455441096
BLR,Belarus,2012,3.59291188230382,26.5,57178272607.7523,9446836,3.04,26.5,1.281742374709688,24.76943981365624,-9.573478421246769,-3.523179680150517,33.72908464209607
BLR,Belarus,2013,3.51842837615655,26.6,57749323051.4988,9443211,3.04,26.6,1.2608525525865941,24.779377464227643,-9.473478421246767,-3.523179680150517,33.37676667408101
BLR,Belarus,2014,3.58925893151456,27.2,58702836389.8022,9448515,3.69,27.2,1.280727971914493,24.795753882711928,-8.87347842124677,-2.873179680150517,25.495097892180308
BLR,Belarus,2014,4.89828277712576,27.2,58702836389.8022,9448515,3.69,27.2,1.5909241407402488,24.795753882711928,-8.87347842124677,-2.873179680150517,25.495097892180308
BLR,Belarus,2015,3.43617510284546,25.6,56454769844.7632,9461076,3.62,25.6,1.237264950176785,24.75670562077957,-10.473478421246767,-2.943179680150517,30.825328869908404
BLR,Belarus,2016,3.23189754442635,25.3,55028470318.3987,9469379,3.54,25.3,1.1761588202312465,24.731116530401103,-10.773478421246768,-3.023179680150517,32.5701610476533
BLR,Belarus,2016,4.5583440936046,25.3,55028470318.3987,9469379,3.54,25.3,1.5191507964880098,24.731116530401103,-10.773478421246768,-3.023179680150517,32.5701610476533
BLR,Belarus,2017,2.5274359757027,25.4,56421892161.1976,9458989,3.13,25.4,0.9311541127994248,24.756123079022736,-10.67347842124677,-3.4331796801505172,36.643969232349434
BLR,Belarus,2017,3.9069947791071,25.4,56421892161.1976,9458989,3.13,25.4,1.3653247218023106,24.756123079022736,-10.67347842124677,-3.4331796801505172,36.643969232349434
BLR,Belarus,2018,2.38395844908102,25.2,58198729025.2815,9438785,3.13,25.2,0.8729482507115672,24.787129353391766,-10.87347842124677,-3.4331796801505172,37.330605168379535
BLR,Belarus,2018,3.31222545580283,25.2,58198729025.2815,9438785,3.13,25.2,1.2006348763785253,24.787129353391766,-10.87347842124677,-3.4331796801505172,37.330605168379535
BLR,Belarus,2019,2.38463165310244,25.3,59040547731.7471,9419758,2.48,25.3,0.8732294207476277,24.801490294494833,-10.773478421246768,-4.083179680150517,43.99004817417487
BOL,Bolivia (Plurinational State of),2015,4.92977342561603,46.7,33000198248.9146,11014705,5.75,46.7,1.597319464888075,24.219779405937715,10.626521578753234,-0.8131796801505171,-8.641271418523123
BOL,Bolivia (Plurinational State of),2016,5.74238712195448,45.2,34407300587.1524,11180020,5.63,45.2,1.7496149203019158,24.26153460517964,9.126521578753234,-0.9331796801505172,-8.516684487747737
BOL,Bolivia (Plurinational State of),2016,0.0447226411367172,45.2,34407300587.1524,11180020,5.63,45.2,-2.9054777404452508,24.26153460517964,9.126521578753234,-0.9331796801505172,-8.516684487747737
BOL,Bolivia (Plurinational State of),2017,6.58463782839173,44.6,35850757840.6068,11344587,5.49,44.6,1.8862568685721348,24.302630542976612,8.526521578753233,-1.073179680150517,-9.150489700682874
BOL,Bolivia (Plurinational State of),2017,0.035259104837439,44.6,35850757840.6068,11344587,5.49,44.6,-3.095351417199492,24.302630542976612,8.526521578753233,-1.073179680150517,-9.150489700682874
BOL,Bolivia (Plurinational State of),2018,4.98767505522938,42.6,36878987707.3734,11508368,5.7,42.6,1.6089728153390883,24.33090778697646,6.526521578753233,-0.8631796801505169,-5.633560808843662
BOL,Bolivia (Plurinational State of),2018,0.0260679880935333,42.6,36878987707.3734,11508368,5.7,42.6,-3.3223495634561733,24.33090778697646,6.526521578753233,-0.8631796801505169,-5.633560808843662
BOL,Bolivia (Plurinational State of),2019,4.25827764835632,41.6,37434651169.5829,11671386,4.84,41.6,1.4512103848279119,24.345862614289477,5.526521578753233,-1.7231796801505173,-9.523189686420928
BOL,Bolivia (Plurinational State of),2019,9.75034197953619,41.6,37434651169.5829,11671386,4.84,41.6,2.2783274386980583,24.345862614289477,5.526521578753233,-1.7231796801505173,-9.523189686420928
BOL,Bolivia (Plurinational State of),2019,0.0257038892254908,41.6,37434651169.5829,11671386,4.84,41.6,-3.3324956542397817,24.345862614289477,5.526521578753233,-1.7231796801505173,-9.523189686420928
BOL,Bolivia (Plurinational State of),2020,3.62211536699793,43.6,32673162315.3388,11816299,5.08,43.6,1.2898152242758605,24.209819853569474,7.526521578753233,-1.483179680150517,-11.163183867821184
BOL,Bolivia (Plurinational State of),2020,9.19915748581017,43.6,32673162315.3388,11816299,5.08,43.6,2.220198367886323,24.209819853569474,7.526521578753233,-1.483179680150517,-11.163183867821184
BOL,Bolivia (Plurinational State of),2020,0.0761659773434145,43.6,32673162315.3388,11816299,5.08,43.6,-2.451479873616766,24.209819853569474,7.526521578753233,-1.483179680150517,-11.163183867821184
BOL,Bolivia (Plurinational State of),2021,3.50161189331694,40.9,35949969735.497,11937360,4.65,40.9,1.2560751609296954,24.305394079263237,4.82652157875323,-1.9131796801505168,-9.234003010278672
BOL,Bolivia (Plurinational State of),2021,0.0921476814030775,40.9,35949969735.497,11937360,4.65,40.9,-2.2813356559391287,24.305394079263237,4.82652157875323,-1.9131796801505168,-9.234003010278672
BOL,Bolivia (Plurinational State of),2022,4.01584677979597,41.2,37297165304.9227,12077154,4.51,41.2,1.3927352688172752,24.342183163521188,5.126521578753234,-2.0531796801505173,-10.52566993534929
BOL,Bolivia (Plurinational State of),2022,1.38277610768232,41.2,37297165304.9227,12077154,4.51,41.2,0.3312989551621002,24.342183163521188,5.126521578753234,-2.0531796801505173,-10.52566993534929
BOL,Bolivia (Plurinational State of),2022,0.0248402893595627,41.2,37297165304.9227,12077154,4.51,41.2,-3.3569808216487798,24.342183163521188,5.126521578753234,-2.0531796801505173,-10.52566993534929
BOL,Bolivia (Plurinational State of),2023,4.41843313132273,42.1,38235698454.9001,12244159,4.2,42.1,1.4880458265312195,24.367035430698273,6.026521578753233,-2.363179680150517,-14.241753336898253
BOL,Bolivia (Plurinational State of),2023,0.931056149668746,42.1,38235698454.9001,12244159,4.2,42.1,-0.06075247096574647,24.367035430698273,6.026521578753233,-2.363179680150517,-14.241753336898253
BOL,Bolivia (Plurinational State of),2023,0.0245014776228617,42.1,38235698454.9001,12244159,4.2,42.1,-3.366753126213821,24.367035430698273,6.026521578753233,-2.363179680150517,-14.241753336898253
BRA,Brazil,2006,26.3403064568888,55.6,1422677289673.84,186653106,7.38,55.6,3.2714799051621997,27.983561627640558,19.526521578753233,0.8168203198494828,15.949659601505044
BRA,Brazil,2008,26.3359303856077,54,1585904997750.07,190367302,7.38,54,3.271313818490613,28.0921763368112,17.92652157875323,0.8168203198494828,14.64274708974587
BRA,Brazil,2010,26.9945684769237,NA,1703150040806.99,193701929,7.12,53.3,3.2960060545401677,28.163500617549083,17.22652157875323,0.556820319849483,9.592077255375393
BRA,Brazil,2011,26.7470983503833,52.9,1770840429106.43,195284734,7.12,52.9,3.2867997970334053,28.202475368527754,16.82652157875323,0.556820319849483,9.369349127435601
BRA,Brazil,2012,28.6413621085766,53.4,1804861390164.77,196876111,7.12,53.4,3.355200985087388,28.221504912612243,17.32652157875323,0.556820319849483,9.647759287360342
BRA,Brazil,2013,28.6404106359245,52.7,1859094274383.73,198478299,7.12,52.7,3.3551677759000764,28.251110535799306,16.626521578753234,0.556820319849483,9.257985063465707
BRA,Brazil,2014,29.8537931807395,52.1,1868463286696.58,200085127,7.38,52.1,3.39664681621794,28.25613743713547,16.026521578753233,0.8168203198494828,13.090788482031853
BRA,Brazil,2014,0.0814653255061782,52.1,1868463286696.58,200085127,7.38,52.1,-2.3917953347393457,28.25613743713547,16.026521578753233,0.8168203198494828,13.090788482031853
BRA,Brazil,2015,28.8503019791216,51.9,1802211999456.42,201675532,6.96,51.9,3.362467016878009,28.220035914952028,15.82652157875323,0.39682031984948285,6.280285354985599
BRA,Brazil,2015,0.171562705980614,51.9,1802211999456.42,201675532,6.96,51.9,-1.7061541974477985,28.220035914952028,15.82652157875323,0.39682031984948285,6.280285354985599
BRA,Brazil,2016,30.1193623667804,53.4,1743173031878.48,203218114,6.9,53.4,3.40550019018281,28.186728149988177,17.32652157875323,0.33682031984948324,5.835924540034636
BRA,Brazil,2016,0.0954639311716669,53.4,1743173031878.48,203218114,6.9,53.4,-2.249386269150639,28.186728149988177,17.32652157875323,0.33682031984948324,5.835924540034636
BRA,Brazil,2017,31.1611756216413,53.3,1766232928473.27,204703445,6.86,53.3,3.4394938095146235,28.199870105490522,17.22652157875323,0.2968203198494832,5.113181644899558
BRA,Brazil,2018,27.1606152370358,53.9,1797736638146.82,206107261,6.97,53.9,3.302136067165536,28.217549566358947,17.82652157875323,0.40682031984948264,7.252191210472093
BRA,Brazil,2019,21.2445602088385,53.5,1819683008336.22,207455459,6.86,53.5,3.0565714704105433,28.229683430603846,17.42652157875323,0.2968203198494832,5.172545708869455
BRA,Brazil,2020,21.8129091470528,48.8,1760056385298.89,208660842,6.92,48.8,3.082960296314151,28.196366961567072,12.726521578753228,0.3568203198494828,4.541081500302072
BRA,Brazil,2021,20.5048626655709,52.9,1843880907790.44,209550294,6.86,52.9,3.0211496315295974,28.242893655349594,16.82652157875323,0.2968203198494832,4.994453516959765
BRA,Brazil,2022,20.0811754127452,51.9,1899505159031.73,210306415,6.78,51.9,3.0002806844695207,28.272614525564997,15.82652157875323,0.21682031984948313,3.431511470810022
BRA,Brazil,2023,19.2752957673079,51.5,1961080569227.7,211140729,6.68,51.5,2.9593429281932417,28.30451674808545,15.426521578753231,0.1168203198494826,1.8021311849948978
BTN,Bhutan,2008,2.62256292876172,NA,1384891723.57233,686351,4.3,38.24,0.9679578693031404,21.048887795603545,2.1665215787532333,-2.2631796801505173,-4.903227613641937
BTN,Bhutan,2010,2.28039770135912,NA,1668991759.59852,701632,4.68,38.519999999999996,0.8287254712032555,21.235485544285293,2.4465215787532273,-1.8831796801505174,-4.607239724157841
BTN,Bhutan,2011,4.51100049761974,NA,1810676784.15218,709377,4.57,38.66,1.5087333183809735,21.316966526231997,2.586521578753228,-1.9931796801505168,-5.1554022530417685
BTN,Bhutan,2012,4.60071701477597,38.8,1904194983.13207,717279,4.65,38.8,1.528383379572858,21.367325175179513,2.7265215787532284,-1.9131796801505168,-5.216325681962584
BTN,Bhutan,2013,3.30909878073498,NA,1937258289.82484,725273,4.82,38.449999999999996,1.1996932944928973,21.3845395577706,2.376521578753227,-1.7431796801505168,-4.142704125521852
BTN,Bhutan,2015,1.62026847848689,NA,2187815803.36833,740618,4.93,38.099999999999994,0.48874471198350167,21.50616953303019,2.0265215787532256,-1.6331796801505174,-3.3096738638063146
BTN,Bhutan,2016,1.20342414282773,NA,2373253832.39027,747866,4.93,37.75,0.19344623316983006,21.58752777555276,1.6765215787532313,-1.6331796801505174,-2.7380609757536427
BTN,Bhutan,2017,1.72337338408889,37.4,2422779966.72395,754335,5.08,37.4,0.5500694428574566,21.608181464390665,1.3265215787532298,-1.483179680150517,-1.9674698508879744
CAN,Canada,2006,1.85596882167745,34.1,1357030300367.79,32571193,9.07,34.1,0.6237803936453951,27.9363198254692,-1.9734784212467673,2.506820319849483,-4.947155807165874
CAN,Canada,2006,0.503675749303912,34.1,1357030300367.79,32571193,9.07,34.1,-0.6661630505190729,27.9363198254692,-1.9734784212467673,2.506820319849483,-4.947155807165874
CAN,Canada,2008,1.83562569798247,33.9,1398632992945.77,33247298,9.07,33.9,0.61281835169815,27.966516441917754,-2.17347842124677,2.506820319849483,-5.448519871135778
CAN,Canada,2008,0.403598484084094,33.9,1398632992945.77,33247298,9.07,33.9,-0.8828596209684885,27.966516441917754,-2.17347842124677,2.506820319849483,-5.448519871135778
CAN,Canada,2010,1.62880268220815,33.6,1399830508940.89,34005902,9.08,33.6,0.49396590337959234,27.967372280178576,-2.4734784212467673,2.516820319849483,-6.225300751303083
CAN,Canada,2010,0.42693930269729,33.6,1399830508940.89,34005902,9.08,33.6,-0.8279609889629526,27.967372280178576,-2.4734784212467673,2.516820319849483,-6.225300751303083
CAN,Canada,2011,1.76238467720832,32.7,1443745913580.69,34339221,9.08,32.7,0.5723259150837103,27.998262180792207,-3.373478421246766,2.516820319849483,-8.490439039167613
CAN,Canada,2011,0.419615399335315,32.7,1443745913580.69,34339221,9.08,32.7,-0.8448648906773303,27.998262180792207,-3.373478421246766,2.516820319849483,-8.490439039167613
CAN,Canada,2012,1.57205168149969,33.5,1469093201732.39,34713395,9.08,33.5,0.45872253726931234,28.015666456807075,-2.5734784212467687,2.516820319849483,-6.476982783288035
CAN,Canada,2012,0.38084312138335,33.5,1469093201732.39,34713395,9.08,33.5,-0.9394490235921938,28.015666456807075,-2.5734784212467687,2.516820319849483,-6.476982783288035
CAN,Canada,2013,1.44219466327057,33.8,1503261570451.97,35080992,9.08,33.8,0.3730759730299534,28.038658243794373,-2.2734784212467716,2.516820319849483,-5.721936687333197
CAN,Canada,2013,0.413674697126725,33.8,1503261570451.97,35080992,9.08,33.8,-0.8587893419746748,28.038658243794373,-2.2734784212467716,2.516820319849483,-5.721936687333197
CAN,Canada,2013,0.00566677667296883,33.8,1503261570451.97,35080992,9.08,33.8,-4.156212944285978,28.038658243794373,-2.2734784212467716,2.516820319849483,-5.721936687333197
CAN,Canada,2014,1.47330111088167,33.2,1546457292263.22,35434066,9.08,33.2,0.39427008427297006,28.06698781295353,-2.873478421246766,2.516820319849483,-7.232028879242873
CAN,Canada,2014,0.303079085667086,33.2,1546457292263.22,35434066,9.08,33.2,-1.161299450494743,28.06698781295353,-2.873478421246766,2.516820319849483,-7.232028879242873
CAN,Canada,2014,0.00280628783025079,33.2,1546457292263.22,35434066,9.08,33.2,-4.357818991935489,28.06698781295353,-2.873478421246766,2.516820319849483,-7.232028879242873
CAN,Canada,2015,1.69900457240782,33.7,1556508816217.14,35704498,9.08,33.7,0.535911079617189,28.073466490941257,-2.373478421246766,2.516820319849483,-5.973618719318131
CAN,Canada,2015,0.00834208464357359,33.7,1556508816217.14,35704498,9.08,33.7,-3.9985571521153505,28.073466490941257,-2.373478421246766,2.516820319849483,-5.973618719318131
CAN,Canada,2016,1.69447965211893,32.7,1572673952924.25,36110803,9.15,32.7,0.5332598747826645,28.08379844129427,-3.373478421246766,2.5868203198494832,-8.72658252865489
CAN,Canada,2016,0.387859790501248,32.7,1572673952924.25,36110803,9.15,32.7,-0.9216556209374417,28.08379844129427,-3.373478421246766,2.5868203198494832,-8.72658252865489
CAN,Canada,2016,0,32.7,1572673952924.25,36110803,9.15,32.7,-4.605170185988091,28.08379844129427,-3.373478421246766,2.5868203198494832,-8.72658252865489
CAN,Canada,2017,1.80664809278477,33.3,1620386284360.03,36545075,9.15,33.3,0.5969930957996035,28.11368568388466,-2.7734784212467716,2.5868203198494832,-7.1744903367452135
CAN,Canada,2017,0.472716944578271,33.3,1620386284360.03,36545075,9.15,33.3,-0.7283248331856528,28.11368568388466,-2.7734784212467716,2.5868203198494832,-7.1744903367452135
CAN,Canada,2017,0.00543352809860082,33.3,1620386284360.03,36545075,9.15,33.3,-4.171212986857936,28.11368568388466,-2.7734784212467716,2.5868203198494832,-7.1744903367452135
CAN,Canada,2018,1.77503663024043,32.5,1664832887873.71,37072620,9.15,32.5,0.5794389361641447,28.14074586668037,-3.5734784212467687,2.5868203198494832,-9.243946592624793
CAN,Canada,2018,0.0134066210743235,32.5,1664832887873.71,37072620,9.15,32.5,-3.754736344747652,28.14074586668037,-3.5734784212467687,2.5868203198494832,-9.243946592624793
CAN,Canada,2019,1.82357460879594,31.8,1696605090551.84,37618495,9.22,31.8,0.6062673997089493,28.15965036475869,-4.273478421246768,2.6568203198494835,-11.353864306006704
CAN,Canada,2019,0.476405558176007,31.8,1696605090551.84,37618495,9.22,31.8,-0.7207125212244024,28.15965036475869,-4.273478421246768,2.6568203198494835,-11.353864306006704
CAN,Canada,2019,0.010586790181689,31.8,1696605090551.84,37618495,9.22,31.8,-3.8831056621935156,28.15965036475869,-4.273478421246768,2.6568203198494835,-11.353864306006704
CAN,Canada,2020,2.00409191032713,29.9,1611126165625.03,38028638,9.24,29.9,0.7001684289686629,28.107954532156253,-6.17347842124677,2.676820319849483,-16.525292482145662
CAN,Canada,2020,0.30650817452062,29.9,1611126165625.03,38028638,9.24,29.9,-1.1504062098621823,28.107954532156253,-6.17347842124677,2.676820319849483,-16.525292482145662
CAN,Canada,2020,0.00523945597471145,29.9,1611126165625.03,38028638,9.24,29.9,-4.1838674265582085,28.107954532156253,-6.17347842124677,2.676820319849483,-16.525292482145662
CAN,Canada,2021,2.08300518200199,31.1,1706996679677.69,38239864,8.87,31.1,0.7386009193337025,28.165756614617514,-4.973478421246767,2.306820319849482,-11.472921082464966
CAN,Canada,2021,0.275653619590776,31.1,1706996679677.69,38239864,8.87,31.1,-1.252975322473162,28.165756614617514,-4.973478421246767,2.306820319849482,-11.472921082464966
CAN,Canada,2021,0.01300252922598,31.1,1706996679677.69,38239864,8.87,31.1,-3.7721511027518866,28.165756614617514,-4.973478421246767,2.306820319849482,-11.472921082464966
CAN,Canada,2022,2.27195104620383,31.5,1778503389905,38935934,8.88,31.5,0.8250307990642224,28.206793334380336,-4.573478421246769,2.3168203198494837,-10.59592773873765
CAN,Canada,2022,0.363203058406735,31.5,1778503389905,38935934,8.88,31.5,-0.9856326149548135,28.206793334380336,-4.573478421246769,2.3168203198494837,-10.59592773873765
CAN,Canada,2022,0.0180313575095542,31.5,1778503389905,38935934,8.88,31.5,-3.5744314843840073,28.206793334380336,-4.573478421246769,2.3168203198494837,-10.59592773873765
CHE,Switzerland,2006,0.72206906483632,33.9,590436050732.85,7483934,9.02,33.9,-0.3118804186022991,27.104127169907873,-2.17347842124677,2.4568203198494825,-5.339845950073438
CHE,Switzerland,2008,0.523441818395002,33.8,630788402145.885,7647675,9.15,33.8,-0.6284052706166507,27.170236305921257,-2.2734784212467716,2.5868203198494832,-5.881080176820472
CHE,Switzerland,2010,0.664472756521145,32.6,636285783946.788,7824909,9.09,32.6,-0.39382399477844865,27.178913645189212,-3.4734784212467673,2.5268203198494827,-8.776855855365033
CHE,Switzerland,2010,0.61335946755798,32.6,636285783946.788,7824909,9.09,32.6,-0.47263193211690396,27.178913645189212,-3.4734784212467673,2.5268203198494827,-8.776855855365033
CHE,Switzerland,2011,0.581221136763671,31.7,647822334336.491,7912398,9.09,31.7,-0.5255651576806281,27.19688232029909,-4.3734784212467694,2.5268203198494827,-11.050994143229573
CHE,Switzerland,2011,0.379057263106742,31.7,647822334336.491,7912398,9.09,31.7,-0.9440287402674925,27.19688232029909,-4.3734784212467694,2.5268203198494827,-11.050994143229573
CHE,Switzerland,2012,0.562575490598645,31.6,655461804171.543,7996861,9.09,31.6,-0.5576106909390036,27.208605868691233,-4.473478421246767,2.5268203198494827,-11.303676175214516
CHE,Switzerland,2012,0.51256878032321,31.6,655461804171.543,7996861,9.09,31.6,-0.6489986668243383,27.208605868691233,-4.473478421246767,2.5268203198494827,-11.303676175214516
CHE,Switzerland,2013,0.704468878665988,32.5,667208623614.234,8089346,9.09,32.5,-0.33621583936141664,27.226368612988708,-3.5734784212467687,2.5268203198494827,-9.029537887349985
CHE,Switzerland,2013,0.420209506572695,32.5,667208623614.234,8089346,9.09,32.5,-0.8434829643622259,27.226368612988708,-3.5734784212467687,2.5268203198494827,-9.029537887349985
CHE,Switzerland,2014,0.500596106180341,32.5,682887235059.834,8188649,9.09,32.5,-0.6721764001726113,27.249595580484886,-3.5734784212467687,2.5268203198494827,-9.029537887349985
CHE,Switzerland,2014,0.463967122801292,32.5,682887235059.834,8188649,9.09,32.5,-0.7466173208713672,27.249595580484886,-3.5734784212467687,2.5268203198494827,-9.029537887349985
CHE,Switzerland,2015,0.688078876533782,32.3,694118186379.628,8282396,9.09,32.3,-0.3594231789741337,27.26590808033125,-3.7734784212467716,2.5268203198494827,-9.534901951319888
CHE,Switzerland,2015,0.289717421698435,32.3,694118186379.628,8282396,9.09,32.3,-1.204915175890454,27.26590808033125,-3.7734784212467716,2.5268203198494827,-9.534901951319888
CHE,Switzerland,2016,0.537319784436855,33,708477337740.424,8373338,9.09,33,-0.6027220323227301,27.28638390931353,-3.0734784212467687,2.5268203198494827,-7.766127727425244
CHE,Switzerland,2016,0.322391870662113,33,708477337740.424,8373338,9.09,33,-1.101440672791747,27.28638390931353,-3.0734784212467687,2.5268203198494827,-7.766127727425244
CHE,Switzerland,2017,0.532315829369355,32.7,718132464454.115,8451840,9.03,32.7,-0.6119067362390587,27.299919879861452,-3.373478421246766,2.4668203198494822,-8.321765118105274
CHE,Switzerland,2017,0.390364941537527,32.7,718132464454.115,8451840,9.03,32.7,-0.9153787939721343,27.299919879861452,-3.373478421246766,2.4668203198494822,-8.321765118105274
CHE,Switzerland,2018,0.587106357663197,33.1,738674254331.744,8514329,9.03,33.1,-0.5156600279172988,27.32812286820248,-2.9734784212467673,2.4668203198494822,-7.335036990165484
CHE,Switzerland,2018,0.410974450364238,33.1,738674254331.744,8514329,9.03,33.1,-0.8651831351122761,27.32812286820248,-2.9734784212467673,2.4668203198494822,-7.335036990165484
CHE,Switzerland,2019,0.53628529631628,34,747109782755.794,8575280,9.03,34,-0.6046139189778633,27.339477976148146,-2.0734784212467687,2.4668203198494822,-5.114898702300954
CHE,Switzerland,2019,0.291459400171891,34,747109782755.794,8575280,9.03,34,-1.1991199313453444,27.339477976148146,-2.0734784212467687,2.4668203198494822,-5.114898702300954
CHE,Switzerland,2020,0.543944872228796,33.7,731108655210.761,8638167,8.83,33.7,-0.5906901057984454,27.317827924789697,-2.373478421246766,2.266820319849483,-5.38024911400644
CHE,Switzerland,2020,0.266185788537496,33.7,731108655210.761,8638167,8.83,33.7,-1.2866814928517367,27.317827924789697,-2.373478421246766,2.266820319849483,-5.38024911400644
CHE,Switzerland,2021,0.482369204585241,33.8,771755519734.1,8704546,8.9,33.8,-0.7085264280873427,27.371933652533876,-2.2734784212467716,2.3368203198494832,-5.312710571508779
CHE,Switzerland,2021,0.401974337154367,33.8,771755519734.1,8704546,8.9,33.8,-0.8867942200328917,27.371933652533876,-2.2734784212467716,2.3368203198494832,-5.312710571508779
CHE,Switzerland,2022,0.477697117734824,33.8,795248228754.84,8777088,9.14,33.8,-0.7180607261978361,27.401920140292255,-2.2734784212467716,2.5768203198494835,-5.858345392608005
CHE,Switzerland,2022,0.295717263359653,33.8,795248228754.84,8777088,9.14,33.8,-1.1850945801075046,27.401920140292255,-2.2734784212467716,2.5768203198494835,-5.858345392608005
CHL,Chile,2006,3.57376612166027,47.7,175189211415.667,16509195,7.89,47.7,1.2764142367502198,25.88913243487496,11.626521578753234,1.3268203198494826,15.426305079858277
CHL,Chile,2008,3.4918963063576,NA,191225100461.158,16838988,7.89,47.52,1.2533046235902146,25.976717107509977,11.446521578753234,1.3268203198494826,15.18747742228537
CHL,Chile,2008,7.79144209853941,NA,191225100461.158,16838988,7.89,47.46,2.054308601034656,25.976717107509977,11.386521578753232,1.3268203198494826,15.107868203094398
CHL,Chile,2010,3.14874215608169,NA,200151851762.225,17181464,7.67,47.275,1.1501738964822616,26.022342174214415,11.20152157875323,1.1068203198494828,12.398071696596533
CHL,Chile,2010,9.78379956446086,NA,200151851762.225,17181464,7.67,47.15,2.281749487935002,26.022342174214415,11.07652157875323,1.1068203198494828,12.259719156615349
CHL,Chile,2010,0.232809031872953,NA,200151851762.225,17181464,7.67,47.025,-1.4154800216708892,26.022342174214415,10.95152157875323,1.1068203198494828,12.121366616634162
CHL,Chile,2011,3.66532251337043,46.9,212609096429.355,17351816,7.54,46.9,1.30164088755448,26.082721088530448,10.82652157875323,0.9768203198494829,10.57556627141506
CHL,Chile,2011,7.0136753125343,46.9,212609096429.355,17351816,7.54,46.9,1.9492866298279263,26.082721088530448,10.82652157875323,0.9768203198494829,10.57556627141506
CHL,Chile,2011,0.305443542780869,46.9,212609096429.355,17351816,7.54,46.9,-1.1537755582405163,26.082721088530448,10.82652157875323,0.9768203198494829,10.57556627141506
CHL,Chile,2012,2.47729352143792,NA,225695909224.96,17519119,7.54,46.875,0.9111951801482665,26.142454395771615,10.801521578753231,0.9768203198494829,10.551145763418823
CHL,Chile,2012,8.62486292832419,NA,225695909224.96,17519119,7.54,46.849999999999994,2.155807837509035,26.142454395771615,10.776521578753226,0.9768203198494829,10.52672525542258
CHL,Chile,2012,0.239738082719799,NA,225695909224.96,17519119,7.54,46.824999999999996,-1.3873425794296004,26.142454395771615,10.751521578753227,0.9768203198494829,10.502304747426345
CHL,Chile,2013,3.14355060592079,46.8,233163076995.037,17687006,7.8,46.8,1.1485289945338866,26.1750039469617,10.726521578753228,1.2368203198494827,13.266779849905946
CHL,Chile,2013,8.21507019856639,46.8,233163076995.037,17687006,7.8,46.8,2.107186831395123,26.1750039469617,10.726521578753228,1.2368203198494827,13.266779849905946
CHL,Chile,2013,0.209193115861635,46.8,233163076995.037,17687006,7.8,46.8,-1.5178021301421634,26.1750039469617,10.726521578753228,1.2368203198494827,13.266779849905946
CHL,Chile,2014,2.4518317226161,NA,237342873662.271,17864195,7.8,46.425,0.9009056755546944,26.192771656897545,10.351521578753228,1.2368203198494827,12.802972229962391
CHL,Chile,2014,6.15756825314547,NA,237342873662.271,17864195,7.8,46.05,1.8193046359423002,26.192771656897545,9.976521578753228,1.2368203198494827,12.339164610018834
CHL,Chile,2014,0.347062937904563,NA,237342873662.271,17864195,7.8,45.675,-1.0298432160894895,26.192771656897545,9.601521578753228,1.2368203198494827,11.875356990075279
CHL,Chile,2015,2.32163505387454,45.3,242450355830.884,18047625,7.84,45.3,0.8465697613336384,26.214062808143154,9.226521578753228,1.2768203198494827,11.780610233281852
CHL,Chile,2015,6.17809805505993,45.3,242450355830.884,18047625,7.84,45.3,1.8226277785872012,26.214062808143154,9.226521578753228,1.2768203198494827,11.780610233281852
CHL,Chile,2015,0.332453706998741,45.3,242450355830.884,18047625,7.84,45.3,-1.0716187924625413,26.214062808143154,9.226521578753228,1.2768203198494827,11.780610233281852
CHL,Chile,2016,3.39405749254204,NA,246700604515.86,18267221,7.78,45.3,1.2249681002694501,26.231441310887558,9.226521578753228,1.2168203198494831,11.227018938556661
CHL,Chile,2016,8.15668655465748,NA,246700604515.86,18267221,7.78,45.3,2.1000632641437873,26.231441310887558,9.226521578753228,1.2168203198494831,11.227018938556661
CHL,Chile,2016,0.312034317862736,NA,246700604515.86,18267221,7.78,45.3,-1.1330971619032106,26.231441310887558,9.226521578753228,1.2168203198494831,11.227018938556661
CHL,Chile,2017,4.19745439747334,45.3,250050047209.619,18558868,7.84,45.3,1.4368578086339134,26.24492692361202,9.226521578753228,1.2768203198494827,11.780610233281852
CHL,Chile,2017,4.703950820275,45.3,250050047209.619,18558868,7.84,45.3,1.550526371764355,26.24492692361202,9.226521578753228,1.2768203198494827,11.780610233281852
CHL,Chile,2017,0.264024731034908,45.3,250050047209.619,18558868,7.84,45.3,-1.2945369174156989,26.24492692361202,9.226521578753228,1.2768203198494827,11.780610233281852
CHL,Chile,2018,4.36665251518391,NA,260027117802.785,18893191,7.97,45.54285714285714,1.4762841662485062,26.284051761764633,9.469378721610369,1.4068203198494826,13.321714401911784
CHL,Chile,2018,4.27667300881042,NA,260027117802.785,18893191,7.97,45.785714285714285,1.4555109096450327,26.284051761764633,9.712235864467516,1.4068203198494826,13.663370765303807
CHL,Chile,2018,0.243473958422376,NA,260027117802.785,18893191,7.97,46.028571428571425,-1.3724941893446534,26.284051761764633,9.955093007324656,1.4068203198494826,14.00502712869582
CHL,Chile,2019,4.81306553520039,NA,261676645417.276,19197744,8.08,46.27142857142857,1.5734097290518245,26.290375400686223,10.197950150181804,1.516820319849483,15.468458008607845
CHL,Chile,2019,4.37551412290944,NA,261676645417.276,19197744,8.08,46.51428571428571,1.478306864768825,26.290375400686223,10.440807293038944,1.516820319849483,15.836828657714145
CHL,Chile,2019,0.229193596914304,NA,261676645417.276,19197744,8.08,46.75714285714286,-1.4304820260168596,26.290375400686223,10.683664435896091,1.516820319849483,16.205199306820454
CHL,Chile,2020,5.75613878004137,47,245600606668.884,19370624,8.28,47,1.752002667612199,26.226972503366525,10.926521578753231,1.7168203198494822,18.758874271677392
CHL,Chile,2020,2.92195026861293,47,245600606668.884,19370624,8.28,47,1.0756678222887854,26.226972503366525,10.926521578753231,1.7168203198494822,18.758874271677392
CHL,Chile,2020,0.32007229090813,47,245600606668.884,19370624,8.28,47,-1.1084435851545151,26.226972503366525,10.926521578753231,1.7168203198494822,18.758874271677392
CHL,Chile,2021,4.65658124495601,NA,273390120031.28,19456334,7.92,46.05,1.5404267361273332,26.334165623170268,9.976521578753228,1.3568203198494828,13.536347199469223
CHL,Chile,2021,5.02664068164126,NA,273390120031.28,19456334,7.92,45.1,1.6167393284320704,26.334165623170268,9.026521578753233,1.3568203198494828,12.24736789561222
CHL,Chile,2021,0.246706291123497,NA,273390120031.28,19456334,7.92,44.150000000000006,-1.3598226837174,26.334165623170268,8.076521578753237,1.3568203198494828,10.958388591755217
CHL,Chile,2022,6.80201256720408,43.2,279278925615.692,19553036,8.22,43.2,1.9186876076613473,26.355476852756745,7.126521578753234,1.6568203198494835,11.80736576152418
CHL,Chile,2022,5.93258238944115,43.2,279278925615.692,19553036,8.22,43.2,1.7821437845971868,26.355476852756745,7.126521578753234,1.6568203198494835,11.80736576152418
CHL,Chile,2022,0.148314559736029,43.2,279278925615.692,19553036,8.22,43.2,-1.843171340733832,26.355476852756745,7.126521578753234,1.6568203198494835,11.80736576152418
CHN,China,2008,1.11041885098023,43,6373544042638.01,1324655000,3.04,43,0.11370258948561378,29.483176795420558,6.926521578753231,-3.523179680150517,-24.403380080387464
CHN,China,2010,0.992185694923539,43.7,7711689202853.29,1337705000,3.14,43.7,0.002183309767240031,29.673758371964812,7.626521578753234,-3.423179680150517,-26.106953698617513
CHN,China,2010,0.834294250257854,43.7,7711689202853.29,1337705000,3.14,43.7,-0.16925420739992475,29.673758371964812,7.626521578753234,-3.423179680150517,-26.106953698617513
CHN,China,2011,0.883293080721741,42.4,8441318020902.42,1345035000,3.14,42.4,-0.11284055405410037,29.76415957595818,6.32652157875323,-3.423179680150517,-21.656820114421826
CHN,China,2011,0.766843955473032,42.4,8441318020902.42,1345035000,3.14,42.4,-0.2525157782904728,29.76415957595818,6.32652157875323,-3.423179680150517,-21.656820114421826
CHN,China,2012,0.824083830524219,42.2,9104482675356.36,1354190000,3,42.2,-0.18142136545871676,29.839788009850484,6.126521578753234,-3.563179680150517,-21.82989719941719
CHN,China,2012,0.84489402826473,42.2,9104482675356.36,1354190000,3,42.2,-0.15677776127703671,29.839788009850484,6.126521578753234,-3.563179680150517,-21.82989719941719
CHN,China,2013,0.771569105292682,39.7,9812695262900.89,1363240000,3,39.7,-0.2464517065518364,29.914698098242997,3.626521578753234,-3.563179680150517,-12.921947999040897
CHN,China,2013,0.765695317930962,39.7,9812695262900.89,1363240000,3,39.7,-0.2539954674311257,29.914698098242997,3.626521578753234,-3.563179680150517,-12.921947999040897
CHN,China,2014,0.726466059590713,39.2,10544908798424,1371860000,3,39.2,-0.305892127521211,29.98666428102378,3.126521578753234,-3.563179680150517,-11.140358158965638
CHN,China,2014,0.63179419582971,39.2,10544908798424,1371860000,3,39.2,-0.4434875939282806,29.98666428102378,3.126521578753234,-3.563179680150517,-11.140358158965638
CHN,China,2015,0.658962453224414,38.6,11280814787468.9,1379860000,3.14,38.6,-0.40202734415922686,30.05412459232143,2.5265215787532327,-3.423179680150517,-8.64873732984987
CHN,China,2015,0.583110144749995,38.6,11280814787468.9,1379860000,3.14,38.6,-0.5223751556639525,30.05412459232143,2.5265215787532327,-3.423179680150517,-8.64873732984987
CHN,China,2016,0.614934212808057,38.5,12045152668727.3,1387790000,3.14,38.5,-0.47010889429301495,30.119683426778263,2.4265215787532313,-3.423179680150517,-8.306419361834815
CHN,China,2016,0.487446114484403,38.5,12045152668727.3,1387790000,3.14,38.5,-0.698268040843887,30.119683426778263,2.4265215787532313,-3.423179680150517,-8.306419361834815
CHN,China,2016,2.84889605192521e-4,38.5,12045152668727.3,1387790000,3.14,38.5,-4.577079489508714,30.119683426778263,2.4265215787532313,-3.423179680150517,-8.306419361834815
CHN,China,2017,0.565721900260259,39.1,12875216222853.4,1396215000,3.1,39.1,-0.5521305469256734,30.18632535634536,3.0265215787532327,-3.463179680150517,-10.481388033075259
CHN,China,2017,0.5130439160558,39.1,12875216222853.4,1396215000,3.1,39.1,-0.6480898489284984,30.18632535634536,3.0265215787532327,-3.463179680150517,-10.481388033075259
CHN,China,2018,0.530299683323493,38.5,13745158275136.7,1402760000,3.32,38.5,-0.6156313242446467,30.2517077525858,2.4265215787532313,-3.2431796801505173,-7.869645477659232
CHN,China,2019,0.518362801144556,38.2,14579283528148.4,1407745000,2.26,38.2,-0.6379721078572207,30.310622700571052,2.126521578753234,-4.303179680150517,-9.150804447092515
CHN,China,2020,0.5018560705357,37.1,14920466234565.3,1411100000,2.27,37.1,-0.6697118056970409,30.333754959181427,1.0265215787532327,-4.2931796801505175,-4.407041583139407
CHN,China,2022,0.475168192647589,36,16706875253648.5,1412175000,1.94,36,-0.7232596591979472,30.446841442464667,-0.07347842124676873,-4.623179680150518,0.3397039440376013
COL,Colombia,2008,36.8840024517578,55,220919487240.849,43758808,6.54,55,3.608049002653492,26.121064160959364,18.92652157875323,-0.02317968015051708,-0.43871071655735944
COL,Colombia,2008,7.53219777453493,55,220919487240.849,43758808,6.54,55,2.02051362158104,26.121064160959364,18.92652157875323,-0.02317968015051708,-0.43871071655735944
COL,Colombia,2010,34.5241750628259,54.4,233479933032.173,44777319,6.55,54.4,3.541949415266377,26.17636197045728,18.32652157875323,-0.013179680150517292,-0.24153769267952077
COL,Colombia,2010,8.76336522068237,54.4,233479933032.173,44777319,6.55,54.4,2.1717204523586595,26.17636197045728,18.32652157875323,-0.013179680150517292,-0.24153769267952077
COL,Colombia,2011,35.6322084408409,53.3,249701866578.277,45259614,6.63,53.3,3.573530565914069,26.243533509487648,17.22652157875323,0.06682031984948278,1.1510816817863079
COL,Colombia,2011,9.53388599381338,53.3,249701866578.277,45259614,6.63,53.3,2.255900739398764,26.243533509487648,17.22652157875323,0.06682031984948278,1.1510816817863079
COL,Colombia,2012,35.9613009153726,53.6,259471791121.288,45715810,6.63,53.6,3.5827214237305594,26.281913828908646,17.526521578753233,0.06682031984948278,1.1711277777411528
COL,Colombia,2012,9.0165743535989,53.6,259471791121.288,45715810,6.63,53.6,2.2001729326174932,26.281913828908646,17.526521578753233,0.06682031984948278,1.1711277777411528
COL,Colombia,2013,33.4159707994424,53.5,272793056063.57,46151584,6.55,53.5,3.5093331666781986,26.331979308279326,17.42652157875323,-0.013179680150517292,-0.22967598054405522
COL,Colombia,2013,8.13406525619938,53.5,272793056063.57,46151584,6.55,53.5,2.097289472570684,26.331979308279326,17.42652157875323,-0.013179680150517292,-0.22967598054405522
COL,Colombia,2013,0.088837686602071,53.5,272793056063.57,46151584,6.55,53.5,-2.314276303618532,26.331979308279326,17.42652157875323,-0.013179680150517292,-0.22967598054405522
COL,Colombia,2014,28.654305199833,53.6,285066097496.814,46565429,6.55,53.6,3.3556526274422356,26.375986911366986,17.526521578753233,-0.013179680150517292,-0.230993948559107
COL,Colombia,2014,7.82125305686814,53.6,285066097496.814,46565429,6.55,53.6,2.0581225300044657,26.375986911366986,17.526521578753233,-0.013179680150517292,-0.230993948559107
COL,Colombia,2014,0.100933249223724,53.6,285066097496.814,46565429,6.55,53.6,-2.198826616903084,26.375986911366986,17.526521578753233,-0.013179680150517292,-0.230993948559107
COL,Colombia,2015,27.2152782480106,52,293492370193.166,46969940,6.62,52,3.3041458890793995,26.405117479941964,15.926521578753231,0.05682031984948299,0.9049500501944514
COL,Colombia,2015,9.39324162013788,52,293492370193.166,46969940,6.62,52,2.2410544830339156,26.405117479941964,15.926521578753231,0.05682031984948299,0.9049500501944514
COL,Colombia,2015,0.100063997313346,52,293492370193.166,46969940,6.62,52,-2.2066932886084043,26.405117479941964,15.926521578753231,0.05682031984948299,0.9049500501944514
COL,Colombia,2016,26.1438669043183,51.7,299618678572.191,47437512,6.67,51.7,3.2639970535487612,26.42577643168012,15.626521578753234,0.10682031984948281,1.6692300331772656
COL,Colombia,2016,0.120158072371081,51.7,299618678572.191,47437512,6.67,51.7,-2.039005625868473,26.42577643168012,15.626521578753234,0.10682031984948281,1.6692300331772656
COL,Colombia,2017,25.5510587151196,50.9,303691577641.583,48131078,6.67,50.9,3.2410700494308444,26.439278476119597,14.82652157875323,0.10682031984948281,1.583773777297679
COL,Colombia,2017,9.48243876856446,50.9,303691577641.583,48131078,6.67,50.9,2.250495562596243,26.439278476119597,14.82652157875323,0.10682031984948281,1.583773777297679
COL,Colombia,2017,0.101805324202379,50.9,303691577641.583,48131078,6.67,50.9,-2.190996096833527,26.439278476119597,14.82652157875323,0.10682031984948281,1.583773777297679
COL,Colombia,2018,23.8207594532571,51.6,311479214511.795,49024465,6.96,51.6,3.1709771602317423,26.464598445858627,15.526521578753233,0.39682031984948285,6.161239259030755
COL,Colombia,2018,9.0465035258773,51.6,311479214511.795,49024465,6.96,51.6,2.203483121270838,26.464598445858627,15.526521578753233,0.39682031984948285,6.161239259030755
COL,Colombia,2018,0.0101989893189147,51.6,311479214511.795,49024465,6.96,51.6,-3.9021227095438,26.464598445858627,15.526521578753233,0.39682031984948285,6.161239259030755
COL,Colombia,2019,23.3990612924966,52.5,321405606655.842,49907985,7.13,52.5,3.1531231821297174,26.495969734577578,16.42652157875323,0.5668203198494828,9.310886215283338
COL,Colombia,2019,0.0100184369294813,52.5,321405606655.842,49907985,7.13,52.5,-3.911101583593594,26.495969734577578,16.42652157875323,0.5668203198494828,9.310886215283338
COL,Colombia,2020,22.6427030734102,54.4,298309675728.093,50629997,7.04,54.4,3.1202791857978864,26.421397964173362,18.32652157875323,0.4768203198494829,8.738457880909566
COL,Colombia,2020,6.37369180197965,54.4,298309675728.093,50629997,7.04,54.4,1.853746582349893,26.421397964173362,18.32652157875323,0.4768203198494829,8.738457880909566
COL,Colombia,2020,0.0770294329957255,54.4,298309675728.093,50629997,7.04,54.4,-2.441508907245882,26.421397964173362,18.32652157875323,0.4768203198494829,8.738457880909566
COL,Colombia,2021,25.5801274097033,55.1,330530695024.886,51188173,6.48,55.1,3.2422066290457154,26.523965366433558,19.026521578753233,-0.08317968015051669,-1.5826199792975977
COL,Colombia,2021,5.68686046201668,55.1,330530695024.886,51188173,6.48,55.1,1.739915226959165,26.523965366433558,19.026521578753233,-0.08317968015051669,-1.5826199792975977
COL,Colombia,2021,0.0332107962398776,55.1,330530695024.886,51188173,6.48,55.1,-3.1416649019949845,26.523965366433558,19.026521578753233,-0.08317968015051669,-1.5826199792975977
COL,Colombia,2022,24.9488076386337,54.8,354752900899.02,51737944,6.72,54.8,3.217226771472089,26.59468733025833,18.72652157875323,0.15682031984948264,2.9366991036483197
COL,Colombia,2022,5.61483469090726,54.8,354752900899.02,51737944,6.72,54.8,1.727191559375486,26.59468733025833,18.72652157875323,0.15682031984948264,2.9366991036483197
COL,Colombia,2022,0.0193281744953778,54.8,354752900899.02,51737944,6.72,54.8,-3.5292066381146467,26.59468733025833,18.72652157875323,0.15682031984948264,2.9366991036483197
COL,Colombia,2023,24.9134420347488,54.6,357280089727.874,52321152,6.55,54.6,3.2158088077658795,26.601785876179836,18.526521578753233,-0.013179680150517292,-0.24417362870962428
CRI,Costa Rica,2006,8.12248146668412,49.3,39584746492.4417,4321340,8.04,49.3,2.095866100442898,24.401709691417476,13.226521578753228,1.476820319849482,19.53319582843042
CRI,Costa Rica,2006,2.96204452346315,49.3,39584746492.4417,4321340,8.04,49.3,1.0892501077201326,24.401709691417476,13.226521578753228,1.476820319849482,19.53319582843042
CRI,Costa Rica,2008,11.5313873891892,48.6,44866362740.5382,4440056,8.04,48.6,2.4459394782200654,24.526954191480954,12.526521578753233,1.476820319849482,18.499421604535787
CRI,Costa Rica,2008,3.76121424608319,48.6,44866362740.5382,4440056,8.04,48.6,1.3273970307920826,24.526954191480954,12.526521578753233,1.476820319849482,18.499421604535787
CRI,Costa Rica,2010,11.5672606575735,48,46858459461.2317,4555962,8.04,48,2.4490428860926574,24.570397394138485,11.926521578753231,1.476820319849482,17.613329412626097
CRI,Costa Rica,2010,5.28977195156588,48,46858459461.2317,4555962,8.04,48,1.6676637916259072,24.570397394138485,11.926521578753231,1.476820319849482,17.613329412626097
CRI,Costa Rica,2010,0.153644828468719,48,46858459461.2317,4555962,8.04,48,-1.8100568797031171,24.570397394138485,11.926521578753231,1.476820319849482,17.613329412626097
CRI,Costa Rica,2011,10.282368146525,48.8,48921712048.582,4609833,8.1,48.8,2.33140266394348,24.61348714405779,12.726521578753228,1.5368203198494825,19.558376963230877
CRI,Costa Rica,2011,5.37980443109327,48.8,48921712048.582,4609833,8.1,48.8,1.6845091006064727,24.61348714405779,12.726521578753228,1.5368203198494825,19.558376963230877
CRI,Costa Rica,2011,0.195234838225159,48.8,48921712048.582,4609833,8.1,48.8,-1.5836004031702677,24.61348714405779,12.726521578753228,1.5368203198494825,19.558376963230877
CRI,Costa Rica,2012,8.72653951862736,48.4,51310359848.0341,4663934,8.1,48.4,2.167514175180231,24.661158515090154,12.32652157875323,1.5368203198494825,18.943648835291086
CRI,Costa Rica,2012,5.72478145325185,48.4,51310359848.0341,4663934,8.1,48.4,1.7465496423141333,24.661158515090154,12.32652157875323,1.5368203198494825,18.943648835291086
CRI,Costa Rica,2012,0.128646774230379,48.4,51310359848.0341,4663934,8.1,48.4,-1.9758257727490283,24.661158515090154,12.32652157875323,1.5368203198494825,18.943648835291086
CRI,Costa Rica,2013,8.71474107995362,49.2,52590433317.5191,4716147,8.03,49.2,2.166162791998145,24.68580006405582,13.126521578753234,1.4668203198494822,19.25424858065795
CRI,Costa Rica,2013,4.94047365359901,49.2,52590433317.5191,4716147,8.03,49.2,1.5994832595985926,24.68580006405582,13.126521578753234,1.4668203198494822,19.25424858065795
CRI,Costa Rica,2014,10.0060434824472,48.6,54453244250.7631,4767119,8.03,48.6,2.3041881556469614,24.720608266749938,12.526521578753233,1.4668203198494822,18.374156388748258
CRI,Costa Rica,2014,4.25833716338946,48.6,54453244250.7631,4767119,8.03,48.6,1.4512243283018658,24.720608266749938,12.526521578753233,1.4668203198494822,18.374156388748258
CRI,Costa Rica,2014,0.0419540607230489,48.6,54453244250.7631,4767119,8.03,48.6,-2.9573953985042354,24.720608266749938,12.526521578753233,1.4668203198494822,18.374156388748258
CRI,Costa Rica,2015,11.5607212354156,48.4,56441920820.5194,4818038,7.96,48.4,2.448477875945155,24.75647799631647,12.32652157875323,1.3968203198494828,17.21793581426564
CRI,Costa Rica,2015,0.0830213374177064,48.4,56441920820.5194,4818038,7.96,48.4,-2.37492637754598,24.75647799631647,12.32652157875323,1.3968203198494828,17.21793581426564
CRI,Costa Rica,2016,11.8759050112518,48.7,58814921621.3159,4866998,7.88,48.7,2.4753532452628466,24.797661428727068,12.626521578753234,1.3168203198494828,16.62686018392023
CRI,Costa Rica,2016,5.03390437328147,48.7,58814921621.3159,4866998,7.88,48.7,1.61818045941413,24.797661428727068,12.626521578753234,1.3168203198494828,16.62686018392023
CRI,Costa Rica,2016,0.102732742311867,48.7,58814921621.3159,4866998,7.88,48.7,-2.1827353738500093,24.797661428727068,12.626521578753234,1.3168203198494828,16.62686018392023
CRI,Costa Rica,2017,12.2731177810203,48.3,61260269007.514,4913177,7.88,48.3,2.5082257814567055,24.838397329583874,12.226521578753228,1.3168203198494828,16.100132055980428
CRI,Costa Rica,2017,4.19280640611971,48.3,61260269007.514,4913177,7.88,48.3,1.435752494081752,24.838397329583874,12.226521578753228,1.3168203198494828,16.100132055980428
CRI,Costa Rica,2018,11.7995456872358,48,62862779082.5908,4957818,8.07,48,2.468908160988036,24.864220078006575,11.926521578753231,1.5068203198494832,17.971125059988708
CRI,Costa Rica,2019,11.2610056078008,48.2,64382494195.8,4999553,8.13,48.2,2.422233552802254,24.888107603846684,12.126521578753234,1.5668203198494837,19.000080418683808
CRI,Costa Rica,2019,4.32038581045287,48.2,64382494195.8,4999553,8.13,48.2,1.465656639766293,24.888107603846684,12.126521578753234,1.5668203198494837,19.000080418683808
CRI,Costa Rica,2019,0.0400035723190081,48.2,64382494195.8,4999553,8.13,48.2,-2.995660829726,24.888107603846684,12.126521578753234,1.5668203198494837,19.000080418683808
CRI,Costa Rica,2020,11.3222838436969,49.2,61631202097.7205,5034320,8.16,49.2,2.4276556296334753,24.844434106804503,13.126521578753234,1.596820319849483,20.96069638589588
CRI,Costa Rica,2020,3.6350490235026802,49.2,61631202097.7205,5034320,8.16,49.2,1.293369814890803,24.844434106804503,13.126521578753234,1.596820319849483,20.96069638589588
CRI,Costa Rica,2020,0.0397273117322697,49.2,61631202097.7205,5034320,8.16,49.2,-3.001200964980467,24.844434106804503,13.126521578753234,1.596820319849483,20.96069638589588
CRI,Costa Rica,2021,11.6205820666553,48.7,66522107766.4296,5059988,8.07,48.7,2.453638014001763,24.920800176975238,12.626521578753234,1.5068203198494832,19.025899283883348
CRI,Costa Rica,2021,4.76285761575498,48.7,66522107766.4296,5059988,8.07,48.7,1.5629452063940072,24.920800176975238,12.626521578753234,1.5068203198494832,19.025899283883348
CRI,Costa Rica,2021,0.07905157868473,48.7,66522107766.4296,5059988,8.07,48.7,-2.4185395413325232,24.920800176975238,12.626521578753234,1.5068203198494832,19.025899283883348
CRI,Costa Rica,2022,12.908902016219,47.2,69549856033.0247,5081765,8.29,47.2,2.5586915114783904,24.965309685335644,11.126521578753234,1.726820319849482,19.213503551434822
CRI,Costa Rica,2022,4.91955107325418,47.2,69549856033.0247,5081765,8.29,47.2,1.5952479237165178,24.965309685335644,11.126521578753234,1.726820319849482,19.213503551434822
CRI,Costa Rica,2022,0.196782042930167,47.2,69549856033.0247,5081765,8.29,47.2,-1.5760899731443403,24.965309685335644,11.126521578753234,1.726820319849482,19.213503551434822
CRI,Costa Rica,2023,17.7454798727379,46.7,73105190307.8725,5105525,8.29,46.7,2.8766941935002692,25.015165204025234,10.626521578753234,1.726820319849482,18.350093391510082
CRI,Costa Rica,2023,4.4853365241247,46.7,73105190307.8725,5105525,8.29,46.7,1.5030405314448665,25.015165204025234,10.626521578753234,1.726820319849482,18.350093391510082
CYP,Cyprus,2006,1.42258572975803,31.1,19822098963.1388,1054418,7.6,31.1,0.3594810140694661,23.710063261509465,-4.973478421246767,1.0368203198494825,-5.156603487481573
CYP,Cyprus,2006,0.853551437854816,31.1,19822098963.1388,1054418,7.6,31.1,-0.14670181414256603,23.710063261509465,-4.973478421246767,1.0368203198494825,-5.156603487481573
CYP,Cyprus,2008,0.824911218930063,31.7,21592439785.3329,1091026,7.7,31.7,-0.18042988441880128,23.795609080430463,-4.3734784212467694,1.136820319849483,-4.971859137696565
CYP,Cyprus,2008,0.366627208413361,31.7,21592439785.3329,1091026,7.7,31.7,-0.9764994178559033,23.795609080430463,-4.3734784212467694,1.136820319849483,-4.971859137696565
CYP,Cyprus,2010,0.709335250902962,31.5,21640286747.1052,1127816,7.29,31.5,-0.32942775607627317,23.797822541627344,-4.573478421246769,0.7268203198494829,-3.324097048955285
CYP,Cyprus,2010,1.15266978271731,31.5,21640286747.1052,1127816,7.29,31.5,0.15071889746446157,23.797822541627344,-4.573478421246769,0.7268203198494829,-3.324097048955285
CYP,Cyprus,2011,0.785002954663899,32.6,21730464390.338,1146493,7.29,32.6,-0.22940944777634797,23.801981001917735,-3.4734784212467673,0.7268203198494829,-2.5245946971208526
CYP,Cyprus,2011,0.174445101036422,32.6,21730464390.338,1146493,7.29,32.6,-1.690403415138081,23.801981001917735,-3.4734784212467673,0.7268203198494829,-2.5245946971208526
CYP,Cyprus,2012,1.88776871744135,34.3,20981332378.0944,1165397,7.29,34.3,0.6406788368308496,23.76689894495691,-1.7734784212467716,0.7268203198494829,-1.2890001533767346
CYP,Cyprus,2012,0.772269020771462,34.3,20981332378.0944,1165397,7.29,34.3,-0.24555658126508378,23.76689894495691,-1.7734784212467716,0.7268203198494829,-1.2890001533767346
CYP,Cyprus,2013,1.01360340232875,37,19599191826.1408,1183895,7.29,37,0.023329149183035035,23.698754168972602,0.9265215787532313,0.7268203198494829,0.6734147102168714
CYP,Cyprus,2013,1.52040510349313,37,19599191826.1408,1183895,7.29,37,0.4255324738829421,23.698754168972602,0.9265215787532313,0.7268203198494829,0.6734147102168714
CYP,Cyprus,2014,0.915293345276525,35.6,19251098679.0346,1201801,7.4,35.6,-0.07764446171613489,23.680833970287097,-0.4734784212467673,0.8368203198494832,-0.3962163639095482
CYP,Cyprus,2014,0.499250915605377,35.6,19251098679.0346,1201801,7.4,35.6,-0.6748144259281352,23.680833970287097,-0.4734784212467673,0.8368203198494832,-0.3962163639095482
CYP,Cyprus,2015,1.2300107871946,34,19909278416.8575,1219502,7.53,34,0.21512007892959023,23.714451712118514,-2.0734784212467687,0.9668203198494831,-2.0046810704308022
CYP,Cyprus,2015,0.246002157438921,34,19909278416.8575,1219502,7.53,34,-1.3625694070423005,23.714451712118514,-2.0734784212467687,0.9668203198494831,-2.0046810704308022
CYP,Cyprus,2016,1.05083409956653,32.9,21218032913.0554,1237112,7.65,32.9,0.05905548507471931,23.778117266167857,-3.17347842124677,1.0868203198494832,-3.449000832814848
CYP,Cyprus,2016,0.485000353646091,32.9,21218032913.0554,1237112,7.65,32.9,-0.7031968019771544,23.778117266167857,-3.17347842124677,1.0868203198494832,-3.449000832814848
CYP,Cyprus,2016,0,32.9,21218032913.0554,1237112,7.65,32.9,-4.605170185988091,23.778117266167857,-3.17347842124677,1.0868203198494832,-3.449000832814848
CYP,Cyprus,2017,0.558091105183829,31.4,22438246417.1514,1254275,7.59,31.4,-0.5654734766727179,23.83403276914416,-4.67347842124677,1.0268203198494827,-4.798822607314264
CYP,Cyprus,2017,1.27563681184875,31.4,22438246417.1514,1254275,7.59,31.4,0.25125416901438075,23.83403276914416,-4.67347842124677,1.0268203198494827,-4.798822607314264
CYP,Cyprus,2018,1.18041688389616,32.7,23845497750.3008,1270737,7.59,32.7,0.1743035683766179,23.894861262888494,-3.373478421246766,1.0268203198494827,-3.4639561915099324
CYP,Cyprus,2018,0.157388917852822,32.7,23845497750.3008,1270737,7.59,32.7,-1.7874353247142298,23.894861262888494,-3.373478421246766,1.0268203198494827,-3.4639561915099324
CYP,Cyprus,2019,1.16579872951254,31.2,25246562822.6821,1286671,7.59,31.2,0.16194768645519053,23.951955857567444,-4.8734784212467694,1.0268203198494827,-5.00418667128416
CYP,Cyprus,2019,0.544039407105854,31.2,25246562822.6821,1286671,7.59,31.2,-0.5905194628045859,23.951955857567444,-4.8734784212467694,1.0268203198494827,-5.00418667128416
CYP,Cyprus,2020,1.15185477415008,31.7,24433464399.3925,1302247,7.56,31.7,0.15001767140236774,23.919219521388136,-4.3734784212467694,0.9968203198494825,-4.359572158722014
CYP,Cyprus,2021,1.21459779542909,31.3,27218282939.641,1317309,7.43,31.3,0.20261245982254159,24.02715475134394,-4.773478421246768,0.8668203198494826,-4.137748091899727
CYP,Cyprus,2021,0.835035984357499,31.3,27218282939.641,1317309,7.43,31.3,-0.1683760674932198,24.02715475134394,-4.773478421246768,0.8668203198494826,-4.137748091899727
CYP,Cyprus,2022,0.600884802872229,31.5,29470249084.6058,1331370,7.38,31.5,-0.4928468762568475,24.106647085801654,-4.573478421246769,0.8168203198494828,-3.735710106867493
CYP,Cyprus,2022,0.675995403231258,31.5,29470249084.6058,1331370,7.38,31.5,-0.3768843521077725,24.106647085801654,-4.573478421246769,0.8168203198494828,-3.735710106867493
CYP,Cyprus,2022,0.0751106003590287,31.5,29470249084.6058,1331370,7.38,31.5,-2.4638036875993508,24.106647085801654,-4.573478421246769,0.8168203198494828,-3.735710106867493
CYP,Cyprus,2023,0.81785876397005,31.8,30536911914.8595,1344976,7.38,31.8,-0.18891271406183135,24.142202015542445,-4.273478421246768,0.8168203198494828,-3.490664010912648
CZE,Czechia,2006,1.26157390952584,26.7,164921158024.599,10238905,8.17,26.7,0.24025543201281227,25.82873336649584,-9.37347842124677,1.6068203198494828,-15.061495594929958
CZE,Czechia,2006,1.1742341773279,26.7,164921158024.599,10238905,8.17,26.7,0.1690963018102791,25.82873336649584,-9.37347842124677,1.6068203198494828,-15.061495594929958
CZE,Czechia,2008,1.09844658935947,26.3,178518044754.249,10384603,8.19,26.3,0.10295956610732909,25.907955524116968,-9.773478421246768,1.6268203198494824,-15.899693291294682
CZE,Czechia,2008,1.31042751011306,26.3,178518044754.249,10384603,8.19,26.3,0.27795555546106465,25.907955524116968,-9.773478421246768,1.6268203198494824,-15.899693291294682
CZE,Czechia,2010,0.984323877723848,26.6,174565802522.079,10474410,8.19,26.6,-0.005692292677346692,25.885567599324716,-9.473478421246767,1.6268203198494824,-15.411647195339835
CZE,Czechia,2011,0.81939793117267,26.4,177659773382.538,10496088,8.19,26.4,-0.1870552255391715,25.903136172718863,-9.67347842124677,1.6268203198494824,-15.737011259309737
CZE,Czechia,2012,0.999301916232803,26.1,176290606021.546,10510785,8.19,26.1,0.00925891983692021,25.8953996408781,-9.973478421246767,1.6268203198494824,-16.22505735526458
CZE,Czechia,2013,0.856232600342731,26.5,176216894659.909,10514272,8.06,26.5,-0.1436018148641917,25.894981429279376,-9.573478421246769,1.4968203198494834,-14.329777032562715
CZE,Czechia,2013,0,26.5,176216894659.909,10514272,8.06,26.5,-4.605170185988091,25.894981429279376,-9.573478421246769,1.4968203198494834,-14.329777032562715
CZE,Czechia,2014,0.77016509724927,25.9,180173337874.854,10525347,7.94,25.9,-0.24824971855589195,25.917185212654584,-10.17347842124677,1.3768203198494833,-14.007051813922795
CZE,Czechia,2014,0.00950821107715148,25.9,180173337874.854,10525347,7.94,25.9,-3.936919821162547,25.917185212654584,-10.17347842124677,1.3768203198494833,-14.007051813922795
CZE,Czechia,2015,0.836150868791633,25.9,189107698561.919,10546059,7.94,25.9,-0.16705760337015416,25.96558252337345,-10.17347842124677,1.3768203198494833,-14.007051813922795
CZE,Czechia,2015,0,25.9,189107698561.919,10546059,7.94,25.9,-4.605170185988091,25.96558252337345,-10.17347842124677,1.3768203198494833,-14.007051813922795
CZE,Czechia,2016,0.617169777139044,25.4,193988322685.058,10566332,7.82,25.4,-0.46653799806640023,25.991063801853045,-10.67347842124677,1.2568203198494832,-13.414644563297923
CZE,Czechia,2016,0.939997045181005,25.4,193988322685.058,10566332,7.82,25.4,-0.05129640472817182,25.991063801853045,-10.67347842124677,1.2568203198494832,-13.414644563297923
CZE,Czechia,2016,0,25.4,193988322685.058,10566332,7.82,25.4,-4.605170185988091,25.991063801853045,-10.67347842124677,1.2568203198494832,-13.414644563297923
CZE,Czechia,2017,0.626106269301682,24.9,204024435232.921,10594438,7.62,24.9,-0.4523896395030261,26.041505604171043,-11.17347842124677,1.056820319849483,-11.808359038973308
CZE,Czechia,2017,0.777889607314211,24.9,204024435232.921,10594438,7.62,24.9,-0.23839729117894148,26.041505604171043,-11.17347842124677,1.056820319849483,-11.808359038973308
CZE,Czechia,2017,0,24.9,204024435232.921,10594438,7.62,24.9,-4.605170185988091,26.041505604171043,-11.17347842124677,1.056820319849483,-11.808359038973308
CZE,Czechia,2018,0.976401698104748,25,209798950825.42,10629928,7.69,25,-0.01369160561609991,26.069415532063978,-11.073478421246769,1.1268203198494833,-12.477820496475635
CZE,Czechia,2018,0,25,209798950825.42,10629928,7.69,25,-4.605170185988091,26.069415532063978,-11.073478421246769,1.1268203198494833,-12.477820496475635
CZE,Czechia,2019,0.862160849844266,25.3,217279912681.73,10671870,7.69,25.3,-0.1367814112533843,26.104452279446864,-10.773478421246768,1.1268203198494833,-12.139774400520789
CZE,Czechia,2019,0.720046424045761,25.3,217279912681.73,10671870,7.69,25.3,-0.31464715227851575,26.104452279446864,-10.773478421246768,1.1268203198494833,-12.139774400520789
CZE,Czechia,2019,0,25.3,217279912681.73,10671870,7.69,25.3,-4.605170185988091,26.104452279446864,-10.773478421246768,1.1268203198494833,-12.139774400520789
CZE,Czechia,2020,0.729848861096918,26.2,205753475017.539,10697858,7.67,26.2,-0.301309355405032,26.049944565875126,-9.87347842124677,1.1068203198494828,-10.928166544231315
CZE,Czechia,2020,1.00472700358797,26.2,205753475017.539,10697858,7.67,26.2,0.014619614334694277,26.049944565875126,-9.87347842124677,1.1068203198494828,-10.928166544231315
CZE,Czechia,2020,0,26.2,205753475017.539,10697858,7.67,26.2,-4.605170185988091,26.049944565875126,-9.87347842124677,1.1068203198494828,-10.928166544231315
CZE,Czechia,2021,0.44631485186264,26.2,214043320221.167,10505772,7.74,26.2,-0.7845722431177202,26.089444262421917,-9.87347842124677,1.176820319849483,-11.619310033718593
CZE,Czechia,2021,0.987590310504566,26.2,214043320221.167,10505772,7.74,26.2,-0.002412597469648734,26.089444262421917,-9.87347842124677,1.176820319849483,-11.619310033718593
CZE,Czechia,2021,0,26.2,214043320221.167,10505772,7.74,26.2,-4.605170185988091,26.089444262421917,-9.87347842124677,1.176820319849483,-11.619310033718593
CZE,Czechia,2022,0.81512474266184,25.9,220137498830.73,10672118,7.97,25.9,-0.19222070085103904,26.117518182756072,-10.17347842124677,1.4068203198494826,-14.312256166560191
CZE,Czechia,2022,0.824493992577493,25.9,220137498830.73,10672118,7.97,25.9,-0.18092973473480725,26.117518182756072,-10.17347842124677,1.4068203198494826,-14.312256166560191
CZE,Czechia,2022,0,25.9,220137498830.73,10672118,7.97,25.9,-4.605170185988091,26.117518182756072,-10.17347842124677,1.4068203198494826,-14.312256166560191
CZE,Czechia,2023,0.767827757917044,25.7,220242240981.103,10864042,7.97,25.7,-0.2512501701664463,26.117993872906542,-10.37347842124677,1.4068203198494826,-14.593620230530087
CZE,Czechia,2023,0.860337126340785,25.7,220242240981.103,10864042,7.97,25.7,-0.13887464085170792,26.117993872906542,-10.37347842124677,1.4068203198494826,-14.593620230530087
DEU,Germany,2006,1.20927315205162,31,3085761005285.65,82376451,8.82,31,0.19825490419265349,28.757819422050567,-5.073478421246769,2.256820319849483,-11.449929193387584
DEU,Germany,2006,0.249687978763695,31,3085761005285.65,82376451,8.82,31,-1.3482744503193593,28.757819422050567,-5.073478421246769,2.256820319849483,-11.449929193387584
DEU,Germany,2008,1.02452477446076,30.6,3203102383827.36,82110097,8.82,30.6,0.03394216616296986,28.795140951023583,-5.473478421246767,2.256820319849483,-12.352657321327374
DEU,Germany,2010,0.981060169496516,30.2,3150598283304.25,81776930,8.38,30.2,-0.008980030555311373,28.77861348193914,-5.8734784212467694,1.8168203198494837,-10.671054943918596
DEU,Germany,2010,0.47011710518118,30.2,3150598283304.25,81776930,8.38,30.2,-0.7337252357083701,28.77861348193914,-5.8734784212467694,1.8168203198494837,-10.671054943918596
DEU,Germany,2011,0.91271260058552,30.4,3268996785218.57,80274983,8.34,30.4,-0.08043746828027282,28.815504260255814,-5.67347842124677,1.7768203198494827,-10.080751743098824
DEU,Germany,2011,0.401939830881157,30.4,3268996785218.57,80274983,8.34,30.4,-0.8868779818483061,28.815504260255814,-5.67347842124677,1.7768203198494827,-10.080751743098824
DEU,Germany,2012,0.814420905242925,30.9,3284148978797.69,80425823,8.34,30.9,-0.19307407215667427,28.820128671531695,-5.17347842124677,1.7768203198494827,-9.192341583174084
DEU,Germany,2012,0.43872446337062,30.9,3284148978797.69,80425823,8.34,30.9,-0.8013462469367583,28.820128671531695,-5.17347842124677,1.7768203198494827,-9.192341583174084
DEU,Germany,2013,0.841543300830081,31.4,3297186905208.25,80645605,8.31,31.4,-0.16070492775885095,28.82409076788914,-4.67347842124677,1.7468203198494834,-8.163727070611941
DEU,Germany,2013,0.355373124104198,31.4,3297186905208.25,80645605,8.31,31.4,-1.0068361897296325,28.82409076788914,-4.67347842124677,1.7468203198494834,-8.163727070611941
DEU,Germany,2014,0.87986543465844,30.8,3369071713224.27,80982500,8.64,30.8,-0.1166850247003609,28.845658366331303,-5.273478421246768,2.0768203198494835,-10.952067141533062
DEU,Germany,2014,0.393235948450699,30.8,3369071713224.27,80982500,8.64,30.8,-0.9082334083354675,28.845658366331303,-5.273478421246768,2.0768203198494835,-10.952067141533062
DEU,Germany,2015,0.83092148321361,31.4,3425099578746.09,81686611,8.64,31.4,-0.1732569845880589,28.862151661306545,-4.67347842124677,2.0768203198494835,-9.705974949623377
DEU,Germany,2016,1.163604165425,31.3,3501212900675.89,82348669,8.63,31.3,0.16007949711180866,28.884130567441996,-4.773478421246768,2.0668203198494837,-9.865922197395854
DEU,Germany,2016,0.386659743443406,31.3,3501212900675.89,82348669,8.63,31.3,-0.9246764352010044,28.884130567441996,-4.773478421246768,2.0668203198494837,-9.865922197395854
DEU,Germany,2017,0.97829217789703,31.3,3599173571724.7,82657002,8.61,31.3,-0.01177689833633895,28.911725371627096,-4.773478421246768,2.0468203198494823,-9.770452628970911
DEU,Germany,2017,0.358586800754385,31.3,3599173571724.7,82657002,8.61,31.3,-0.9980790435183822,28.911725371627096,-4.773478421246768,2.0468203198494823,-9.770452628970911
DEU,Germany,2018,0.945201062768242,31.9,3640049243667.4,82905782,8.68,31.9,-0.04583342373109967,28.923018325965742,-4.17347842124677,2.1168203198494826,-8.834503926548502
DEU,Germany,2018,0.356249639139807,31.9,3640049243667.4,82905782,8.68,31.9,-1.0044401039351487,28.923018325965742,-4.17347842124677,2.1168203198494826,-8.834503926548502
DEU,Germany,2019,0.745579302641966,32.2,3675639268112.03,83092962,8.68,32.2,-0.28027053568076143,28.93274818397239,-3.873478421246766,2.1168203198494826,-8.199457830593648
DEU,Germany,2019,0.409290724724803,32.2,3675639268112.03,83092962,8.68,32.2,-0.8691907459067486,28.93274818397239,-3.873478421246766,2.1168203198494826,-8.199457830593648
DEU,Germany,2020,0.935085587265765,32.5,3523764998709.97,83160871,8.67,32.5,-0.056479787054275435,28.890551135828243,-3.5734784212467687,2.106820319849483,-7.528676950426342
DEU,Germany,2020,0.370686102368782,32.5,3523764998709.97,83160871,8.67,32.5,-0.9657801217268451,28.890551135828243,-3.5734784212467687,2.106820319849483,-7.528676950426342
DEU,Germany,2021,0.830375419597212,33.6,3661544208117.2,83196078,8.67,33.6,-0.17390655889547121,28.928906089146928,-2.4734784212467673,2.106820319849483,-5.211174598591908
DEU,Germany,2021,0.33692930694448,33.6,3661544208117.2,83196078,8.67,33.6,-1.0586342461751006,28.928906089146928,-2.4734784212467673,2.106820319849483,-5.211174598591908
DEU,Germany,2022,0.815829208272123,33.7,3727790994177.62,83177813,8.8,33.7,-0.19136729648728965,28.946836947386704,-2.373478421246766,2.2368203198494836,-5.309044761369038
DEU,Germany,2022,0.336559279797392,33.7,3727790994177.62,83177813,8.8,33.7,-1.0597013933186237,28.946836947386704,-2.373478421246766,2.2368203198494836,-5.309044761369038
DNK,Denmark,2006,0.496559029834002,25.9,292651155542.909,5437272,9.52,25.9,-0.6801144174958365,26.402247141224997,-10.17347842124677,2.9568203198494825,-30.081147719492684
DNK,Denmark,2008,0.400454078520126,25.2,294307201413.926,5493621,9.52,25.2,-0.8904912235333057,26.407889961522635,-10.87347842124677,2.9568203198494825,-32.15092194338732
DNK,Denmark,2010,0.75704832266481,27.2,284093791186.593,5547683,9.52,27.2,-0.2652054774288866,26.37257027124389,-8.87347842124677,2.9568203198494825,-26.237281303688352
DNK,Denmark,2010,0.973347843426184,27.2,284093791186.593,5547683,9.52,27.2,-0.016792362398622553,26.37257027124389,-8.87347842124677,2.9568203198494825,-26.237281303688352
DNK,Denmark,2010,0,27.2,284093791186.593,5547683,9.52,27.2,-4.605170185988091,26.37257027124389,-8.87347842124677,2.9568203198494825,-26.237281303688352
DNK,Denmark,2011,0.825726922413442,27.3,287817703286.122,5570572,9.52,27.3,-0.17945336708926957,26.38559314196833,-8.773478421246768,2.9568203198494825,-25.9415992717034
DNK,Denmark,2011,0.466715217016293,27.3,287817703286.122,5570572,9.52,27.3,-0.7408359957027131,26.38559314196833,-8.773478421246768,2.9568203198494825,-25.9415992717034
DNK,Denmark,2011,0,27.3,287817703286.122,5570572,9.52,27.3,-4.605170185988091,26.38559314196833,-8.773478421246768,2.9568203198494825,-25.9415992717034
DNK,Denmark,2012,0.840498959524879,27.8,287802068160.374,5591572,9.52,27.8,-0.1619320905157179,26.38553881747662,-8.273478421246768,2.9568203198494825,-24.46318911177866
DNK,Denmark,2012,0.608020523911614,27.8,287802068160.374,5591572,9.52,27.8,-0.48123361186292557,26.38553881747662,-8.273478421246768,2.9568203198494825,-24.46318911177866
DNK,Denmark,2012,0,27.8,287802068160.374,5591572,9.52,27.8,-4.605170185988091,26.38553881747662,-8.273478421246768,2.9568203198494825,-24.46318911177866
DNK,Denmark,2013,0.854802453817294,28.5,291810211099.295,5614932,9.38,28.5,-0.1452541752221099,26.399369465909114,-7.573478421246769,2.8168203198494837,-21.333127908909486
DNK,Denmark,2013,0.427401226908647,28.5,291810211099.295,5614932,9.38,28.5,-0.8269043657396381,26.399369465909114,-7.573478421246769,2.8168203198494837,-21.333127908909486
DNK,Denmark,2013,0,28.5,291810211099.295,5614932,9.38,28.5,-4.605170185988091,26.399369465909114,-7.573478421246769,2.8168203198494837,-21.333127908909486
DNK,Denmark,2014,1.31117471686599,28.4,295539545106.694,5643475,9.11,28.4,0.27852127785880243,26.412068489227014,-7.67347842124677,2.5468203198494823,-19.5429707671578
DNK,Denmark,2014,0.389808699608809,28.4,295539545106.694,5643475,9.11,28.4,-0.9167690972506072,26.412068489227014,-7.67347842124677,2.5468203198494823,-19.5429707671578
DNK,Denmark,2014,0,28.4,295539545106.694,5643475,9.11,28.4,-4.605170185988091,26.412068489227014,-7.67347842124677,2.5468203198494823,-19.5429707671578
DNK,Denmark,2015,1.09083852229384,28.2,301758922337.637,5683483,9.11,28.2,0.09607218240098955,26.43289426512862,-7.8734784212467694,2.5468203198494823,-20.052334831127695
DNK,Denmark,2015,0.563013430861335,28.2,301758922337.637,5683483,9.11,28.2,-0.5568461229935217,26.43289426512862,-7.8734784212467694,2.5468203198494823,-20.052334831127695
DNK,Denmark,2015,0,28.2,301758922337.637,5683483,9.11,28.2,-4.605170185988091,26.43289426512862,-7.8734784212467694,2.5468203198494823,-20.052334831127695
DNK,Denmark,2016,0.977619325858153,28.2,311032111297.516,5728010,9.2,28.2,-0.012457953194925488,26.46316199555605,-7.8734784212467694,2.636820319849482,-20.7609478890399
DNK,Denmark,2016,0.349149759235055,28.2,311032111297.516,5728010,9.2,28.2,-1.0240158208358934,26.46316199555605,-7.8734784212467694,2.636820319849482,-20.7609478890399
DNK,Denmark,2016,0,28.2,311032111297.516,5728010,9.2,28.2,-4.605170185988091,26.46316199555605,-7.8734784212467694,2.636820319849482,-20.7609478890399
DNK,Denmark,2017,1.23153392928012,28.7,320538736986.013,5764980,9.22,28.7,0.21634765485573168,26.493268970234574,-7.3734784212467694,2.6568203198494835,-19.590007297540108
DNK,Denmark,2017,0.572403093890759,28.7,320538736986.013,5764980,9.22,28.7,-0.5405924698013415,26.493268970234574,-7.3734784212467694,2.6568203198494835,-19.590007297540108
DNK,Denmark,2018,1.00106587626187,28.2,326500781502.599,5793636,9.22,28.2,0.01100509742283575,26.511698179236138,-7.8734784212467694,2.6568203198494835,-20.918417457464848
DNK,Denmark,2018,0.552312207592757,28.2,326500781502.599,5793636,9.22,28.2,-0.5756980538133695,26.511698179236138,-7.8734784212467694,2.6568203198494835,-20.918417457464848
DNK,Denmark,2019,0.859901642730301,27.7,332088518944.146,5814422,9.22,27.7,-0.1393751280576178,26.52866739365096,-8.37347842124677,2.6568203198494835,-22.24682761738959
DNK,Denmark,2019,0.395554755655939,27.7,332088518944.146,5814422,9.22,27.7,-0.9024993820989832,26.52866739365096,-8.37347842124677,2.6568203198494835,-22.24682761738959
DNK,Denmark,2020,0.823111601929511,27.5,326176991232.295,5831404,9.15,27.5,-0.18258766988348893,26.510705988877,-8.573478421246769,2.5868203198494832,-22.178048191872207
DNK,Denmark,2020,0.685926334941259,27.5,326176991232.295,5831404,9.15,27.5,-0.3625114648508685,26.510705988877,-8.573478421246769,2.5868203198494832,-22.178048191872207
DNK,Denmark,2021,0.631746832067094,28.3,347379325644.417,5856733,9.09,28.3,-0.44356139564027575,26.573683177308425,-7.773478421246768,2.5268203198494827,-19.642183230717812
DNK,Denmark,2021,0.597598354658062,28.3,347379325644.417,5856733,9.09,28.3,-0.4982412162002259,26.573683177308425,-7.773478421246768,2.5268203198494827,-19.642183230717812
DNK,Denmark,2022,0.982567307766424,29.3,348921108389.075,5903037,9.28,29.3,-0.007460452330874877,26.57811168313448,-6.773478421246768,2.7168203198494822,-18.40232381090521
DNK,Denmark,2022,0.559046916487793,29.3,348921108389.075,5903037,9.28,29.3,-0.5637923939706275,26.57811168313448,-6.773478421246768,2.7168203198494822,-18.40232381090521
DNK,Denmark,2023,0.840599404536194,29.9,351030642724,5946952,9.28,29.9,-0.16181399621434905,26.584139357809725,-6.17347842124677,2.7168203198494822,-16.772231618995527
DNK,Denmark,2023,0.689291511719679,29.9,351030642724,5946952,9.28,29.9,-0.3576875825989824,26.584139357809725,-6.17347842124677,2.7168203198494822,-16.772231618995527
DOM,Dominican Republic,2006,22.9521262431175,52,45815860539.7981,9341183,6.13,52,3.1338461735712135,24.54789616811414,15.926521578753231,-0.4331796801505172,-6.899045523394635
DOM,Dominican Republic,2006,6.722917574943,52,45815860539.7981,9341183,6.13,52,1.9070085675370743,24.54789616811414,15.926521578753231,-0.4331796801505172,-6.899045523394635
DOM,Dominican Republic,2008,25.0074949363479,48.1,50823044977.7376,9573130,6.2,48.1,3.2195753775780527,24.651615729960792,12.026521578753233,-0.36317968015051694,-4.367788260294889
DOM,Dominican Republic,2008,5.35874891493169,48.1,50823044977.7376,9573130,6.2,48.1,1.6805949046422244,24.651615729960792,12.026521578753233,-0.36317968015051694,-4.367788260294889
DOM,Dominican Republic,2010,25.1930337290323,47.3,55645592832.7047,9820175,6.2,47.3,3.2269643733442663,24.742268717151056,11.226521578753228,-0.36317968015051694,-4.077244516174474
DOM,Dominican Republic,2011,25.2674003329003,47.7,57421779163.4885,9945621,6.2,47.7,3.2299107290580413,24.773689496242696,11.626521578753234,-0.36317968015051694,-4.222516388234682
DOM,Dominican Republic,2012,22.5214243986665,46.1,59015618840.2876,10070411,6.49,46.1,3.1149109747566923,24.801067971924926,10.026521578753233,-0.0731796801505169,-0.7337376421554174
DOM,Dominican Republic,2013,19.4038895577301,47.7,61927882062.5429,10193833,6.74,47.7,2.965988766478659,24.849236352418366,11.626521578753234,0.1768203198494831,2.055805264292064
DOM,Dominican Republic,2014,17.5463639644216,44.3,66331713896.7879,10315528,6.67,44.3,2.865416503236837,24.917933959088515,8.226521578753228,0.10682031984948281,0.8787596662910921
DOM,Dominican Republic,2016,15.3154603364407,45.7,75735566406.0476,10551430,6.67,45.7,2.729515519638065,25.05051372068594,9.626521578753234,0.10682031984948281,1.0283081140803687
DOM,Dominican Republic,2017,11.3998115468654,42.2,78714898894.6559,10666843,6.66,42.2,2.434473647249014,25.089098286963928,6.126521578753234,0.09682031984948303,0.5931717788196479
DOM,Dominican Republic,2017,0,42.2,78714898894.6559,10666843,6.66,42.2,-4.605170185988091,25.089098286963928,6.126521578753234,0.09682031984948303,0.5931717788196479
DOM,Dominican Republic,2018,9.90534873528498,43.7,84301701754.6018,10782053,6.54,43.7,2.2940839338479244,25.157667888637796,7.626521578753234,-0.02317968015051708,-0.1767803308565165
DOM,Dominican Republic,2018,0,43.7,84301701754.6018,10782053,6.54,43.7,-4.605170185988091,25.157667888637796,7.626521578753234,-0.02317968015051708,-0.1767803308565165
DOM,Dominican Republic,2019,9.41799066618377,41.9,88427452425.8944,10894043,6.54,41.9,2.2436829950631876,25.205448306184255,5.82652157875323,-0.02317968015051708,-0.13505690658558567
DOM,Dominican Republic,2019,0,41.9,88427452425.8944,10894043,6.54,41.9,-4.605170185988091,25.205448306184255,5.82652157875323,-0.02317968015051708,-0.13505690658558567
DOM,Dominican Republic,2020,8.72977662309348,39.6,81415993438.0734,11008300,6.32,39.6,2.167884631342375,25.12283757023853,3.5265215787532327,-0.24317968015051683,-0.8575783895651068
DOM,Dominican Republic,2020,2.49811505863757,39.6,81415993438.0734,11008300,6.32,39.6,0.9195314983681218,25.12283757023853,3.5265215787532327,-0.24317968015051683,-0.8575783895651068
DOM,Dominican Republic,2020,0.0181681095173642,39.6,81415993438.0734,11008300,6.32,39.6,-3.5695648091305467,25.12283757023853,3.5265215787532327,-0.24317968015051683,-0.8575783895651068
DOM,Dominican Republic,2021,10.5362752855436,38.5,92824351636.8768,11123476,6.45,38.5,2.355772744081038,25.253974852195253,2.4265215787532313,-0.11317968015051694,-0.2746329361616181
DOM,Dominican Republic,2021,4.84560783183278,38.5,92824351636.8768,11123476,6.45,38.5,1.5801342909887195,25.253974852195253,2.4265215787532313,-0.11317968015051694,-0.2746329361616181
DOM,Dominican Republic,2022,12.3678475675698,37,97686450823.9666,11230734,6.39,37,2.5159083884546076,25.30502870494469,0.9265215787532313,-0.17317968015051743,-0.16045471066103703
DOM,Dominican Republic,2023,10.9166976980638,38.4,99828029402.8707,11331265,6.44,38.4,2.3912091246127725,25.326714836571426,2.32652157875323,-0.12317968015051672,-0.28658018393409807
DZA,Algeria,2011,0.758738181010027,27.6,166115170291.39,36903376,3.44,27.6,-0.263004834275495,25.83594718167321,-8.473478421246767,-3.123179680150517,26.46419562543179
DZA,Algeria,2011,1.98626816671554,27.6,166115170291.39,36903376,3.44,27.6,0.6912795209267361,25.83594718167321,-8.473478421246767,-3.123179680150517,26.46419562543179
ECU,Ecuador,2008,17.886543943386,49.8,72000071699.6601,14575202,5.64,49.8,2.884607618416688,24.999932951790584,13.726521578753228,-0.9231796801505174,-12.672045800652581
ECU,Ecuador,2010,17.4043449177688,48.8,75718234074.2169,15076695,5.77,48.8,2.85729428713394,25.050284841227633,12.726521578753228,-0.7931796801505175,-10.094418315264145
ECU,Ecuador,2011,15.2875203821371,45.9,82140258351.3877,15326227,5.72,45.9,2.727690748737204,25.131694090726604,9.82652157875323,-0.8431796801505174,-8.285523321765305
ECU,Ecuador,2012,12.3425125579607,46.1,86890603905.3287,15572194,5.78,46.1,2.513859488370378,25.18791573800158,10.026521578753233,-0.7831796801505169,-7.8525679630702125
ECU,Ecuador,2013,10.9127986726241,46.9,93156490881.1886,15807128,5.87,46.9,2.3908522261822607,25.257546613597338,10.82652157875323,-0.693179680150517,-7.504724765102834
ECU,Ecuador,2014,8.16956550602398,45,97093344927.4784,16035124,5.87,45,2.1016390325809327,25.298938671557842,8.926521578753231,-0.693179680150517,-6.187683372816853
ECU,Ecuador,2015,6.45509329915208,46,97209558000,16266225,5.87,46,1.8664174435430576,25.300134876911734,9.926521578753231,-0.693179680150517,-6.88086305296737
ECU,Ecuador,2016,5.81031174018927,45,96540800718.3398,16505139,5.81,45,1.7613538239152715,25.293231561305742,8.926521578753231,-0.7531796801505175,-6.723274667542051
ECU,Ecuador,2017,5.78775543057783,44.7,102304671535.156,16759519,6.02,44.7,1.7574708479226284,25.351221173916663,8.626521578753234,-0.5431796801505175,-4.68575123195872
ECU,Ecuador,2017,0.0477340654068275,44.7,102304671535.156,16759519,6.02,44.7,-2.8519078913454785,25.351221173916663,8.626521578753234,-0.5431796801505175,-4.68575123195872
ECU,Ecuador,2018,5.8300670929869,45.4,103373033702.498,17049547,6.27,45.4,1.764742285299297,25.361609969093625,9.32652157875323,-0.29317968015051754,-2.734346613375772
ECU,Ecuador,2018,0.0879788796728406,45.4,103373033702.498,17049547,6.27,45.4,-2.323003337080389,25.361609969093625,9.32652157875323,-0.29317968015051754,-2.734346613375772
ECU,Ecuador,2019,6.84543557226847,45.7,103544017315.435,17340021,6.33,45.7,1.9250418518079682,25.363262647314333,9.626521578753234,-0.23317968015051704,-2.2447092226957297
ECU,Ecuador,2019,0.184544177179942,45.7,103544017315.435,17340021,6.33,45.7,-1.6370960096836604,25.363262647314333,9.626521578753234,-0.23317968015051704,-2.2447092226957297
ECU,Ecuador,2020,7.81941728300383,47.3,93971273313.9152,17546065,6.13,47.3,2.0578880861610185,25.266254969466832,11.226521578753228,-0.4331796801505172,-4.863101026687203
ECU,Ecuador,2020,0.296362754166326,47.3,93971273313.9152,17546065,6.13,47.3,-1.1829854080140365,25.266254969466832,11.226521578753228,-0.4331796801505172,-4.863101026687203
ECU,Ecuador,2021,14.1156873894402,45.8,102825145845.295,17682454,5.71,45.8,2.647994940587544,25.356295769445506,9.726521578753228,-0.8531796801505172,-8.298470569537782
ECU,Ecuador,2021,1.05754548951335,45.8,102825145845.295,17682454,5.71,45.8,0.06536207833998904,25.356295769445506,9.726521578753228,-0.8531796801505172,-8.298470569537782
ECU,Ecuador,2021,1.87191206967336,45.8,102825145845.295,17682454,5.71,45.8,0.6322883183253382,25.356295769445506,9.726521578753228,-0.8531796801505172,-8.298470569537782
ECU,Ecuador,2022,27.4126359684417,45.5,108859360917.986,17823897,5.69,45.5,3.311368802571366,25.41332261925717,9.426521578753231,-0.8731796801505167,-8.231047097067691
ECU,Ecuador,2022,1.07720550674188,45.5,108859360917.986,17823897,5.69,45.5,0.08361064890992385,25.41332261925717,9.426521578753231,-0.8731796801505167,-8.231047097067691
ECU,Ecuador,2022,0.807904130056407,45.5,108859360917.986,17823897,5.69,45.5,-0.20101014966793618,25.41332261925717,9.426521578753231,-0.8731796801505167,-8.231047097067691
ECU,Ecuador,2023,45.7228145164847,44.6,111023744250.546,17980083,5.41,44.6,3.822816082167593,25.433009927549882,8.526521578753233,-1.153179680150517,-9.832611426983133
ECU,Ecuador,2023,0.689651988814512,44.6,111023744250.546,17980083,5.41,44.6,-0.35717222639957386,25.433009927549882,8.526521578753233,-1.153179680150517,-9.832611426983133
EGY,Egypt,2008,1.12618921636092,31.1,262077623377.432,85864789,3.89,31.1,0.12767987012675994,26.291906569260444,-4.973478421246767,-2.673179680150517,13.295001455343932
EGY,Egypt,2010,2.06174997223112,30.2,288446290408.139,89196072,3.07,30.2,0.7283936473434283,26.387774737133746,-5.8734784212467694,-3.4931796801505173,20.517115472901754
EGY,Egypt,2011,2.96729523596304,NA,293536132736.607,91093059,3.95,29.25,1.0910152494251044,26.405266578472286,-6.823478421246769,-2.613179680150517,17.830975158347584
EGY,Egypt,2012,2.36901703981789,28.3,300070833532.511,93161001,4.56,28.3,0.8666873938920124,26.42728439550765,-7.773478421246768,-2.0031796801505175,15.57167401753005
EGY,Egypt,2014,2.96323170829365,NA,315569804751.572,97528654,3.16,30.05,1.0896494785146933,26.477645745648815,-6.023478421246768,-3.403179680150517,20.498979367012115
EGY,Egypt,2015,1.71791733156895,31.8,329366576819.407,99597342,3.18,31.8,0.5469168287102414,26.520437182691225,-4.273478421246768,-3.383179680150517,14.457945358323776
EGY,Egypt,2016,1.50721254822527,NA,343682967575.512,101644589,3.31,31.65,0.41687480144516903,26.56298546349486,-4.42347842124677,-3.253179680150517,14.390370115584282
EGY,Egypt,2017,1.31152527182627,31.5,358053111989.023,103696057,3.36,31.5,0.278786578470931,26.60394716985446,-4.573478421246769,-3.2031796801505172,14.649673146544517
ESP,Spain,2006,1.06498542161369,33.5,1194247574981.13,44397319,8.34,33.5,0.07230710019808034,27.808537458635506,-2.5734784212467687,1.7768203198494827,-4.572608751565426
ESP,Spain,2006,0.0760703872581206,33.5,1194247574981.13,44397319,8.34,33.5,-2.4525898609917265,27.808537458635506,-2.5734784212467687,1.7768203198494827,-4.572608751565426
ESP,Spain,2008,0.880284469874308,34.2,1245931907237.16,45954106,8.45,34.2,-0.11621423825418517,27.850904885713142,-1.873478421246766,1.8868203198494822,-3.5349171540079256
ESP,Spain,2010,0.856097274768039,35.2,1200112046037.65,46576897,8.16,35.2,-0.14375805020586832,27.813436040061678,-0.8734784212467659,1.596820319849483,-1.3947880919968823
ESP,Spain,2011,0.819183054272952,35.7,1192432281393.69,46742697,8.02,35.7,-0.18731433486552432,27.807016271005214,-0.3734784212467659,1.4568203198494825,-0.5440909530975933
ESP,Spain,2012,0.774166283792877,35.4,1158267740898.69,46773055,8.02,35.4,-0.24313418444646098,27.77794667811157,-0.6734784212467702,1.4568203198494825,-0.9811370490524441
ESP,Spain,2012,0.178653757798356,35.4,1158267740898.69,46773055,8.02,35.4,-1.66784191335141,27.77794667811157,-0.6734784212467702,1.4568203198494825,-0.9811370490524441
ESP,Spain,2013,0.644467548060687,36.2,1141735527746.35,46604197,8.02,36.2,-0.42393327765642774,27.76357061342985,0.1265215787532341,1.4568203198494825,0.184319206827148
ESP,Spain,2013,0.20272985783366,36.2,1141735527746.35,46604197,8.02,36.2,-1.5477321912930853,27.76357061342985,0.1265215787532341,1.4568203198494825,0.184319206827148
ESP,Spain,2014,0.691349965151574,36.1,1159095455877.44,46460733,8.05,36.1,-0.35474827950409743,27.77866103744471,0.02652157875323269,1.4868203198494836,0.039432822204794694
ESP,Spain,2014,0.440922887991406,36.1,1159095455877.44,46460733,8.05,36.1,-0.7964589341616174,27.77866103744471,0.02652157875323269,1.4868203198494836,0.039432822204794694
ESP,Spain,2014,0.00642120710667097,36.1,1159095455877.44,46460733,8.05,36.1,-4.109181663246328,27.77866103744471,0.02652157875323269,1.4868203198494836,0.039432822204794694
ESP,Spain,2015,0.646906930185419,36.2,1206164777553.12,46422303,8.3,36.2,-0.4202129293061742,27.81846683637056,0.1265215787532341,1.7368203198494836,0.2197452488780537
ESP,Spain,2015,0.531234830086039,36.2,1206164777553.12,46422303,8.3,36.2,-0.613902027612879,27.81846683637056,0.1265215787532341,1.7368203198494836,0.2197452488780537
ESP,Spain,2015,0.00214207592776629,36.2,1206164777553.12,46422303,8.3,36.2,-4.411078508977165,27.81846683637056,0.1265215787532341,1.7368203198494836,0.2197452488780537
ESP,Spain,2016,0.629108853827649,35.8,1241326362266.48,46458139,8.3,35.8,-0.44768048883455225,27.847201570869867,-0.2734784212467716,1.7368203198494836,-0.47498287906174963
ESP,Spain,2016,0.406566946351202,35.8,1241326362266.48,46458139,8.3,35.8,-0.8757080947547123,27.847201570869867,-0.2734784212467716,1.7368203198494836,-0.47498287906174963
ESP,Spain,2016,0,35.8,1241326362266.48,46458139,8.3,35.8,-4.605170185988091,27.847201570869867,-0.2734784212467716,1.7368203198494836,-0.47498287906174963
ESP,Spain,2017,0.655022828665732,34.7,1277275696051.09,46571232,8.08,34.7,-0.4079339100948537,27.875750563217693,-1.373478421246766,1.516820319849483,-2.0833199782218825
ESP,Spain,2017,0.413923220720365,34.7,1277275696051.09,46571232,8.08,34.7,-0.858202923354409,27.875750563217693,-1.373478421246766,1.516820319849483,-2.0833199782218825
ESP,Spain,2017,0.00213362484907405,34.7,1277275696051.09,46571232,8.08,34.7,-4.411774767273585,27.875750563217693,-1.373478421246766,1.516820319849483,-2.0833199782218825
ESP,Spain,2018,0.613681647994712,34.7,1307871701701.25,46782011,8.08,34.7,-0.4721152202942027,27.89942227676831,-1.373478421246766,1.516820319849483,-2.0833199782218825
ESP,Spain,2018,0.339754545602609,34.7,1307871701701.25,46782011,8.08,34.7,-1.0505236688016064,27.89942227676831,-1.373478421246766,1.516820319849483,-2.0833199782218825
ESP,Spain,2018,0.00212346591001631,34.7,1307871701701.25,46782011,8.08,34.7,-4.412612373048538,27.89942227676831,-1.373478421246766,1.516820319849483,-2.0833199782218825
ESP,Spain,2019,0.69779523479218,34.3,1333521400432.69,47118501,8.29,34.3,-0.34560044351477065,27.918844228758186,-1.7734784212467716,1.726820319849482,-3.0624785746235044
ESP,Spain,2019,0.427952968769826,34.3,1333521400432.69,47118501,8.29,34.3,-0.8256437516088794,27.918844228758186,-1.7734784212467716,1.726820319849482,-3.0624785746235044
ESP,Spain,2019,0,34.3,1333521400432.69,47118501,8.29,34.3,-4.605170185988091,27.918844228758186,-1.7734784212467716,1.726820319849482,-3.0624785746235044
ESP,Spain,2020,0.69421884953507,34.9,1187633217292.02,47359424,8.12,34.9,-0.3506661053160005,27.80298354954592,-1.1734784212467702,1.556820319849482,-1.826895051101862
ESP,Spain,2020,0.450927651510695,34.9,1187633217292.02,47359424,8.12,34.9,-0.7745141864562438,27.80298354954592,-1.1734784212467702,1.556820319849482,-1.826895051101862
ESP,Spain,2020,0.00419467582800646,34.9,1187633217292.02,47359424,8.12,34.9,-4.254888326372818,27.80298354954592,-1.1734784212467702,1.556820319849482,-1.826895051101862
ESP,Spain,2021,0.607512242916661,33.9,1267004457826.92,47443821,7.94,33.9,-0.48205638409086315,27.867676535672505,-2.17347842124677,1.3768203198494833,-2.992489255126928
ESP,Spain,2021,0.391740653191088,33.9,1267004457826.92,47443821,7.94,33.9,-0.9119485398720236,27.867676535672505,-2.17347842124677,1.3768203198494833,-2.992489255126928
ESP,Spain,2021,0.0062846094094827,33.9,1267004457826.92,47443821,7.94,33.9,-4.117534825221792,27.867676535672505,-2.17347842124677,1.3768203198494833,-2.992489255126928
ESP,Spain,2022,0.679512839473507,33.6,1347716659731.45,47786102,8.07,33.6,-0.371769960495751,27.929432913247442,-2.4734784212467673,1.5068203198494832,-3.7270875458438484
ESP,Spain,2022,0.409798512420946,33.6,1347716659731.45,47786102,8.07,33.6,-0.8679804151441743,27.929432913247442,-2.4734784212467673,1.5068203198494832,-3.7270875458438484
ESP,Spain,2022,0,33.6,1347716659731.45,47786102,8.07,33.6,-4.605170185988091,27.929432913247442,-2.4734784212467673,1.5068203198494832,-3.7270875458438484
ESP,Spain,2023,0.690855954769765,33.4,1380882052539.27,48352528,8.07,33.4,-0.35545289841239,27.95374357942319,-2.67347842124677,1.5068203198494832,-4.028451609813749
ESP,Spain,2023,0.446656115772597,33.4,1380882052539.27,48352528,8.07,33.4,-0.7838246532425789,27.95374357942319,-2.67347842124677,1.5068203198494832,-4.028451609813749
EST,Estonia,2008,6.43195514982716,31.9,22314692031.2014,1337090,7.68,31.9,1.8628320887343768,23.82851113395555,-4.17347842124677,1.1168203198494826,-4.6610255053017315
EST,Estonia,2010,5.25743203736382,32,19516680413.329,1331475,7.68,32,1.6615429643564597,23.694535342676808,-4.073478421246769,1.1168203198494826,-4.549343473316782
EST,Estonia,2010,3.98062711400403,32,19516680413.329,1331475,7.68,32,1.3839483899812184,23.694535342676808,-4.073478421246769,1.1168203198494826,-4.549343473316782
EST,Estonia,2011,4.89694750660617,32.5,21001309333.0129,1327439,7.61,32.5,1.5906520593953941,23.767850621917294,-3.5734784212467687,1.0468203198494832,-3.7407898239047688
EST,Estonia,2011,3.01350615791149,32.5,21001309333.0129,1327439,7.61,32.5,1.1064171374122018,23.767850621917294,-3.5734784212467687,1.0468203198494832,-3.7407898239047688
EST,Estonia,2012,4.76328730334428,32.9,21772481344.2301,1322696,7.61,32.9,1.563035229663763,23.80391268568065,-3.17347842124677,1.0468203198494832,-3.322061695964977
EST,Estonia,2012,4.46085636344941,32.9,21772481344.2301,1322696,7.61,32.9,1.4975799704663608,23.80391268568065,-3.17347842124677,1.0468203198494832,-3.322061695964977
EST,Estonia,2013,3.94561276314676,35.1,22154913628.3244,1317997,7.61,35.1,1.3751355230104652,23.821325143071846,-0.9734784212467673,1.0468203198494832,-1.0190569922961108
EST,Estonia,2013,5.23552462802167,35.1,22154913628.3244,1317997,7.61,35.1,1.657375261254479,23.821325143071846,-0.9734784212467673,1.0468203198494832,-1.0190569922961108
EST,Estonia,2013,0,35.1,22154913628.3244,1317997,7.61,35.1,-4.605170185988091,23.821325143071846,-0.9734784212467673,1.0468203198494832,-1.0190569922961108
EST,Estonia,2014,3.11917057450557,34.6,22891074856.6938,1314545,7.74,34.6,1.1407679772646881,23.854012927287396,-1.4734784212467673,1.176820319849483,-1.7340193469829321
EST,Estonia,2014,2.43447459473606,34.6,22891074856.6938,1314545,7.74,34.6,0.8938302101562371,23.854012927287396,-1.4734784212467673,1.176820319849483,-1.7340193469829321
EST,Estonia,2014,0,34.6,22891074856.6938,1314545,7.74,34.6,-4.605170185988091,23.854012927287396,-1.4734784212467673,1.176820319849483,-1.7340193469829321
EST,Estonia,2015,3.42315697228612,32.7,23311847750.9394,1315407,7.85,32.7,1.233480237952831,23.872227555447058,-3.373478421246766,1.2868203198494825,-4.341060581034091
EST,Estonia,2015,2.7385255778289,32.7,23311847750.9394,1315407,7.85,32.7,1.0110646143800244,23.872227555447058,-3.373478421246766,1.2868203198494825,-4.341060581034091
EST,Estonia,2015,0,32.7,23311847750.9394,1315407,7.85,32.7,-4.605170185988091,23.872227555447058,-3.373478421246766,1.2868203198494825,-4.341060581034091
EST,Estonia,2016,2.50788654321279,31.2,24032887679.5037,1315790,7.85,31.2,0.923419876311841,23.902689049242092,-4.8734784212467694,1.2868203198494825,-6.271291060808319
EST,Estonia,2017,2.2012646645026,30.4,25387062190.0468,1317384,7.79,30.4,0.7935645982404049,23.957505518605124,-5.67347842124677,1.226820319849483,-6.960338611413102
EST,Estonia,2018,2.11805990251629,30.3,26326306710.8582,1321977,7.97,30.3,0.7552107207619108,23.99383453137398,-5.773478421246768,1.4068203198494826,-8.122246759222465
EST,Estonia,2018,2.11805990251629,30.3,26326306710.8582,1321977,7.97,30.3,0.7552107207619108,23.99383453137398,-5.773478421246768,1.4068203198494826,-8.122246759222465
EST,Estonia,2019,1.95957029638124,30.8,27307395871.0676,1326898,7.9,30.8,0.6778153952931256,24.030423413475678,-5.273478421246768,1.3368203198494832,-7.049693109810453
EST,Estonia,2019,2.63788309128244,30.8,27307395871.0676,1326898,7.9,30.8,0.97376048728232,24.030423413475678,-5.273478421246768,1.3368203198494832,-7.049693109810453
EST,Estonia,2020,3.1586796568621,30.7,26519903136.8312,1329522,7.84,30.7,1.1533149890930767,24.001161349800057,-5.3734784212467694,1.2768203198494827,-6.860966436520593
EST,Estonia,2020,2.10578643790807,30.7,26519903136.8312,1329522,7.84,30.7,0.7494265816379365,24.001161349800057,-5.3734784212467694,1.2768203198494827,-6.860966436520593
EST,Estonia,2021,1.95231911106406,31.8,28709089435.1187,1330932,7.84,31.8,0.6741269937200501,24.080479614627926,-4.273478421246768,1.2768203198494827,-5.456464084686161
EST,Estonia,2021,2.17758670080222,31.8,28709089435.1187,1330932,7.84,31.8,0.7827989731166437,24.080479614627926,-4.273478421246768,1.2768203198494827,-5.456464084686161
EST,Estonia,2022,1.48138107676406,32.3,28357067289.1155,1348840,7.96,32.3,0.3997025878105451,24.06814212314733,-3.7734784212467716,1.3968203198494828,-5.270871335311037
EST,Estonia,2022,2.14800256130788,32.3,28357067289.1155,1348840,7.96,32.3,0.7691830537248956,24.06814212314733,-3.7734784212467716,1.3968203198494828,-5.270871335311037
EST,Estonia,2023,1.53599045052794,30.7,27578887219.4051,1370286,7.96,30.7,0.43566477325607555,24.040316361122866,-5.3734784212467694,1.3968203198494828,-7.505783847070207
EST,Estonia,2023,1.38970564571576,30.7,27578887219.4051,1370286,7.96,30.7,0.33626196145476817,24.040316361122866,-5.3734784212467694,1.3968203198494828,-7.505783847070207
FIN,Finland,2006,2.25967394424093,28,232081249320.459,5266268,9.25,28,0.8196361842782753,26.170353359890793,-8.073478421246769,2.686820319849483,-21.69198587407214
FIN,Finland,2006,1.40517539389772,28,232081249320.459,5266268,9.25,28,0.34725347669823514,26.170353359890793,-8.073478421246769,2.686820319849483,-21.69198587407214
FIN,Finland,2008,2.50311619145414,27.8,246328504349.487,5313399,9.25,27.8,0.921523493646254,26.229931865581662,-8.273478421246768,2.686820319849483,-22.229349938042034
FIN,Finland,2008,1.75029929176868,27.8,246328504349.487,5313399,9.25,27.8,0.5654838467341294,26.229931865581662,-8.273478421246768,2.686820319849483,-22.229349938042034
FIN,Finland,2010,2.20011725879187,27.7,233609048324.553,5363352,9.19,27.7,0.793045572398985,26.176914821416396,-8.37347842124677,2.6268203198494824,-21.99562326475218
FIN,Finland,2010,1.37973455212371,27.7,233609048324.553,5363352,9.19,27.7,0.32911275921039373,26.176914821416396,-8.37347842124677,2.6268203198494824,-21.99562326475218
FIN,Finland,2010,0,27.7,233609048324.553,5363352,9.19,27.7,-4.605170185988091,26.176914821416396,-8.37347842124677,2.6268203198494824,-21.99562326475218
FIN,Finland,2011,2.04148255432524,27.6,239193226293.28,5388272,9.06,27.6,0.7185627290010356,26.200537540450014,-8.473478421246767,2.4968203198494834,-21.15675310197505
FIN,Finland,2011,1.52183244958791,27.6,239193226293.28,5388272,9.06,27.6,0.42646469822766186,26.200537540450014,-8.473478421246767,2.4968203198494834,-21.15675310197505
FIN,Finland,2011,0,27.6,239193226293.28,5388272,9.06,27.6,-4.605170185988091,26.200537540450014,-8.473478421246767,2.4968203198494834,-21.15675310197505
FIN,Finland,2012,1.64389487458514,27.1,235550695854.071,5413971,9.06,27.1,0.5031330362896511,26.18519199625524,-8.973478421246767,2.4968203198494834,-22.40516326189979
FIN,Finland,2012,1.31142175388252,27.1,235550695854.071,5413971,9.06,27.1,0.2787082432316727,26.18519199625524,-8.973478421246767,2.4968203198494834,-22.40516326189979
FIN,Finland,2012,0,27.1,235550695854.071,5413971,9.06,27.1,-4.605170185988091,26.18519199625524,-8.973478421246767,2.4968203198494834,-22.40516326189979
FIN,Finland,2013,1.63631426279538,27.2,233242909052.234,5438972,9.03,27.2,0.4985390091800679,26.175346275578246,-8.87347842124677,2.4668203198494822,-21.889276877277435
FIN,Finland,2013,1.23183208547517,27.2,233242909052.234,5438972,9.03,27.2,0.2165877774914698,26.175346275578246,-8.87347842124677,2.4668203198494822,-21.889276877277435
FIN,Finland,2013,0,27.2,233242909052.234,5438972,9.03,27.2,-4.605170185988091,26.175346275578246,-8.87347842124677,2.4668203198494822,-21.889276877277435
FIN,Finland,2014,1.61122466990035,26.8,232127848351.009,5461512,9.03,26.8,0.48318183271789006,26.170554127307632,-9.273478421246768,2.4668203198494822,-22.876005005217223
FIN,Finland,2014,1.3548934724162,26.8,232127848351.009,5461512,9.03,26.8,0.3110763834055392,26.170554127307632,-9.273478421246768,2.4668203198494822,-22.876005005217223
FIN,Finland,2014,0.0183093712488676,26.8,232127848351.009,5461512,9.03,26.8,-3.564562389611583,26.170554127307632,-9.273478421246768,2.4668203198494822,-22.876005005217223
FIN,Finland,2015,1.49642750743994,27.1,233210733506.25,5479531,9.03,27.1,0.4097409585764156,26.175208317405776,-8.973478421246767,2.4668203198494822,-22.135958909262378
FIN,Finland,2015,0,27.1,233210733506.25,5479531,9.03,27.1,-4.605170185988091,26.175208317405776,-8.973478421246767,2.4668203198494822,-22.135958909262378
FIN,Finland,2016,1.34656386925302,27.1,239208760000.401,5495303,9.03,27.1,0.30495493586617617,26.20060248042757,-8.973478421246767,2.4668203198494822,-22.135958909262378
FIN,Finland,2016,0.982627688373822,27.1,239208760000.401,5495303,9.03,27.1,-0.007399621422541935,26.20060248042757,-8.973478421246767,2.4668203198494822,-22.135958909262378
FIN,Finland,2016,0,27.1,239208760000.401,5495303,9.03,27.1,-4.605170185988091,26.20060248042757,-8.973478421246767,2.4668203198494822,-22.135958909262378
FIN,Finland,2017,1.21632504271661,27.4,247110710501.527,5508214,9.03,27.4,0.2040219269396476,26.233102293807473,-8.67347842124677,2.4668203198494822,-21.39591281330754
FIN,Finland,2017,0.871397045528317,27.4,247110710501.527,5508214,9.03,27.4,-0.12624707860129233,26.233102293807473,-8.67347842124677,2.4668203198494822,-21.39591281330754
FIN,Finland,2017,0,27.4,247110710501.527,5508214,9.03,27.4,-4.605170185988091,26.233102293807473,-8.67347842124677,2.4668203198494822,-21.39591281330754
FIN,Finland,2018,1.59543516989979,27.3,250058685918.643,5515525,9.14,27.3,0.4733948537257778,26.244961470935245,-8.773478421246768,2.5768203198494835,-22.60767747162964
FIN,Finland,2018,0.725197804499907,27.3,250058685918.643,5515525,9.14,27.3,-0.3076156942074867,26.244961470935245,-8.773478421246768,2.5768203198494835,-22.60767747162964
FIN,Finland,2018,0,27.3,250058685918.643,5515525,9.14,27.3,-4.605170185988091,26.244961470935245,-8.773478421246768,2.5768203198494835,-22.60767747162964
FIN,Finland,2019,1.46692385524251,27.7,253433824168.6,5521606,9.25,27.7,0.38996144855917636,26.258368577253943,-8.37347842124677,2.686820319849483,-22.49803197002699
FIN,Finland,2019,0.977949236828337,27.7,253433824168.6,5521606,9.25,27.7,-0.012123962282656523,26.258368577253943,-8.37347842124677,2.686820319849483,-22.49803197002699
FIN,Finland,2019,0,27.7,253433824168.6,5521606,9.25,27.7,-4.605170185988091,26.258368577253943,-8.37347842124677,2.686820319849483,-22.49803197002699
FIN,Finland,2020,1.75419179501202,27.1,247120696232.09,5529543,9.2,27.1,0.5676926790052889,26.2331427029374,-8.973478421246767,2.636820319849482,-23.661450240874327
FIN,Finland,2020,1.04889818670822,27.1,247120696232.09,5529543,9.2,27.1,0.0572289210231333,26.2331427029374,-8.973478421246767,2.636820319849482,-23.661450240874327
FIN,Finland,2020,0,27.1,247120696232.09,5529543,9.2,27.1,-4.605170185988091,26.2331427029374,-8.973478421246767,2.636820319849482,-23.661450240874327
FIN,Finland,2021,1.28133981222055,27.7,253734502126.393,5541017,9.27,27.7,0.25568029351155536,26.259554290073265,-8.37347842124677,2.7068203198494825,-22.66550153845192
FIN,Finland,2021,0.97454013887197,27.7,253734502126.393,5541017,9.27,27.7,-0.015580610914389132,26.259554290073265,-8.37347842124677,2.7068203198494825,-22.66550153845192
FIN,Finland,2021,0,27.7,253734502126.393,5541017,9.27,27.7,-4.605170185988091,26.259554290073265,-8.37347842124677,2.7068203198494825,-22.66550153845192
FIN,Finland,2022,1.23893509757691,27.9,255670602724.759,5556106,9.29,27.9,0.2222912662840113,26.267155744799904,-8.17347842124677,2.726820319849482,-22.287607042906956
FIN,Finland,2022,0.897779056215154,27.9,255670602724.759,5556106,9.29,27.9,-0.09675426014995245,26.267155744799904,-8.17347842124677,2.726820319849482,-22.287607042906956
FIN,Finland,2022,0.0179555811243031,27.9,255670602724.759,5556106,9.29,27.9,-3.577138416871154,26.267155744799904,-8.17347842124677,2.726820319849482,-22.287607042906956
FIN,Finland,2023,0.98193498501344,27.4,253269616816.416,5583911,9.3,27.4,-0.008097713146025812,26.25772043735731,-8.67347842124677,2.7368203198494836,-23.73775198704418
FIN,Finland,2023,0.839108078102395,27.4,253269616816.416,5583911,9.3,27.4,-0.16356880029884405,26.25772043735731,-8.67347842124677,2.7368203198494836,-23.73775198704418
FJI,Fiji,2008,1.88178202543948,40.4,3831109777.44242,903399,5.11,40.4,0.6375192554511716,22.066420357290244,4.32652157875323,-1.4531796801505168,-6.287213243976928
FJI,Fiji,2010,2.19679070845402,NA,3889636945.80504,910419,3.62,38.92,0.7915392919912968,22.081581660094,2.846521578753233,-2.943179680150517,-8.377824469696485
FJI,Fiji,2011,2.19060809637799,NA,3994857188.49831,912989,3.67,38.18,0.7887337296153112,22.10827366796582,2.106521578753231,-2.893179680150517,-6.094545427447435
FJI,Fiji,2012,2.18598705786362,NA,4051237182.53114,914918,3.67,37.440000000000005,0.7866316301251906,22.122288148584392,1.366521578753236,-2.893179680150517,-3.9535924641360674
FJI,Fiji,2013,2.07343789644269,36.7,4243031642.79505,916352,3.61,36.7,0.734019364113201,22.168543860785515,0.6265215787532341,-2.9531796801505172,-1.850230795549873
FRA,France,2006,1.41660322639846,29.7,2267844862926.15,63622342,8.07,29.7,0.35529625245917323,28.44985109686461,-6.3734784212467694,1.5068203198494832,-9.603686793256836
FRA,France,2006,0.615634166648704,29.7,2267844862926.15,63622342,8.07,29.7,-0.4689894770340509,28.44985109686461,-6.3734784212467694,1.5068203198494832,-9.603686793256836
FRA,France,2008,1.62630919084507,33,2334072135222.36,64375116,8.07,33,0.49244321228291404,28.478635555580258,-3.0734784212467687,1.5068203198494832,-4.63117973775354
FRA,France,2008,1.05287989730518,33,2334072135222.36,64375116,8.07,33,0.060982108315396785,28.478635555580258,-3.0734784212467687,1.5068203198494832,-4.63117973775354
FRA,France,2010,1.25517676645729,33.7,2313515332182.54,65026211,7.77,33.7,0.23521184874714549,28.46978927253865,-2.373478421246766,1.2068203198494825,-2.8643619874848665
FRA,France,2010,1.03599388889754,33.7,2313515332182.54,65026211,7.77,33.7,0.04496752327149625,28.46978927253865,-2.373478421246766,1.2068203198494825,-2.8643619874848665
FRA,France,2011,1.34308688468283,33.3,2369909039106.43,65340830,7.77,33.3,0.3023885634482535,28.493872690215184,-2.7734784212467716,1.2068203198494825,-3.3470901154246664
FRA,France,2011,0.801772661300145,33.3,2369909039106.43,65340830,7.77,33.3,-0.2085349517887257,28.493872690215184,-2.7734784212467716,1.2068203198494825,-3.3470901154246664
FRA,France,2012,1.22388195514924,33.1,2374265767668.09,65657659,7.88,33.1,0.21016526057458584,28.49570935516276,-2.9734784212467673,1.3168203198494828,-3.915536805731703
FRA,France,2012,0.910106096750007,33.1,2374265767668.09,65657659,7.88,33.1,-0.08326629303383022,28.49570935516276,-2.9734784212467673,1.3168203198494828,-3.915536805731703
FRA,France,2013,1.20675158408277,32.5,2392826743357.49,65997932,7.92,32.5,0.19618467162724657,28.5034965207951,-3.5734784212467687,1.3568203198494828,-4.8485681344912654
FRA,France,2013,0.863518508043784,32.5,2392826743357.49,65997932,7.92,32.5,-0.1352259612595322,28.5034965207951,-3.5734784212467687,1.3568203198494828,-4.8485681344912654
FRA,France,2013,0.00155309084180537,32.5,2392826743357.49,65997932,7.92,32.5,-4.4608022724631455,28.5034965207951,-3.5734784212467687,1.3568203198494828,-4.8485681344912654
FRA,France,2014,1.2242533397519,32.3,2416703156974.4,66312067,8.04,32.3,0.21046620404898145,28.51342539545071,-3.7734784212467716,1.476820319849482,-5.572749609010776
FRA,France,2014,0.814623118749057,32.3,2416703156974.4,66312067,8.04,32.3,-0.1928288227828509,28.51342539545071,-3.7734784212467716,1.476820319849482,-5.572749609010776
FRA,France,2014,0.00154577441887867,32.3,2416703156974.4,66312067,8.04,32.3,-4.46143576013354,28.51342539545071,-3.7734784212467716,1.476820319849482,-5.572749609010776
FRA,France,2015,1.55892963521539,32.7,2442483452642.5,66548272,7.92,32.7,0.450393625846193,28.52403644607786,-3.373478421246766,1.3568203198494828,-4.577204070521365
FRA,France,2015,0.844163478357743,32.7,2442483452642.5,66548272,7.92,32.7,-0.15763267686489918,28.52403644607786,-3.373478421246766,1.3568203198494828,-4.577204070521365
FRA,France,2015,0.00462133291071757,32.7,2442483452642.5,66548272,7.92,32.7,-4.225273658452551,28.52403644607786,-3.373478421246766,1.3568203198494828,-4.577204070521365
FRA,France,2016,1.19686224509648,31.9,2463489569347.31,66724104,7.92,31.9,0.1880238056074398,28.53259998484284,-4.17347842124677,1.3568203198494828,-5.662660326400958
FRA,France,2016,0.686774613039956,31.9,2463489569347.31,66724104,7.92,31.9,-0.3612932877471231,28.53259998484284,-4.17347842124677,1.3568203198494828,-5.662660326400958
FRA,France,2016,0.00921845118174437,31.9,2463489569347.31,66724104,7.92,31.9,-3.951884462363181,28.53259998484284,-4.17347842124677,1.3568203198494828,-5.662660326400958
FRA,France,2017,1.08754298245582,31.6,2514819204088.14,66918020,7.8,31.6,0.09307402916915769,28.553222029853764,-4.473478421246767,1.2368203198494827,-5.532889011806185
FRA,France,2017,0.689287805781856,31.6,2514819204088.14,66918020,7.8,31.6,-0.3576928821737389,28.553222029853764,-4.473478421246767,1.2368203198494827,-5.532889011806185
FRA,France,2017,0.00459525203854571,31.6,2514819204088.14,66918020,7.8,31.6,-4.227059005997091,28.553222029853764,-4.473478421246767,1.2368203198494827,-5.532889011806185
FRA,France,2018,1.06227847973755,32.4,2556210832760.02,67158348,7.8,32.4,0.06978580478728033,28.56954713447247,-3.67347842124677,1.2368203198494827,-4.543432755926603
FRA,France,2018,0.480772587812255,32.4,2556210832760.02,67158348,7.8,32.4,-0.7117744197584348,28.56954713447247,-3.67347842124677,1.2368203198494827,-4.543432755926603
FRA,France,2018,0.00152626218353097,32.4,2556210832760.02,67158348,7.8,32.4,-4.46312717908678,28.56954713447247,-3.67347842124677,1.2368203198494827,-4.543432755926603
FRA,France,2019,1.14560504750237,31.2,2608036638906.12,67382061,8.12,31.2,0.14462405746330645,28.589618808554594,-4.8734784212467694,1.556820319849482,-7.5871302345449445
FRA,France,2019,0.523357418779303,31.2,2608036638906.12,67382061,8.12,31.2,-0.6285635002308727,28.589618808554594,-4.8734784212467694,1.556820319849482,-7.5871302345449445
FRA,France,2020,1.04999178555921,30.7,2413981867676.36,67601110,7.99,30.7,0.05826115862150509,28.512298727256855,-5.3734784212467694,1.426820319849483,-7.666988199707611
FRA,France,2020,0.426369496737192,30.7,2413981867676.36,67601110,7.99,30.7,-0.8292659249519756,28.512298727256855,-5.3734784212467694,1.426820319849483,-7.666988199707611
FRA,France,2021,1.11071518973766,31.5,2580120255051.75,67842811,7.99,31.5,0.11396704377863956,28.578857124261013,-4.573478421246769,1.426820319849483,-6.525531943828024
FRA,France,2021,0.541738471288939,31.5,2580120255051.75,67842811,7.99,31.5,-0.5946811288729447,28.578857124261013,-4.573478421246769,1.426820319849483,-6.525531943828024
FRA,France,2022,1.23873280289769,31.2,2650215998256.03,68184457,8.07,31.2,0.22212927943249763,28.60566226138088,-4.8734784212467694,1.5068203198494832,-7.343456313482611
FRA,France,2022,0.535627460449061,31.2,2650215998256.03,68184457,8.07,31.2,-0.6058188429843513,28.60566226138088,-4.8734784212467694,1.5068203198494832,-7.343456313482611
FRA,France,2023,1.33506280409367,31.8,2688358302961.22,68372286,8.07,31.8,0.2964407064570835,28.619951826938763,-4.273478421246768,1.5068203198494832,-6.439364121572919
FRA,France,2023,0.416924911763186,31.8,2688358302961.22,68372286,8.07,31.8,-0.8511471318887502,28.619951826938763,-4.273478421246768,1.5068203198494832,-6.439364121572919
GEO,Georgia,2006,8.08188677777051,36.9,9913559155.90151,3880347,4.9,36.9,2.0908619273354554,23.017169268731575,0.8265215787532298,-1.6631796801505168,-1.374653894988297
GEO,Georgia,2006,7.78163092224962,36.9,9913559155.90151,3880347,4.9,36.9,2.053050198977353,23.017169268731575,0.8265215787532298,-1.6631796801505168,-1.374653894988297
GEO,Georgia,2008,6.67310210823087,38.5,11430503827.9115,3848449,4.62,38.5,1.8995822672137799,23.159551393213988,2.4265215787532313,-1.943179680150517,-4.715167425280032
GEO,Georgia,2008,5.75967368276961,38.5,11430503827.9115,3848449,4.62,38.5,1.7526155248080448,23.159551393213988,2.4265215787532313,-1.943179680150517,-4.715167425280032
GEO,Georgia,2010,4.79988767749478,39.5,11701134202.5253,3786695,4.59,39.5,1.5706737319728235,23.182951614438483,3.4265215787532313,-1.9731796801505173,-6.7611427527931465
GEO,Georgia,2010,3.92718082704118,39.5,11701134202.5253,3786695,4.59,39.5,1.370464941067163,23.182951614438483,3.4265215787532313,-1.9731796801505173,-6.7611427527931465
GEO,Georgia,2011,2.99840464194396,39.6,12629541567.4316,3756441,4.74,39.6,1.1014099189631898,23.259304475534584,3.5265215787532327,-1.823179680150517,-6.429482483995215
GEO,Georgia,2012,1.61491640984286,39,13460417765.6957,3728874,5.53,39,0.4854563743619121,23.323019198251597,2.9265215787532313,-1.0331796801505169,-3.023622628689849
GEO,Georgia,2012,0,39,13460417765.6957,3728874,5.53,39,-4.605170185988091,23.323019198251597,2.9265215787532313,-1.0331796801505169,-3.023622628689849
GEO,Georgia,2013,0,38.6,14151325572.1376,3717668,5.95,38.6,-4.605170185988091,23.373074136657685,2.5265215787532327,-0.6131796801505169,-1.5492116935532863
GEO,Georgia,2014,1.81918104951191,37.6,14730184213.8494,3719414,5.82,37.6,0.6038683527611693,23.413164573374615,1.5265215787532327,-0.7431796801505168,-1.1344798186406895
GEO,Georgia,2014,0,37.6,14730184213.8494,3719414,5.82,37.6,-4.605170185988091,23.413164573374615,1.5265215787532327,-0.7431796801505168,-1.1344798186406895
GEO,Georgia,2016,1.02846555312855,36.6,15749049874.5344,3727505,5.93,36.6,0.03774419395101495,23.480045874972014,0.5265215787532327,-0.6331796801505174,-0.3333827648273173
GEO,Georgia,2016,2.6107202502494,36.6,15749049874.5344,3727505,5.93,36.6,0.9634491846689823,23.480045874972014,0.5265215787532327,-0.6331796801505174,-0.3333827648273173
GEO,Georgia,2017,2.39924552955963,37.9,16561685511.0983,3728004,5.93,37.9,0.8793136402155801,23.530357762795234,1.8265215787532298,-0.6331796801505174,-1.1565163490229882
GEO,Georgia,2017,2.63653354896662,37.9,16561685511.0983,3728004,5.93,37.9,0.9732506889658111,23.530357762795234,1.8265215787532298,-0.6331796801505174,-1.1565163490229882
GEO,Georgia,2018,2.34526705345127,36.4,17565660917.3341,3726549,5.5,36.4,0.8566541195323661,23.589211748903896,0.32652157875322985,-1.0631796801505171,-0.3471511076611008
GEO,Georgia,2019,2.02806499553233,35.9,18510819818.4957,3720161,5.42,35.9,0.7120008261135551,23.64162125312345,-0.17347842124677015,-1.1431796801505172,0.19831700611389938
GHA,Ghana,2012,2.09468981730321,42.4,43858655296.9198,26734268,6.02,42.4,0.7441681010761251,24.5042379204812,6.32652157875323,-0.5431796801505175,-3.4364379676125267
GHA,Ghana,2013,2.01196278014916,NA,47065830437.531,27386193,6.33,42.675,0.7040687129853195,24.574813106271627,6.601521578753228,-0.23317968015051704,-1.539340690240414
GHA,Ghana,2014,1.93640928203346,NA,48410143589.6826,28041592,6.33,42.95,0.6659862812969415,24.60297520700976,6.876521578753234,-0.23317968015051704,-1.6034651022818076
GHA,Ghana,2015,1.82951897503029,NA,49436806230.4839,28696068,6.86,43.225,0.6095041108290274,24.62396104911127,7.151521578753233,0.2968203198494832,2.1227169224160156
GHA,Ghana,2016,1.87009855981462,43.5,51104539956.3997,29356742,6.75,43.5,0.6313242009010014,24.657139174757567,7.426521578753231,0.18682031984948289,1.3874251367117654
GRC,Greece,2006,0.99853818548455,35.1,255898673342.699,11020362,8.13,35.1,0.008501941338899203,26.268047395818524,-0.9734784212467673,1.5668203198494837,-1.5252657713444304
GRC,Greece,2008,1.30000599447209,33.6,265024939553.215,11077841,8.13,33.6,0.27003171313548385,26.303089770025988,-2.4734784212467673,1.5668203198494837,-3.8754962511186557
GRC,Greece,2010,1.58206940071031,34.1,239639588360.141,11121341,7.92,34.1,0.4650346798830249,26.202401916417966,-1.9734784212467673,1.3568203198494828,-2.6776556227320913
GRC,Greece,2010,0,34.1,239639588360.141,11121341,7.92,34.1,-4.605170185988091,26.202401916417966,-1.9734784212467673,1.3568203198494828,-2.6776556227320913
GRC,Greece,2011,1.65633803374762,34.8,215970916413.204,11104899,7.65,34.8,0.5106284245720796,26.09840958932979,-1.2734784212467716,1.0868203198494832,-1.3840422251008313
GRC,Greece,2011,0.0180036742798654,34.8,215970916413.204,11104899,7.65,34.8,-3.5754195531351787,26.09840958932979,-1.2734784212467716,1.0868203198494832,-1.3840422251008313
GRC,Greece,2012,1.50249393628294,36.3,197978089510.093,11045011,7.65,36.3,0.4137599018456925,26.01142220247785,0.22652157875322843,1.0868203198494832,0.24618825467339361
GRC,Greece,2012,0.0181023365817222,36.3,197978089510.093,11045011,7.65,36.3,-3.5719025537249487,26.01142220247785,0.22652157875322843,1.0868203198494832,0.24618825467339361
GRC,Greece,2013,1.39502562128674,36.1,193479795684.276,10965211,7.65,36.1,0.3400555384107131,25.988438928896272,0.02652157875323269,1.0868203198494832,0.02882419070350161
GRC,Greece,2013,0.027353443554642,36.1,193479795684.276,10965211,7.65,36.1,-3.2873301747417525,25.988438928896272,0.02652157875323269,1.0868203198494832,0.02882419070350161
GRC,Greece,2014,0.982267185579143,35.8,195012591113.587,10892413,7.45,35.8,-0.007762867661296063,25.996329963238885,-0.2734784212467716,0.8868203198494831,-0.24252622100199364
GRC,Greece,2014,0.0275402014648358,35.8,195012591113.587,10892413,7.45,35.8,-3.282342881167003,25.996329963238885,-0.2734784212467716,0.8868203198494831,-0.24252622100199364
GRC,Greece,2015,0.859447721666469,36,194567373678.099,10820883,7.45,36,-0.13989707158826023,25.994044334256152,-0.07347842124676873,0.8868203198494831,-0.0651621570320945
GRC,Greece,2015,0.0369654934050094,36,194567373678.099,10820883,7.45,36,-3.0583421297884503,25.994044334256152,-0.07347842124676873,0.8868203198494831,-0.0651621570320945
GRC,Greece,2016,0.779545903374914,35,194505511433.343,10775971,7.23,35,-0.2362973046398272,25.99372633602166,-1.0734784212467687,0.6668203198494833,-0.7158172242072887
GRC,Greece,2016,0,35,194505511433.343,10775971,7.23,35,-4.605170185988091,25.99372633602166,-1.0734784212467687,0.6668203198494833,-0.7158172242072887
GRC,Greece,2017,0.799737128265793,34.4,197370820217.692,10754679,7.29,34.4,-0.21104561699307836,26.008350132440185,-1.6734784212467702,0.7268203198494829,-1.2163181213917853
GRC,Greece,2017,0,34.4,197370820217.692,10754679,7.29,34.4,-4.605170185988091,26.008350132440185,-1.6734784212467702,0.7268203198494829,-1.2163181213917853
GRC,Greece,2018,0.922574259889262,32.9,201445880434.67,10732882,7.29,32.9,-0.06980649536490015,26.028786598807386,-3.17347842124677,0.7268203198494829,-2.3065486011660097
GRC,Greece,2018,0,32.9,201445880434.67,10732882,7.29,32.9,-4.605170185988091,26.028786598807386,-3.17347842124677,0.7268203198494829,-2.3065486011660097
GRC,Greece,2019,0.727708640014711,33.1,206033167050.895,10721582,7.43,33.1,-0.30420632906244427,26.051302997877492,-2.9734784212467673,0.8668203198494826,-2.5774715161706574
GRC,Greece,2019,0.0559775876934393,33.1,206033167050.895,10721582,7.43,33.1,-2.7184401750286273,26.051302997877492,-2.9734784212467673,0.8668203198494826,-2.5774715161706574
GRC,Greece,2020,0.72901495405944,33.6,187085880047.738,10698599,7.39,33.6,-0.3024371227049227,25.954833599969444,-2.4734784212467673,0.8268203198494826,-2.0451222193960454
GRC,Greece,2020,0.925288210921597,33.6,187085880047.738,10698599,7.39,33.6,-0.06690055021681826,25.954833599969444,-2.4734784212467673,0.8268203198494826,-2.0451222193960454
GRC,Greece,2020,0.00934634556486462,33.6,187085880047.738,10698599,7.39,33.6,-3.9452517370395035,25.954833599969444,-2.4734784212467673,0.8268203198494826,-2.0451222193960454
GRC,Greece,2021,0.841244735958326,32.9,203277223532.871,10569207,7.56,32.9,-0.16105560543377487,26.037836517526156,-3.17347842124677,0.9968203198494825,-3.163387774902636
GRC,Greece,2021,2.28742950676309,32.9,203277223532.871,10569207,7.56,32.9,0.8317908921929109,26.037836517526156,-3.17347842124677,0.9968203198494825,-3.163387774902636
GRC,Greece,2021,0,32.9,203277223532.871,10569207,7.56,32.9,-4.605170185988091,26.037836517526156,-3.17347842124677,0.9968203198494825,-3.163387774902636
GRC,Greece,2022,1.12365161805833,33.4,214502162962.972,10436882,7.97,33.4,0.12544394298921813,26.0915856590071,-2.67347842124677,1.4068203198494826,-3.761103767689071
GRC,Greece,2022,2.112849196349,33.4,214502162962.972,10436882,7.97,33.4,0.7527591469192854,26.0915856590071,-2.67347842124677,1.4068203198494826,-3.761103767689071
GRC,Greece,2022,0,33.4,214502162962.972,10436882,7.97,33.4,-4.605170185988091,26.0915856590071,-2.67347842124677,1.4068203198494826,-3.761103767689071
GRC,Greece,2023,0.839605274224601,33.4,219083738943.271,10407351,8.14,33.4,-0.16298342062225205,26.112719863282262,-2.67347842124677,1.5768203198494835,-4.215595099301024
GRC,Greece,2023,1.45466495185425,33.4,219083738943.271,10407351,8.14,33.4,0.3816265145068119,26.112719863282262,-2.67347842124677,1.5768203198494835,-4.215595099301024
HND,Honduras,2006,40.7218024373527,57.5,15746542343.9334,7656832,6.25,57.5,3.707009173992066,23.479886644398483,21.42652157875323,-0.3131796801505171,-6.71035117477209
HND,Honduras,2008,55.6000203180321,55.5,17428555328.7177,8012587,6.18,55.5,4.018363406565925,23.58137580886183,19.42652157875323,-0.3831796801505174,-7.4438483249837875
HND,Honduras,2010,74.5408954410341,53.1,17639229093.9667,8365878,5.76,53.1,4.311482052420089,23.593391184414006,17.026521578753233,-0.8031796801505173,-13.675356155698903
HND,Honduras,2011,83.179333307808193,52.6,18315815357.186,8540583,5.84,52.6,4.421119134173146,23.631030750733142,16.526521578753233,-0.7231796801505173,-11.951644589323385
HND,Honduras,2011,10.0812789946541,52.6,18315815357.186,8540583,5.84,52.6,2.311671584969991,23.631030750733142,16.526521578753233,-0.7231796801505173,-11.951644589323385
HND,Honduras,2012,82.2941714854712,53.4,19072018181.9071,8715076,5.84,53.4,4.410421792734739,23.671488081158756,17.32652157875323,-0.7231796801505173,-12.530188333443796
HND,Honduras,2013,72.3455871413622,50,19604424966.4102,8889278,5.84,50,4.281592673888041,23.699021141294477,13.926521578753231,-0.7231796801505173,-10.071377420932038
HND,Honduras,2013,0.0787465572989481,50,19604424966.4102,8889278,5.84,50,-2.42197064237677,23.699021141294477,13.926521578753231,-0.7231796801505173,-10.071377420932038
HND,Honduras,2014,64.9996731259012,49.9,20203944075.628,9063122,5.84,49.9,4.174536076144995,23.729143673563236,13.82652157875323,-0.7231796801505173,-9.9990594529169865
HND,Honduras,2014,0.0662023491351904,49.9,20203944075.628,9063122,5.84,49.9,-2.5743629882189207,23.729143673563236,13.82652157875323,-0.7231796801505173,-9.9990594529169865
HND,Honduras,2015,55.7305404552518,49.2,20979791685.416,9237305,5.84,49.2,4.020707718010596,23.76682551066679,13.126521578753234,-0.7231796801505173,-9.492833676811626
HND,Honduras,2015,3.45338819060321,49.2,20979791685.416,9237305,5.84,49.2,1.2422473557602813,23.76682551066679,13.126521578753234,-0.7231796801505173,-9.492833676811626
HND,Honduras,2015,0.0974310147819088,49.2,20979791685.416,9237305,5.84,49.2,-2.230906360365717,23.76682551066679,13.126521578753234,-0.7231796801505173,-9.492833676811626
HND,Honduras,2016,54.7151729955654,49.8,21796529142.7732,9412380,5.92,49.8,4.002323804583746,23.80501658043136,13.726521578753228,-0.6431796801505172,-8.828619758601674
HND,Honduras,2016,4.24972217441285,49.8,21796529142.7732,9412380,5.92,49.8,1.4492039408805613,23.80501658043136,13.726521578753228,-0.6431796801505172,-8.828619758601674
HND,Honduras,2017,40.2998017393682,49.4,22852116284.6356,9588137,5.72,49.4,3.69659465871877,23.852309566393423,13.32652157875323,-0.8431796801505174,-11.236652202292117
HND,Honduras,2018,37.9817721287217,48.9,23730778960.5382,9765210,5.63,48.9,3.637369613353536,23.890038732836704,12.82652157875323,-0.9331796801505172,-11.969449304304646
HND,Honduras,2018,0.0716830425724054,48.9,23730778960.5382,9765210,5.63,48.9,-2.5049088559124675,23.890038732836704,12.82652157875323,-0.9331796801505172,-11.969449304304646
HND,Honduras,2019,41.0111655865032,48.2,24338200129.3672,9943633,5.42,48.2,3.714088167318623,23.915312974744754,12.126521578753234,-1.1431796801505172,-13.862793059737466
HND,Honduras,2019,5.16913661389471,48.2,24338200129.3672,9943633,5.42,48.2,1.6446383655249581,23.915312974744754,12.126521578753234,-1.1431796801505172,-13.862793059737466
HND,Honduras,2019,0.673797963289777,48.2,24338200129.3672,9943633,5.42,48.2,-0.3800927802988083,23.915312974744754,12.126521578753234,-1.1431796801505172,-13.862793059737466
HND,Honduras,2020,35.7028493255269,NA,22156260473.8169,10119640,5.36,48.06,3.5755105491128854,23.821385933403864,11.986521578753234,-1.2031796801505168,-14.421939199241583
HND,Honduras,2020,2.6878425177258,NA,22156260473.8169,10119640,5.36,47.92,0.9924523860767058,23.821385933403864,11.846521578753233,-1.2031796801505168,-14.25349404402051
HND,Honduras,2020,0.187753705282317,NA,22156260473.8169,10119640,5.36,47.78,-1.6207329353047701,23.821385933403864,11.706521578753232,-1.2031796801505168,-14.085048888799436
HND,Honduras,2021,38.2025965034663,NA,24940257609.6892,10289877,5.1,47.64,3.643165212656127,23.93974910632255,11.566521578753232,-1.4631796801505175,-16.923899344054213
HND,Honduras,2021,4.7716802043251,NA,24940257609.6892,10289877,5.1,47.5,1.564791991920172,23.93974910632255,11.426521578753231,-1.4631796801505175,-16.719054188833137
HND,Honduras,2021,0.184647502815024,NA,24940257609.6892,10289877,5.1,47.36,-1.6365650341113618,23.93974910632255,11.28652157875323,-1.4631796801505175,-16.514209033612065
HND,Honduras,2022,34.9679353875888,NA,25973672631.7766,10463872,5.15,47.22,3.554717445195286,23.980349270865677,11.14652157875323,-1.4131796801505168,-15.752037799453323
HND,Honduras,2022,4.16671763568973,NA,25973672631.7766,10463872,5.15,47.08,1.4295256834430767,23.980349270865677,11.00652157875323,-1.4131796801505168,-15.55419264423225
HND,Honduras,2022,0.172020452849576,NA,25973672631.7766,10463872,5.15,46.94,-1.7036362199249355,23.980349270865677,10.866521578753229,-1.4131796801505168,-15.356347489011176
HND,Honduras,2023,31.4424316507577,46.8,26902451582.3921,10644851,4.98,46.8,3.448476298146684,24.01548325629339,10.726521578753228,-1.5831796801505167,-16.98201100217815
HND,Honduras,2023,3.60737787687211,46.8,26902451582.3921,10644851,4.98,46.8,1.2857494199687505,24.01548325629339,10.726521578753228,-1.5831796801505167,-16.98201100217815
HRV,Croatia,2008,1.64556385535216,33.7,55898760192.6292,4309705,7.04,33.7,0.5041416489025901,24.746808037838772,-2.373478421246766,0.4768203198494829,-1.1317227399747287
HRV,Croatia,2008,0.996609095494968,33.7,55898760192.6292,4309705,7.04,33.7,0.006587351177602664,24.746808037838772,-2.373478421246766,0.4768203198494829,-1.1317227399747287
HRV,Croatia,2010,1.44147646249121,32.4,51394805225.024,4295427,6.81,32.4,0.37258128836154575,24.66280293863904,-3.67347842124677,0.2468203198494825,-0.9066891188922998
HRV,Croatia,2010,0.790487092333891,32.4,51394805225.024,4295427,6.81,32.4,-0.22253487118018958,24.66280293863904,-3.67347842124677,0.2468203198494825,-0.9066891188922998
HRV,Croatia,2011,1.14463944324737,32.3,51337804931.0411,4280622,6.73,32.3,0.14378812488985354,24.661693255944414,-3.7734784212467716,0.1668203198494833,-0.6294928771775098
HRV,Croatia,2011,1.07455947733427,32.3,51337804931.0411,4280622,6.73,32.3,0.08117389287388292,24.661693255944414,-3.7734784212467716,0.1668203198494833,-0.6294928771775098
HRV,Croatia,2012,1.19739770261642,32.5,50189155633.3966,4260368,6.93,32.5,0.1884673846257033,24.6390648170686,-3.5734784212467687,0.3668203198494826,-1.3108244974569638
HRV,Croatia,2012,1.10348415731317,32.5,50189155633.3966,4260368,6.93,32.5,0.1074939797857526,24.6390648170686,-3.5734784212467687,0.3668203198494826,-1.3108244974569638
HRV,Croatia,2013,1.08429254920125,32,50122079966.6919,4233922,6.93,32,0.0901080806840447,24.637727465847664,-4.073478421246769,0.3668203198494826,-1.4942346573817051
HRV,Croatia,2013,1.22572201214054,32,50122079966.6919,4233922,6.93,32,0.21165542446820826,24.637727465847664,-4.073478421246769,0.3668203198494826,-1.4942346573817051
HRV,Croatia,2014,0.853185902809328,32.1,49842552678.5614,4201598,6.93,32.1,-0.14712519648606437,24.632134927581163,-3.9734784212467673,0.3668203198494826,-1.4575526253967563
HRV,Croatia,2014,1.1138815953344,32.1,49842552678.5614,4201598,6.93,32.1,0.11678840369343543,24.632134927581163,-3.9734784212467673,0.3668203198494826,-1.4575526253967563
HRV,Croatia,2014,0,32.1,49842552678.5614,4201598,6.93,32.1,-4.605170185988091,24.632134927581163,-3.9734784212467673,0.3668203198494826,-1.4575526253967563
HRV,Croatia,2015,0.884378611088172,31.1,50998893384.8289,4151725,6.93,31.1,-0.11162609112466335,24.655069771098635,-4.973478421246767,0.3668203198494826,-1.824372945246239
HRV,Croatia,2015,0.740965863344144,31.1,50998893384.8289,4151725,6.93,31.1,-0.286395083185671,24.655069771098635,-4.973478421246767,0.3668203198494826,-1.824372945246239
HRV,Croatia,2015,0,31.1,50998893384.8289,4151725,6.93,31.1,-4.605170185988091,24.655069771098635,-4.973478421246767,0.3668203198494826,-1.824372945246239
HRV,Croatia,2016,1.06371572584033,30.9,52766750207.3137,4106867,6.75,30.9,0.0711252737513007,24.68914709837274,-5.17347842124677,0.18682031984948289,-0.9665108933917194
HRV,Croatia,2016,1.69227501838234,30.9,52766750207.3137,4106867,6.75,30.9,0.531965602516196,24.68914709837274,-5.17347842124677,0.18682031984948289,-0.9665108933917194
HRV,Croatia,2016,0,30.9,52766750207.3137,4106867,6.75,30.9,-4.605170185988091,24.68914709837274,-5.17347842124677,0.18682031984948289,-0.9665108933917194
HRV,Croatia,2017,1.12767209256717,30.4,54499590874.6275,4041407,6.63,30.4,0.12898415056870557,24.721459031699865,-5.67347842124677,0.06682031984948278,-0.37910364276684777
HRV,Croatia,2017,1.54442047460286,30.4,54499590874.6275,4041407,6.63,30.4,0.44110279102397487,24.721459031699865,-5.67347842124677,0.06682031984948278,-0.37910364276684777
HRV,Croatia,2017,0,30.4,54499590874.6275,4041407,6.63,30.4,-4.605170185988091,24.721459031699865,-5.67347842124677,0.06682031984948278,-0.37910364276684777
HRV,Croatia,2018,0.596292847367914,29.7,56086115348.75,3988775,6.57,29.7,-0.5003921631570939,24.750154120602566,-6.3734784212467694,0.00682031984948317,-0.043469161386682
HRV,Croatia,2018,1.34165890657781,29.7,56086115348.75,3988775,6.57,29.7,0.3013326577566284,24.750154120602566,-6.3734784212467694,0.00682031984948317,-0.043469161386682
HRV,Croatia,2018,0,29.7,56086115348.75,3988775,6.57,29.7,-4.605170185988091,24.750154120602566,-6.3734784212467694,0.00682031984948317,-0.043469161386682
HRV,Croatia,2019,0.827828171469303,28.9,57825641269.2151,3949390,6.57,28.9,-0.17694224550420695,24.780698134828885,-7.17347842124677,0.00682031984948317,-0.048925417266268534
HRV,Croatia,2019,1.88142766243024,28.9,57825641269.2151,3949390,6.57,28.9,0.6373319208651916,24.780698134828885,-7.17347842124677,0.00682031984948317,-0.048925417266268534
HRV,Croatia,2019,0,28.9,57825641269.2151,3949390,6.57,28.9,-4.605170185988091,24.780698134828885,-7.17347842124677,0.00682031984948317,-0.048925417266268534
HRV,Croatia,2020,1.01164453441337,29.5,53019830857.522,3914206,6.5,29.5,0.021413617594755643,24.693931847638527,-6.573478421246769,-0.06317968015051711,0.41531026413069705
HRV,Croatia,2020,1.46688457489938,29.5,53019830857.522,3914206,6.5,29.5,0.38993485215385,24.693931847638527,-6.573478421246769,-0.06317968015051711,0.41531026413069705
HRV,Croatia,2020,0,29.5,53019830857.522,3914206,6.5,29.5,-4.605170185988091,24.693931847638527,-6.573478421246769,-0.06317968015051711,0.41531026413069705
HRV,Croatia,2021,0.840847880426335,28.9,59717412023.485,3878981,6.5,28.9,-0.16152192029274579,24.81288947350568,-7.17347842124677,-0.06317968015051711,0.4532180722210074
HRV,Croatia,2021,1.68169576085267,28.9,59717412023.485,3878981,6.5,28.9,0.5257314346454462,24.81288947350568,-7.17347842124677,-0.06317968015051711,0.4532180722210074
HRV,Croatia,2021,0,28.9,59717412023.485,3878981,6.5,28.9,-4.605170185988091,24.81288947350568,-7.17347842124677,-0.06317968015051711,0.4532180722210074
HRV,Croatia,2022,0.79344217483012,30,64073470836.9772,3855641,6.5,30,-0.21885006300272844,24.883296243706575,-6.073478421246769,-0.06317968015051711,0.3837204240554385
HRV,Croatia,2022,1.89402325604609,30,64073470836.9772,3855641,6.5,30,0.6439691506045007,24.883296243706575,-6.073478421246769,-0.06317968015051711,0.3837204240554385
HRV,Croatia,2022,0,30,64073470836.9772,3855641,6.5,30,-4.605170185988091,24.883296243706575,-6.073478421246769,-0.06317968015051711,0.3837204240554385
HRV,Croatia,2023,0.667347104040825,30.1,66483687609.844,3859686,6.5,30.1,-0.389571428389607,24.920222455417385,-5.973478421246767,-0.06317968015051711,0.3774024560403867
HRV,Croatia,2023,1.97637411581321,30.1,66483687609.844,3859686,6.5,30.1,0.6863109244247497,24.920222455417385,-5.973478421246767,-0.06317968015051711,0.3774024560403867
HUN,Hungary,2006,1.7313531031967,28.3,118182032745.55,10071370,7.53,28.3,0.5546624565321732,25.49549192313529,-7.773478421246768,0.9668203198494831,-7.515556893572856
HUN,Hungary,2006,1.58209852533492,28.3,118182032745.55,10071370,7.53,28.3,0.465052973280413,25.49549192313529,-7.773478421246768,0.9668203198494831,-7.515556893572856
HUN,Hungary,2008,1.8069900965961,27.5,119752782052.746,10038188,7.44,27.5,0.597181338984266,25.50869530514082,-8.573478421246769,0.8768203198494833,-7.517400091540234
HUN,Hungary,2008,1.35773841512193,27.5,119752782052.746,10038188,7.44,27.5,0.3131585838999212,25.50869530514082,-8.573478421246769,0.8768203198494833,-7.517400091540234
HUN,Hungary,2010,1.38288629112252,29.4,112873946275.587,10000023,7.21,29.4,0.3313780626952346,25.449537513318496,-6.67347842124677,0.6468203198494828,-4.316541446939458
HUN,Hungary,2010,1.38288629112252,29.4,112873946275.587,10000023,7.21,29.4,0.3313780626952346,25.449537513318496,-6.67347842124677,0.6468203198494828,-4.316541446939458
HUN,Hungary,2010,0.0100209151530617,29.4,112873946275.587,10000023,7.21,29.4,-3.9109777941986774,25.449537513318496,-6.67347842124677,0.6468203198494828,-4.316541446939458
HUN,Hungary,2011,1.45777335776427,29.2,115037411549.874,9971727,7.04,29.2,0.38374652982924345,25.468523230230282,-6.8734784212467694,0.4768203198494829,-3.2774141792974034
HUN,Hungary,2011,1.10589703002807,29.2,115037411549.874,9971727,7.04,29.2,0.10965859270232038,25.468523230230282,-6.8734784212467694,0.4768203198494829,-3.2774141792974034
HUN,Hungary,2011,0.0100536093638915,29.2,115037411549.874,9971727,7.04,29.2,-3.9093461232816797,25.468523230230282,-6.8734784212467694,0.4768203198494829,-3.2774141792974034
HUN,Hungary,2012,1.2504256741433,30.8,113496503293.017,9920362,6.96,30.8,0.23144950053111138,25.455037865402254,-5.273478421246768,0.39682031984948285,-2.092623393838488
HUN,Hungary,2012,1.37143461035072,30.8,113496503293.017,9920362,6.96,30.8,0.32312253190550944,25.455037865402254,-5.273478421246768,0.39682031984948285,-2.092623393838488
HUN,Hungary,2012,0,30.8,113496503293.017,9920362,6.96,30.8,-4.605170185988091,25.455037865402254,-5.273478421246768,0.39682031984948285,-2.092623393838488
HUN,Hungary,2013,1.55723130947025,31.5,115802945078.187,9872734,6.96,31.5,0.4493105654158715,25.475155834216025,-4.573478421246769,0.39682031984948285,-1.8148491699438507
HUN,Hungary,2013,1.22353888601234,31.5,115802945078.187,9872734,6.96,31.5,0.20988718142944154,25.475155834216025,-4.573478421246769,0.39682031984948285,-1.8148491699438507
HUN,Hungary,2013,0.0101118916199367,31.5,115802945078.187,9872734,6.96,31.5,-3.906444015974506,25.475155834216025,-4.573478421246769,0.39682031984948285,-1.8148491699438507
HUN,Hungary,2014,1.48030354739537,30.9,120822254244.73,9833038,6.9,30.9,0.39897982229277923,25.517586329360206,-5.17347842124677,0.33682031984948324,-1.7425326565787367
HUN,Hungary,2014,2.05823027480314,30.9,120822254244.73,9833038,6.9,30.9,0.7266933018992651,25.517586329360206,-5.17347842124677,0.33682031984948324,-1.7425326565787367
HUN,Hungary,2014,0,30.9,120822254244.73,9833038,6.9,30.9,-4.605170185988091,25.517586329360206,-5.17347842124677,0.33682031984948324,-1.7425326565787367
HUN,Hungary,2015,2.24611505942905,30.4,125244126623.289,9797755,6.84,30.4,0.8136443338552481,25.55353068258463,-5.67347842124677,0.27682031984948274,-1.5705341112286693
HUN,Hungary,2015,0,30.4,125244126623.289,9797755,6.84,30.4,-4.605170185988091,25.55353068258463,-5.67347842124677,0.27682031984948274,-1.5705341112286693
HUN,Hungary,2016,2.05901168254688,30.3,128298381762.592,9759755,6.72,30.3,0.7270710452176821,25.577624495570234,-5.773478421246768,0.15682031984948264,-0.9053987326640042
HUN,Hungary,2016,1.9265010297097,30.3,128298381762.592,9759755,6.72,30.3,0.6608827517100446,25.577624495570234,-5.773478421246768,0.15682031984948264,-0.9053987326640042
HUN,Hungary,2016,0,30.3,128298381762.592,9759755,6.72,30.3,-4.605170185988091,25.577624495570234,-5.773478421246768,0.15682031984948264,-0.9053987326640042
HUN,Hungary,2017,1.63505483999481,30.6,133589642960.172,9726756,6.64,30.6,0.4977737210445202,25.618038572290708,-5.473478421246767,0.07682031984948257,-0.42047436300941754
HUN,Hungary,2017,0.929937440247049,30.6,133589642960.172,9726756,6.64,30.6,-0.0619419588615031,25.618038572290708,-5.473478421246767,0.07682031984948257,-0.42047436300941754
HUN,Hungary,2017,0.0102190927499676,30.6,133589642960.172,9726756,6.64,30.6,-3.901127935339697,25.618038572290708,-5.473478421246767,0.07682031984948257,-0.42047436300941754
IDN,Indonesia,2021,0.31399266998023,35.5,1065709127396.86,276758053,6.71,35.5,-1.127034386963532,27.694661540832957,-0.5734784212467687,0.14682031984948285,-0.08419828523422705
IDN,Indonesia,2022,0.303768746039586,35.5,1122268412650.2,278830529,6.71,35.5,-1.1590990419876621,27.746373121379808,-0.5734784212467687,0.14682031984948285,-0.08419828523422705
IRL,Ireland,2006,1.4524064559467,32.7,220760118842.237,4273591,9.01,32.7,0.38008333633238867,26.12034251384986,-3.373478421246766,2.4468203198494827,-8.25429554968034
IRL,Ireland,2008,1.13687038975372,30.9,222058051543.628,4489544,9.01,30.9,0.13703683241944983,26.126204678075005,-5.17347842124677,2.4468203198494827,-12.65857212540942
IRL,Ireland,2010,1.1844494941962,32.3,214289191596.523,4560155,8.79,32.3,0.17768540492765997,26.090592302300177,-3.7734784212467716,2.226820319849482,-8.402858424945855
IRL,Ireland,2010,0.350947998280355,32.3,214289191596.523,4560155,8.79,32.3,-1.0190213801102113,26.090592302300177,-3.7734784212467716,2.226820319849482,-8.402858424945855
IRL,Ireland,2010,0,32.3,214289191596.523,4560155,8.79,32.3,-4.605170185988091,26.090592302300177,-3.7734784212467716,2.226820319849482,-8.402858424945855
IRL,Ireland,2011,0.917110164037163,32.9,217736818590.032,4580084,8.56,32.9,-0.0756828811705725,26.106552916242975,-3.17347842124677,1.9968203198494834,-6.336866196149409
IRL,Ireland,2011,0.436719125731982,32.9,217736818590.032,4580084,8.56,32.9,-0.8058252359328758,26.106552916242975,-3.17347842124677,1.9968203198494834,-6.336866196149409
IRL,Ireland,2011,0,32.9,217736818590.032,4580084,8.56,32.9,-4.605170185988091,26.106552916242975,-3.17347842124677,1.9968203198494834,-6.336866196149409
IRL,Ireland,2012,1.10866383834203,33.2,216854920423.995,4599533,8.56,33.2,0.11213497163391908,26.10249439741996,-2.873478421246766,1.9968203198494834,-5.737820100194556
IRL,Ireland,2012,0.434770132683149,33.2,216854920423.995,4599533,8.56,33.2,-0.8101976860449941,26.10249439741996,-2.873478421246766,1.9968203198494834,-5.737820100194556
IRL,Ireland,2012,0,33.2,216854920423.995,4599533,8.56,33.2,-4.605170185988091,26.10249439741996,-2.873478421246766,1.9968203198494834,-5.737820100194556
IRL,Ireland,2013,1.01628510386596,33.5,221610413457.216,4623816,8.68,33.5,0.025945587159012913,26.124186782850895,-2.5734784212467687,2.1168203198494826,-5.4475914147893265
IRL,Ireland,2013,0.389215571693346,33.5,221610413457.216,4623816,8.68,33.5,-0.9182537280577304,26.124186782850895,-2.5734784212467687,2.1168203198494826,-5.4475914147893265
IRL,Ireland,2013,0,33.5,221610413457.216,4623816,8.68,33.5,-4.605170185988091,26.124186782850895,-2.5734784212467687,2.1168203198494826,-5.4475914147893265
IRL,Ireland,2014,1.00896508411924,31.9,242410308909.292,4657740,8.72,31.9,0.018787488804898427,26.21389761874094,-4.17347842124677,2.1568203198494835,-9.001443063398376
IRL,Ireland,2014,0.450814186521364,31.9,242410308909.292,4657740,8.72,31.9,-0.7747603833526469,26.21389761874094,-4.17347842124677,2.1568203198494835,-9.001443063398376
IRL,Ireland,2014,0,31.9,242410308909.292,4657740,8.72,31.9,-4.605170185988091,26.21389761874094,-4.17347842124677,2.1568203198494835,-9.001443063398376
IRL,Ireland,2015,0.574164266695474,31.8,302101388556.271,4701957,8.85,31.8,-0.5375730571171751,26.434028521674954,-4.273478421246768,2.2868203198494825,-9.772677290145396
IRL,Ireland,2015,0.404041521007926,31.8,302101388556.271,4701957,8.85,31.8,-0.8817890178960818,26.434028521674954,-4.273478421246768,2.2868203198494825,-9.772677290145396
IRL,Ireland,2015,0.0212653432109435,31.8,302101388556.271,4701957,8.85,31.8,-3.465245040542127,26.434028521674954,-4.273478421246768,2.2868203198494825,-9.772677290145396
IRL,Ireland,2016,0.694224869533058,32.8,305795232417.145,4762722,9.15,32.8,-0.35065755687646183,26.446181539793827,-3.2734784212467716,2.5868203198494832,-8.467900496669955
IRL,Ireland,2016,0,32.8,305795232417.145,4762722,9.15,32.8,-4.605170185988091,26.446181539793827,-3.2734784212467716,2.5868203198494832,-8.467900496669955
IRL,Ireland,2017,0.789978006388635,31.4,336707637029.955,4827445,9.15,31.4,-0.22317104370632831,26.542480844857856,-4.67347842124677,2.5868203198494832,-12.089448944459228
IRL,Ireland,2017,0,31.4,336707637029.955,4827445,9.15,31.4,-4.605170185988091,26.542480844857856,-4.67347842124677,2.5868203198494832,-12.089448944459228
IRL,Ireland,2018,0.779878238431558,30.6,362595940328.693,4898022,9.15,30.6,-0.23587647396774625,26.61655493919978,-5.473478421246767,2.5868203198494832,-14.158905200338808
IRL,Ireland,2018,0,30.6,362595940328.693,4898022,9.15,30.6,-4.605170185988091,26.61655493919978,-5.473478421246767,2.5868203198494832,-14.158905200338808
IRL,Ireland,2019,0.648627918850972,30.3,380627401462.693,4976456,9.24,30.3,-0.4175965187282548,26.66508678465226,-5.773478421246768,2.676820319849483,-15.454564354205862
IRL,Ireland,2019,0,30.3,380627401462.693,4976456,9.24,30.3,-4.605170185988091,26.66508678465226,-5.773478421246768,2.676820319849483,-15.454564354205862
IRL,Ireland,2020,0.622164323030526,29.2,407856325068.063,5039747,9.05,29.2,-0.45860591383553234,26.734180804892137,-6.8734784212467694,2.4868203198494836,-17.093105806003415
IRL,Ireland,2020,0,29.2,407856325068.063,5039747,9.05,29.2,-4.605170185988091,26.734180804892137,-6.8734784212467694,2.4868203198494836,-17.093105806003415
IRL,Ireland,2021,0.437512696568737,29.4,474166373639.897,5110585,9,29.4,-0.8040503694490695,26.884824096295954,-6.67347842124677,2.436820319849483,-16.262067820971176
IRL,Ireland,2021,0,29.4,474166373639.897,5110585,9,29.4,-4.605170185988091,26.884824096295954,-6.67347842124677,2.436820319849483,-16.262067820971176
IRL,Ireland,2022,0.861054139659655,29.9,509781668505.942,5212836,9.13,29.9,-0.13805114601354126,26.957248370034662,-6.17347842124677,2.5668203198494837,-15.84620985580852
IRL,Ireland,2022,0,29.9,509781668505.942,5212836,9.13,29.9,-4.605170185988091,26.957248370034662,-6.17347842124677,2.5668203198494837,-15.84620985580852
IRL,Ireland,2023,0.654270171245596,29,496851698334.418,5311538,9.19,29,-0.40906632785469793,26.93155742482146,-7.073478421246769,2.6268203198494824,-18.58075684894785
IRN,Iran (Islamic Republic of),2013,2.53311940143072,34,395396833390.87,80414686,1.98,34,0.9333914383187403,26.70315573902888,-2.0734784212467687,-4.583179680150517,9.503124167488764
IRN,Iran (Islamic Republic of),2014,2.37540050451863,34.8,415106476157.82,81502045,1.98,34.8,0.8693670366651466,26.751800893323885,-1.2734784212467716,-4.583179680150517,5.836580423368363
ISR,Israel,2006,2.23552448582389,41.6,216795201343.264,7053700,7.28,41.6,0.8089391178833929,26.102218972241406,5.526521578753233,0.7168203198494831,3.961522965736963
ISR,Israel,2006,0.379893049878569,41.6,216795201343.264,7053700,7.28,41.6,-0.9418828085472558,26.102218972241406,5.526521578753233,0.7168203198494831,3.961522965736963
ISR,Israel,2008,1.69428815224534,41.6,237930977208.346,7308800,7.48,41.6,0.5331475175411144,26.195246456826712,5.526521578753233,0.9168203198494833,5.06682728148761
ISR,Israel,2008,0.409452970125958,41.6,237930977208.346,7308800,7.48,41.6,-0.8688038687136925,26.195246456826712,5.526521578753233,0.9168203198494833,5.06682728148761
ISR,Israel,2010,2.04450617338639,42.6,254206817526.885,7623600,7.48,42.6,0.720035514148879,26.261414014881407,6.526521578753233,0.9168203198494833,5.983647601337093
ISR,Israel,2011,1.9676021588745,41.5,268235973747.568,7765800,7.53,41.5,0.6818850799445243,26.315132929103456,5.426521578753231,0.9668203198494831,5.246471328440321
ISR,Israel,2012,1.68248807914477,41.3,274800159647.141,7910500,7.53,41.3,0.5261996824381415,26.33930997825201,5.226521578753228,0.9668203198494831,5.053107264470422
ISR,Israel,2013,1.69045803541161,39.9,286027695014.037,8059500,7.53,39.9,0.5308976473667919,26.379354478791406,3.82652157875323,0.9668203198494831,3.699558816681147
ISR,Israel,2014,1.63349469475113,39.8,296827610046.146,8215700,7.63,39.8,0.4968248860981439,26.416417369674956,3.7265215787532284,1.0668203198494828,3.975528942571519
ISR,Israel,2015,1.49014483400625,39.7,303469434072.296,8380100,7.77,39.7,0.4055616594511001,26.43854673091556,3.626521578753234,1.2068203198494825,4.376559931612028
ISR,Israel,2016,1.33982857867757,39,317003511449.31,8546000,7.85,39,0.2999776056304977,26.4821786878895,2.9265215787532313,1.2868203198494825,3.7659074340176457
ISR,Israel,2017,1.62644474784814,38.2,330783435889.189,8713300,7.79,38.2,0.49252605199875393,26.52472972595589,2.126521578753234,1.226820319849483,2.6088598834128702
ISR,Israel,2018,1.45709789694358,38.6,344027669320.131,8882800,7.79,38.6,0.38328622968385706,26.56398792515531,2.5265215787532327,1.226820319849483,3.0995880113526613
ISR,Israel,2019,1.6402012873501,38.3,356792803355.853,9054000,7.86,38.3,0.5008972728054236,26.60042106748207,2.2265215787532284,1.2968203198494832,2.887398425910538
ISR,Israel,2019,0.669941370889477,38.3,356792803355.853,9054000,7.86,38.3,-0.3857487038092613,26.60042106748207,2.2265215787532284,1.2968203198494832,2.887398425910538
ISR,Israel,2020,1.67038317453709,37.8,349579824803.208,9215100,7.84,37.8,0.5190218474904612,26.579997769689566,1.7265215787532284,1.2768203198494827,2.204457834410731
ISR,Israel,2020,0.568157542359554,37.8,349579824803.208,9215100,7.84,37.8,-0.5479088828128451,26.579997769689566,1.7265215787532284,1.2768203198494827,2.204457834410731
ISR,Israel,2021,1.9344902218508,37.9,382399686301.549,9371400,7.97,37.9,0.6649998459822505,26.669732197782185,1.8265215787532298,1.4068203198494826,2.569587671633601
ISR,Israel,2021,0.53673717138057,37.9,382399686301.549,9371400,7.97,37.9,-0.6037870831105528,26.669732197782185,1.8265215787532298,1.4068203198494826,2.569587671633601
ISR,Israel,2022,1.62581066709758,38.3,406350386042.279,9557500,7.93,38.3,0.4921385023254612,26.730481644169238,2.2265215787532284,1.3668203198494826,3.0432549364232626
ISR,Israel,2022,0.714038468657721,38.3,406350386042.279,9557500,7.93,38.3,-0.3229107545028158,26.730481644169238,2.2265215787532284,1.3668203198494826,3.0432549364232626
ITA,Italy,2006,1.06374952167439,33.7,1978181374737.88,58399861,7.73,33.7,0.07115674884418226,28.31319904095046,-2.373478421246766,1.1668203198494833,-2.769422850634998
ITA,Italy,2006,1.09778950636797,33.7,1978181374737.88,58399861,7.73,33.7,0.10236659407513435,28.31319904095046,-2.373478421246766,1.1668203198494833,-2.769422850634998
ITA,Italy,2008,1.03254300197422,33.8,1986572667176.02,59211181,7.98,33.8,0.041662922736241545,28.317431992038443,-2.2734784212467716,1.4168203198494833,-3.221110423961749
ITA,Italy,2008,1.03422193368475,33.8,1986572667176.02,59211181,7.98,33.8,0.04327204702629345,28.317431992038443,-2.2734784212467716,1.4168203198494833,-3.221110423961749
ITA,Italy,2010,0.879260233986606,34.7,1909947188308.66,59819407,7.83,34.7,-0.11736535966021598,28.278096707504638,-1.373478421246766,1.266820319849483,-1.7399503729101908
ITA,Italy,2010,0.980649410306422,34.7,1909947188308.66,59819407,7.83,34.7,-0.009394580901298247,28.278096707504638,-1.373478421246766,1.266820319849483,-1.7399503729101908
ITA,Italy,2010,0,34.7,1909947188308.66,59819407,7.83,34.7,-4.605170185988091,28.278096707504638,-1.373478421246766,1.266820319849483,-1.7399503729101908
ITA,Italy,2011,0.914393555930683,35.1,1923230167272.61,60026841,7.74,35.1,-0.07861737168941692,28.28502726714213,-0.9734784212467673,1.176820319849483,-1.1456091870581906
ITA,Italy,2011,0.74708603935641,35.1,1923230167272.61,60026841,7.74,35.1,-0.2782783736725143,28.28502726714213,-0.9734784212467673,1.176820319849483,-1.1456091870581906
ITA,Italy,2011,0,35.1,1923230167272.61,60026841,7.74,35.1,-4.605170185988091,28.28502726714213,-0.9734784212467673,1.176820319849483,-1.1456091870581906
ITA,Italy,2012,0.87557696185202,35.2,1863124632394.25,60191247,7.74,35.2,-0.12151591209498666,28.25327610407272,-0.8734784212467659,1.176820319849483,-1.0279271550732405
ITA,Italy,2012,0.814451777722728,35.2,1863124632394.25,60191247,7.74,35.2,-0.19303662538455463,28.25327610407272,-0.8734784212467659,1.176820319849483,-1.0279271550732405
ITA,Italy,2012,0,35.2,1863124632394.25,60191247,7.74,35.2,-4.605170185988091,28.25327610407272,-0.8734784212467659,1.176820319849483,-1.0279271550732405
ITA,Italy,2013,0.827647126909968,34.9,1829252558793.34,60311613,7.85,34.9,-0.17715835678942224,28.234928561530587,-1.1734784212467702,1.2868203198494825,-1.5100558773652346
ITA,Italy,2013,0.882054208957834,34.9,1829252558793.34,60311613,7.85,34.9,-0.11422837587444018,28.234928561530587,-1.1734784212467702,1.2868203198494825,-1.5100558773652346
ITA,Italy,2013,0,34.9,1829252558793.34,60311613,7.85,34.9,-4.605170185988091,28.234928561530587,-1.1734784212467702,1.2868203198494825,-1.5100558773652346
ITA,Italy,2014,0.782999237037301,34.7,1829227175768.29,60320707,7.85,34.7,-0.2319330194696926,28.234914685261266,-1.373478421246766,1.2868203198494825,-1.7674199413351255
ITA,Italy,2014,0.980809570604619,34.7,1829227175768.29,60320707,7.85,34.7,-0.009232921941825721,28.234914685261266,-1.373478421246766,1.2868203198494825,-1.7674199413351255
ITA,Italy,2014,0.00164841944639432,34.7,1829227175768.29,60320707,7.85,34.7,-4.4525847780118095,28.234914685261266,-1.373478421246766,1.2868203198494825,-1.7674199413351255
ITA,Italy,2015,0.774242762514025,35.4,1845428048839.1,60229605,7.98,35.4,-0.24303666049837014,28.24373237130293,-0.6734784212467702,1.4168203198494833,-0.954197912202574
ITA,Italy,2015,0.8518321225101,35.4,1845428048839.1,60229605,7.98,35.4,-0.14869478075392484,28.24373237130293,-0.6734784212467702,1.4168203198494833,-0.954197912202574
ITA,Italy,2015,0,35.4,1845428048839.1,60229605,7.98,35.4,-4.605170185988091,28.24373237130293,-0.6734784212467702,1.4168203198494833,-0.954197912202574
ITA,Italy,2016,0.668010320924807,35.2,1868241619489.51,60115223,7.98,35.2,-0.38859276855464386,28.25601879399244,-0.8734784212467659,1.4168203198494833,-1.2375619761724646
ITA,Italy,2017,0.622616360456986,35.9,1898202609462.08,60002252,7.98,35.9,-0.4578911061987477,28.271928559345305,-0.17347842124677015,1.4168203198494833,-0.24578775227783228
ITA,Italy,2018,0.595578796289962,35.2,1913894038926.83,60148658,7.71,35.2,-0.5015705902030964,28.28016104636457,-0.8734784212467659,1.1468203198494828,-1.0017228024358373
ITA,Italy,2019,0.527189893600108,34.6,1922107755078.16,59729081,7.52,34.6,-0.6214036276148109,28.284443488941623,-1.4734784212467673,0.9568203198494825,-1.4098540943086424
ITA,Italy,2020,0.475691584209703,35.2,1751650987235.43,59438851,7.74,35.2,-0.7221814569172582,28.191579880399203,-0.8734784212467659,1.176820319849483,-1.0279271550732405
ITA,Italy,2020,0.00166909327792878,35.2,1751650987235.43,59438851,7.74,35.2,-4.450811532537808,28.191579880399203,-0.8734784212467659,1.176820319849483,-1.0279271550732405
ITA,Italy,2021,0.50728829294141,34.8,1908092024820.83,59133173,7.68,34.8,-0.6591549333105059,28.277124918829735,-1.2734784212467716,1.1168203198494826,-1.4222465777382336
ITA,Italy,2021,0.00167421878858551,34.8,1908092024820.83,59133173,7.68,34.8,-4.450372390849217,28.277124918829735,-1.2734784212467716,1.1168203198494826,-1.4222465777382336
ITA,Italy,2022,0.540095240763765,33.7,2000084512919.56,59013667,7.69,33.7,-0.5976638507219254,28.324210552055494,-2.373478421246766,1.1268203198494833,-2.6744837137851274
ITA,Italy,2022,0.00167731441230983,33.7,2000084512919.56,59013667,7.69,33.7,-4.450107258473041,28.324210552055494,-2.373478421246766,1.1268203198494833,-2.6744837137851274
ITA,Italy,2023,0.568072449338316,34.3,2019599234310.29,58984216,7.69,34.3,-0.5480560732887929,28.333920208801715,-1.7734784212467716,1.1268203198494833,-1.9983915218754438
JAM,Jamaica,2018,45.7076395408315,35.3,16124965549.2249,2820097,7.02,35.3,3.822484209003071,23.503634563143788,-0.7734784212467716,0.45682031984948246,-0.3533406597906229
JAM,Jamaica,2018,2.41126414955511,35.3,16124965549.2249,2820097,7.02,35.3,0.8842897796270461,23.503634563143788,-0.7734784212467716,0.45682031984948246,-0.3533406597906229
JAM,Jamaica,2018,0.0354597669052222,35.3,16124965549.2249,2820097,7.02,35.3,-3.090927588040701,23.503634563143788,-0.7734784212467716,0.45682031984948246,-0.3533406597906229
JAM,Jamaica,2019,47.462677157099,NA,16416735750.8852,2823271,6.96,35.957142857142856,3.860154327794115,23.521567124063292,-0.11633556410391321,0.39682031984948285,-0.04616431575758486
JAM,Jamaica,2019,2.55023339948592,NA,16416735750.8852,2823271,6.96,36.614285714285714,0.940098426009774,23.521567124063292,0.5408072930389451,0.39682031984948285,0.21460332300064722
JAM,Jamaica,2019,0,NA,16416735750.8852,2823271,6.96,37.27142857142857,-4.605170185988091,23.521567124063292,1.1979501501818035,0.39682031984948285,0.4753709617588793
JAM,Jamaica,2020,47.0901768054208,NA,15053421189.293,2830739,7.13,37.92857142857142,3.8522767548459167,23.434871123855377,1.8550930073246548,0.5668203198494828,1.0515044117622998
JAM,Jamaica,2020,1.80164967522615,NA,15053421189.293,2830739,7.13,38.58571428571428,0.5942378529610717,23.434871123855377,2.512235864467513,0.5668203198494828,1.4239863362348177
JAM,Jamaica,2020,0,NA,15053421189.293,2830739,7.13,39.24285714285714,-4.605170185988091,23.434871123855377,3.1693787216103715,0.5668203198494828,1.7964682607073357
JAM,Jamaica,2021,51.9438139904003,39.9,15912170664.5422,2837682,7.13,39.9,3.950355131412457,23.490350103964836,3.82652157875323,0.5668203198494828,2.1689501851798534
JAM,Jamaica,2021,0.916240952340846,39.9,15912170664.5422,2837682,7.13,39.9,-0.07662087047261587,23.490350103964836,3.82652157875323,0.5668203198494828,2.1689501851798534
JAM,Jamaica,2021,0,39.9,15912170664.5422,2837682,7.13,39.9,-4.605170185988091,23.490350103964836,3.82652157875323,0.5668203198494828,2.1689501851798534
JOR,Jordan,2008,1.71677110834457,32.6,31384186979.027,6989866,3.93,32.6,0.5462532532322346,24.16957000361781,-3.4734784212467673,-2.633179680150517,9.146292798268286
JOR,Jordan,2010,1.75413508224255,33.7,33723826288.3537,7297043,3.74,33.7,0.5676605318877185,24.24147043601367,-2.373478421246766,-2.823179680150517,6.700756050139598
JOR,Jordan,2010,0,33.7,33723826288.3537,7297043,3.74,33.7,-4.605170185988091,24.24147043601367,-2.373478421246766,-2.823179680150517,6.700756050139598
JPN,Japan,2008,0.510315592739754,34.6,4297492743392.88,128063000,8.25,34.6,-0.6533197423866072,29.089052885637216,-1.4734784212467673,1.6868203198494829,-2.485493341818783
JPN,Japan,2008,0.286369759228578,34.6,4297492743392.88,128063000,8.25,34.6,-1.2161474176594391,29.089052885637216,-1.4734784212467673,1.6868203198494829,-2.485493341818783
JPN,Japan,2010,0.362756174607419,31.5,4218907820178.57,128070000,8.08,31.5,-0.9868307604646445,29.070597400095057,-4.573478421246769,1.516820319849483,-6.937145001740232
JPN,Japan,2010,0.215313342347629,31.5,4218907820178.57,128070000,8.08,31.5,-1.4902632129350821,29.070597400095057,-4.573478421246769,1.516820319849483,-6.937145001740232
JPN,Japan,2010,0,31.5,4218907820178.57,128070000,8.08,31.5,-4.605170185988091,29.070597400095057,-4.573478421246769,1.516820319849483,-6.937145001740232
JPN,Japan,2011,0.345052544691282,33,4219912322040.1,127833000,8.08,33,-1.0354894872447176,29.07083546699288,-3.0734784212467687,1.516820319849483,-4.661914521966008
JPN,Japan,2011,0.173306934211458,33,4219912322040.1,127833000,8.08,33,-1.6965932950022646,29.07083546699288,-3.0734784212467687,1.516820319849483,-4.661914521966008
JPN,Japan,2011,0,33,4219912322040.1,127833000,8.08,33,-4.605170185988091,29.07083546699288,-3.0734784212467687,1.516820319849483,-4.661914521966008
JPN,Japan,2012,0.335344134410932,32.5,4277925608846.49,127629000,8.08,32.5,-1.0632138680682077,29.084489337201124,-3.5734784212467687,1.516820319849483,-5.420324681890749
JPN,Japan,2012,0.173534726897965,32.5,4277925608846.49,127629000,8.08,32.5,-1.6953513819921882,29.084489337201124,-3.5734784212467687,1.516820319849483,-5.420324681890749
JPN,Japan,2012,0,32.5,4277925608846.49,127629000,8.08,32.5,-4.605170185988091,29.084489337201124,-3.5734784212467687,1.516820319849483,-5.420324681890749
JPN,Japan,2013,0.289687941924583,31.5,4363702302793.37,127445000,8.08,31.5,-1.205013539287463,29.104341964980712,-4.573478421246769,1.516820319849483,-6.937145001740232
JPN,Japan,2013,0.147975732496611,31.5,4363702302793.37,127445000,8.08,31.5,-1.8453138495451988,29.104341964980712,-4.573478421246769,1.516820319849483,-6.937145001740232
JPN,Japan,2013,0,31.5,4363702302793.37,127445000,8.08,31.5,-4.605170185988091,29.104341964980712,-4.573478421246769,1.516820319849483,-6.937145001740232
JPN,Japan,2014,0.309836473839101,31.3,4376627829634.98,127276000,8.08,31.3,-1.1399454330560121,29.1072996418804,-4.773478421246768,1.516820319849483,-7.240509065710127
JPN,Japan,2014,0.128640966353449,31.3,4376627829634.98,127276000,8.08,31.3,-1.9758676633635837,29.1072996418804,-4.773478421246768,1.516820319849483,-7.240509065710127
JPN,Japan,2014,7.8439613630152e-4,31.3,4376627829634.98,127276000,8.08,31.3,-4.529654991779367,29.1072996418804,-4.773478421246768,1.516820319849483,-7.240509065710127
JPN,Japan,2015,0.285207237530428,30.7,4444930651964.18,127141000,7.96,30.7,-1.220077669176867,29.122785383414826,-5.3734784212467694,1.3968203198494828,-7.505783847070207
JPN,Japan,2016,0.284680826905949,31.8,4478437728050.46,127076000,7.99,31.8,-1.2218624510565266,29.130295380120682,-4.273478421246768,1.426820319849483,-6.097485847873178
JPN,Japan,2016,0.13290347996438,31.8,4478437728050.46,127076000,7.99,31.8,-1.9455858418979046,29.130295380120682,-4.273478421246768,1.426820319849483,-6.097485847873178
JPN,Japan,2017,0.240822214259524,31.8,4553466417290.11,126972000,7.88,31.8,-1.3830109005432136,29.146909908784913,-4.273478421246768,1.3168203198494828,-5.6274032215360315
JPN,Japan,2018,0.26317151259777,32.9,4582763011478.55,126811000,7.99,32.9,-1.297655429790508,29.15332320977126,-3.17347842124677,1.426820319849483,-4.5279834960387495
JPN,Japan,2019,0.251776994076062,33,4564332550096.38,126633000,7.99,33,-1.3402623053185259,29.1492934090111,-3.0734784212467687,1.426820319849483,-4.385301464053799
JPN,Japan,2020,0.251772416452194,32.3,4374056271824.01,126261000,8.13,32.3,-1.3402797922023848,29.10671190317216,-3.7734784212467716,1.5668203198494837,-5.912362666922991
JPN,Japan,2020,0.0878828246106714,32.3,4374056271824.01,126261000,8.13,32.3,-2.323984182929979,29.10671190317216,-3.7734784212467716,1.5668203198494837,-5.912362666922991
JPN,Japan,2020,0,32.3,4374056271824.01,126261000,8.13,32.3,-4.605170185988091,29.10671190317216,-3.7734784212467716,1.5668203198494837,-5.912362666922991
KAZ,Kazakhstan,2006,7.99194446772237,30.2,119979075291.852,16103716,3.62,30.2,2.0796845706112093,25.510583191955895,-5.8734784212467694,-2.943179680150517,17.28670234121603
KAZ,Kazakhstan,2008,11.0005007145455,28.5,134968901021.859,16426525,3.45,28.5,2.3988494278608425,25.62831022604621,-7.573478421246769,-3.113179680150517,23.577599129083858
KAZ,Kazakhstan,2008,8.43148505237717,28.5,134968901021.859,16426525,3.45,28.5,2.133158247202888,25.62831022604621,-7.573478421246769,-3.113179680150517,23.577599129083858
KAZ,Kazakhstan,2010,8.23790230340836,28,146559490369.689,16836810,3.3,28,2.109958901761913,25.710697260585132,-8.073478421246769,-3.2631796801505173,26.345210732346136
KAZ,Kazakhstan,2010,5.58894453317034,28,146559490369.689,16836810,3.3,28,1.7225781037576466,25.710697260585132,-8.073478421246769,-3.2631796801505173,26.345210732346136
KAZ,Kazakhstan,2011,8.3206363060125,28,157404892659.159,17066002,3.24,28,2.1199398405378025,25.78208725668523,-8.073478421246769,-3.323179680150517,26.829619437620938
KAZ,Kazakhstan,2011,6.2873540537686,28,157404892659.159,17066002,3.24,28,1.8401295537110676,25.78208725668523,-8.073478421246769,-3.323179680150517,26.829619437620938
KAZ,Kazakhstan,2012,7.31533714170016,28.2,164960327499.374,17306106,2.95,28.2,1.9913391800146296,25.82897084253907,-7.8734784212467694,-3.613179680150517,28.448292243752398
KAZ,Kazakhstan,2012,6.2463502766018,28.2,164960327499.374,17306106,2.95,28.2,1.833596992181003,25.82897084253907,-7.8734784212467694,-3.613179680150517,28.448292243752398
KAZ,Kazakhstan,2013,6.37940291294929,27.1,174857947143.911,17556502,3.06,27.1,1.8546408231705687,25.88723975063202,-8.973478421246767,-3.503179680150517,31.435707265580817
KAZ,Kazakhstan,2013,5.66741598070048,27.1,174857947143.911,17556502,3.06,27.1,1.7364961962443908,25.88723975063202,-8.973478421246767,-3.503179680150517,31.435707265580817
KAZ,Kazakhstan,2014,5.07400953678053,27,182201980933.864,17816285,3.17,27,1.6261002291674092,25.928381694017578,-9.073478421246769,-3.393179680150517,30.78794260725873
KAZ,Kazakhstan,2014,4.75407751952778,27,182201980933.864,17816285,3.17,27,1.5611039233018467,25.928381694017578,-9.073478421246769,-3.393179680150517,30.78794260725873
KAZ,Kazakhstan,2015,4.71683271705767,26.8,184388404706.042,18084169,3.06,26.8,1.5532553623669756,25.940310264888122,-9.273478421246768,-3.503179680150517,32.486661169625975
KAZ,Kazakhstan,2015,3.51688816887301,26.8,184388404706.042,18084169,3.06,26.8,1.2604159435986977,25.940310264888122,-9.273478421246768,-3.503179680150517,32.486661169625975
KAZ,Kazakhstan,2017,4.90565829350323,27.5,194059760924.352,18651931,3.06,27.5,1.5924256802365044,25.991431994575127,-8.573478421246769,-3.503179680150517,30.034435393520614
KAZ,Kazakhstan,2017,4.17651126845794,27.5,194059760924.352,18651931,3.06,27.5,1.431867754276532,25.991431994575127,-8.573478421246769,-3.503179680150517,30.034435393520614
KAZ,Kazakhstan,2019,3.64922560673581,28,211106940610.612,19209555,2.94,28,1.2972515421673956,26.075630669567225,-8.073478421246769,-3.623179680150517,29.25166296399497
KAZ,Kazakhstan,2020,3.11054491665357,28.7,205829267103.2,19482117,3.14,28.7,1.138007639344951,26.05031286162109,-7.3734784212467694,-3.423179680150517,25.240741503640255
KAZ,Kazakhstan,2020,2.84876638406391,28.7,205829267103.2,19482117,3.14,28.7,1.0503901975369998,26.05031286162109,-7.3734784212467694,-3.423179680150517,25.240741503640255
KAZ,Kazakhstan,2021,2.84649159527772,29.2,214679925583.069,19743603,3.08,29.2,1.0495941568632325,26.09241403761379,-6.8734784212467694,-3.483179680150517,23.941560368839802
KEN,Kenya,2015,4.8015943416874,40.8,70120446896.8359,47088526,5.33,40.8,1.5710284931638991,24.973480270293965,4.726521578753228,-1.233179680150517,-5.828650368711423
KEN,Kenya,2016,4.90863183219284,NA,73074983895.0953,48139687,5.33,40.14285714285714,1.5930304089443668,25.01475192755499,4.06937872161037,-1.233179680150517,-5.018275150326796
KEN,Kenya,2017,5.01242276948533,NA,75879571212.3885,49197766,5.11,39.48571428571429,1.6139124406818732,25.052413331132584,3.412235864467519,-1.4531796801505168,-4.958591822125031
KEN,Kenya,2017,2.06919966720846,NA,75879571212.3885,49197766,5.11,38.82857142857143,0.7319830442876372,25.052413331132584,2.7550930073246604,-1.4531796801505168,-4.003645175168976
KEN,Kenya,2018,3.12505555114881,NA,80165208728.3956,50207107,5.11,38.17142857142857,1.1426468935925846,25.107355451318565,2.097950150181802,-1.4531796801505168,-3.04869852821292
KEN,Kenya,2018,1.98179112389615,NA,80165208728.3956,50207107,5.11,37.51428571428571,0.689034296182624,25.107355451318565,1.4408072930389437,-1.4531796801505168,-2.093751881256864
KEN,Kenya,2019,3.07795502113628,NA,84264984851.3549,51202827,5.18,36.85714285714286,1.1275090663622391,25.15723225210051,0.7836644358960925,-1.3831796801505174,-1.083948723788093
KEN,Kenya,2020,3.56012051055805,36.2,84035138346.859,52217334,5.05,36.2,1.2725993516806489,25.154500861974043,0.1265215787532341,-1.5131796801505173,-0.19144988206995728
KEN,Kenya,2021,5.25374641584713,38.7,90413816676.9795,53219166,5.05,38.7,1.660843019581326,25.22766293201292,2.626521578753234,-1.5131796801505173,-3.9743990824462503
KEN,Kenya,2022,4.87166844718499,38.5,94807911027.625,54252461,5.05,38.5,1.5854870563472645,25.27511869238415,2.4265215787532313,-1.5131796801505173,-3.6717631464161427
KGZ,Kyrgyzstan,2006,7.62903215883153,37.4,4368498475.52979,5218373,4.08,37.4,2.033270914372528,22.197685188733562,1.3265215787532298,-2.483179680150517,-3.293991429641204
KGZ,Kyrgyzstan,2008,7.58069296705422,31.5,5140072739.62985,5318729,4.05,31.5,2.02692288724709,22.36033306799231,-4.573478421246769,-2.5131796801505173,11.493973035884247
KGZ,Kyrgyzstan,2010,8.86783027045699,30.1,5263491909.11624,5467059,4.31,30.1,2.183557188235962,22.384060504486474,-5.973478421246767,-2.2531796801505175,13.45932019857081
KGZ,Kyrgyzstan,2011,8.09718770192697,27.8,5576999924.82018,5546587,4.34,27.8,2.092751038806121,22.441916820873494,-8.273478421246768,-2.2231796801505173,18.393429110279595
KGZ,Kyrgyzstan,2012,6.49519469697196,27.4,5572083788.24116,5652076,4.69,27.4,1.8726010418735144,22.441034930123696,-8.67347842124677,-1.8731796801505167,16.246983534903432
KGZ,Kyrgyzstan,2013,5.8303108720032,28.8,6180302892.03129,5777150,4.69,28.8,1.7647840269307866,22.54463311887053,-7.273478421246768,-1.8731796801505167,13.624531982692707
KGZ,Kyrgyzstan,2014,4.27240335149698,26.8,6429000667.90909,5905848,5.24,26.8,1.4545143827179172,22.584084945996,-9.273478421246768,-1.323179680150517,12.270478211308019
KGZ,Kyrgyzstan,2015,4.26532877520751,29,6678177511.66313,6040036,5.33,29,1.4528610059128606,22.622110959675407,-7.073478421246769,-1.233179680150517,8.722869857064675
KGZ,Kyrgyzstan,2016,5.23863496561286,26.8,6967733666.77765,6175338,4.93,26.8,1.6579680362460376,22.664555853432258,-9.273478421246768,-1.6331796801505174,15.145256521894522
KGZ,Kyrgyzstan,2017,4.4050388177969,27.3,7297999868.50301,6306696,5.11,27.3,1.48501662627025,22.710866156942444,-8.773478421246768,-1.4531796801505168,12.74944056599484
KGZ,Kyrgyzstan,2018,3.51638952891734,27.7,7572252145.25549,6444079,5.11,27.7,1.260274551191404,22.747756369429435,-8.37347842124677,-1.4531796801505168,12.168168693934636
KOR,Republic of Korea,2006,0.865877155391301,31.7,1121936729365.41,48438292,7.88,31.7,-0.13252943145096652,27.746077530499104,-4.3734784212467694,1.3168203198494828,-5.759085253520982
KOR,Republic of Korea,2006,1.33523536673953,31.7,1121936729365.41,48438292,7.88,31.7,0.29656899160254985,27.746077530499104,-4.3734784212467694,1.3168203198494828,-5.759085253520982
KOR,Republic of Korea,2008,0.888451063800414,32.3,1223156560996.14,49054708,8.01,32.3,-0.10708303857073585,27.832455978337592,-3.7734784212467716,1.4468203198494827,-5.459545256373375
KOR,Republic of Korea,2008,1.5282332405702,32.3,1223156560996.14,49054708,8.01,32.3,0.43063451145166026,27.832455978337592,-3.7734784212467716,1.4468203198494827,-5.459545256373375
KOR,Republic of Korea,2010,0.993727389936438,32,1319281537670.41,49554112,8.11,32,0.0037204604325396812,27.90810841470382,-4.073478421246769,1.5468203198494823,-6.300939194452891
KOR,Republic of Korea,2010,1.58501246659466,32,1319281537670.41,49554112,8.11,32,0.4668815522530716,27.90810841470382,-4.073478421246769,1.5468203198494823,-6.300939194452891
KOR,Republic of Korea,2010,0,32,1319281537670.41,49554112,8.11,32,-4.605170185988091,27.90810841470382,-4.073478421246769,1.5468203198494823,-6.300939194452891
KOR,Republic of Korea,2011,0.820312091704541,NA,1367937063745.25,49936638,8.06,31.9,-0.18595363476522309,27.944324928036423,-4.17347842124677,1.4968203198494834,-6.246947305375508
KOR,Republic of Korea,2011,1.55920362840119,NA,1367937063745.25,49936638,8.06,31.8,0.4505682476123703,27.944324928036423,-4.273478421246768,1.4968203198494834,-6.396629337360452
KOR,Republic of Korea,2011,0,NA,1367937063745.25,49936638,8.06,31.700000000000003,-4.605170185988091,27.944324928036423,-4.373478421246766,1.4968203198494834,-6.546311369345398
KOR,Republic of Korea,2012,0.877023564282435,31.6,1402787524457.73,50199853,8.13,31.6,-0.1198837307543693,27.969482461857897,-4.473478421246767,1.5668203198494837,-7.009136890817623
KOR,Republic of Korea,2012,1.35283404973222,31.6,1402787524457.73,50199853,8.13,31.6,0.30956639162039107,27.969482461857897,-4.473478421246767,1.5668203198494837,-7.009136890817623
KOR,Republic of Korea,2012,0,31.6,1402787524457.73,50199853,8.13,31.6,-4.605170185988091,27.969482461857897,-4.473478421246767,1.5668203198494837,-7.009136890817623
KOR,Republic of Korea,2013,0.702999427944201,NA,1448958816285.78,50428893,8.06,31.5,-0.3382746608904617,28.001866356700152,-4.573478421246769,1.4968203198494834,-6.845675433315298
KOR,Republic of Korea,2013,1.28217509301187,NA,1448958816285.78,50428893,8.06,31.4,0.25632691708530175,28.001866356700152,-4.67347842124677,1.4968203198494834,-6.995357465300249
KOR,Republic of Korea,2013,0,NA,1448958816285.78,50428893,8.06,31.3,-4.605170185988091,28.001866356700152,-4.773478421246768,1.4968203198494834,-7.145039497285194
KOR,Republic of Korea,2014,0.745957747469183,31.2,1495538208413.16,50746659,8.06,31.2,-0.27976979395551327,28.033507263612254,-4.8734784212467694,1.4968203198494834,-7.294721529270145
KOR,Republic of Korea,2014,1.36725942573264,31.2,1495538208413.16,50746659,8.06,31.2,0.32009560122647823,28.033507263612254,-4.8734784212467694,1.4968203198494834,-7.294721529270145
KOR,Republic of Korea,2014,0,31.2,1495538208413.16,50746659,8.06,31.2,-4.605170185988091,28.033507263612254,-4.8734784212467694,1.4968203198494834,-7.294721529270145
KOR,Republic of Korea,2015,0.73552614730237,NA,1539212301135.55,51014947,7.97,32.2,-0.29366507188151314,28.062291908727914,-3.873478421246766,1.4068203198494826,-5.449288151508444
KOR,Republic of Korea,2015,1.27687339171691,NA,1539212301135.55,51014947,7.97,33.2,0.2522155490405424,28.062291908727914,-2.873478421246766,1.4068203198494826,-4.0424678316589615
KOR,Republic of Korea,2015,0,NA,1539212301135.55,51014947,7.97,34.2,-4.605170185988091,28.062291908727914,-1.873478421246766,1.4068203198494826,-2.635647511809479
KOR,Republic of Korea,2016,0.693986349015599,35.2,1588028842393.05,51217803,7.92,35.2,-0.35099631361493716,28.09351464130458,-0.8734784212467659,1.3568203198494828,-1.1851532708976582
KOR,Republic of Korea,2016,1.34898470089549,35.2,1588028842393.05,51217803,7.92,35.2,0.30673787748642656,28.09351464130458,-0.8734784212467659,1.3568203198494828,-1.1851532708976582
KOR,Republic of Korea,2016,0,35.2,1588028842393.05,51217803,7.92,35.2,-4.605170185988091,28.09351464130458,-0.8734784212467659,1.3568203198494828,-1.1851532708976582
KOR,Republic of Korea,2017,0.584621875068617,34.9,1642548917819.59,51361911,8,34.9,-0.5198295795411807,28.12727036940025,-1.1734784212467702,1.4368203198494829,-1.6860776405522504
KOR,Republic of Korea,2017,1.0973799316072,34.9,1642548917819.59,51361911,8,34.9,0.10199680316125136,28.12727036940025,-1.1734784212467702,1.4368203198494829,-1.6860776405522504
KOR,Republic of Korea,2017,0,34.9,1642548917819.59,51361911,8,34.9,-4.605170185988091,28.12727036940025,-1.1734784212467702,1.4368203198494829,-1.6860776405522504
KOR,Republic of Korea,2018,0.59836299503258,33.7,1694718171579.25,51585058,8,33.7,-0.49698354386466853,28.158537572481777,-2.373478421246766,1.4368203198494829,-3.4102620243716237
KOR,Republic of Korea,2018,1.16961569255559,33.7,1694718171579.25,51585058,8,33.7,0.1651887011560083,28.158537572481777,-2.373478421246766,1.4368203198494829,-3.4102620243716237
KOR,Republic of Korea,2018,0,33.7,1694718171579.25,51585058,8,33.7,-4.605170185988091,28.158537572481777,-2.373478421246766,1.4368203198494829,-3.4102620243716237
KOR,Republic of Korea,2019,0.573715197653771,33.2,1733930596323.25,51764822,8,33.2,-0.538342090356552,28.181411968297432,-2.873478421246766,1.4368203198494829,-4.128672184296366
KOR,Republic of Korea,2019,1.04891364419528,33.2,1733930596323.25,51764822,8,33.2,0.05724351862508698,28.181411968297432,-2.873478421246766,1.4368203198494829,-4.128672184296366
KOR,Republic of Korea,2019,0,33.2,1733930596323.25,51764822,8,33.2,-4.605170185988091,28.181411968297432,-2.873478421246766,1.4368203198494829,-4.128672184296366
KOR,Republic of Korea,2020,0.593924062354197,32.7,1721788880530.99,51836239,8.01,32.7,-0.5043068135304635,28.174384913100273,-3.373478421246766,1.4468203198494827,-4.8808171284335735
KOR,Republic of Korea,2020,1.03743878424207,32.7,1721788880530.99,51836239,8.01,32.7,0.046347931242108065,28.174384913100273,-3.373478421246766,1.4468203198494827,-4.8808171284335735
KOR,Republic of Korea,2020,0,32.7,1721788880530.99,51836239,8.01,32.7,-4.605170185988091,28.174384913100273,-3.373478421246766,1.4468203198494827,-4.8808171284335735
KOR,Republic of Korea,2021,0.472531479878428,32.9,1801214449834.76,51769539,8.16,32.9,-0.7287091170599928,28.2194822476794,-3.17347842124677,1.596820319849483,-5.0674748276507
KOR,Republic of Korea,2021,0.939276860003243,32.9,1801214449834.76,51769539,8.16,32.9,-0.05205478424395782,28.2194822476794,-3.17347842124677,1.596820319849483,-5.0674748276507
KOR,Republic of Korea,2021,0,32.9,1801214449834.76,51769539,8.16,32.9,-4.605170185988091,28.2194822476794,-3.17347842124677,1.596820319849483,-5.0674748276507
LTU,Lithuania,2006,8.80785660809442,34.4,34586529059.4547,3269909,7.43,34.4,2.1767788255304996,24.266730109658337,-1.6734784212467702,0.8668203198494826,-1.4506051003663325
LTU,Lithuania,2006,8.5020282536467,34.4,34586529059.4547,3269909,7.43,34.4,2.1414802518661835,24.266730109658337,-1.6734784212467702,0.8668203198494826,-1.4506051003663325
LTU,Lithuania,2008,9.31692408317012,35.7,39416661070.6359,3198231,7.36,35.7,2.232905280242331,24.39745443367915,-0.3734784212467659,0.7968203198494832,-0.29759519507472804
LTU,Lithuania,2008,8.6290974730032,35.7,39416661070.6359,3198231,7.36,35.7,2.15629811821658,24.39745443367915,-0.3734784212467659,0.7968203198494832,-0.29759519507472804
LTU,Lithuania,2010,7.06971693208504,33.6,33711177146.509,3097282,7.24,33.6,1.9572339255624323,24.241095285384212,-2.4734784212467673,0.6768203198494831,-1.6741004562090316
LTU,Lithuania,2010,7.65078955663997,33.6,33711177146.509,3097282,7.24,33.6,2.036115053719978,24.241095285384212,-2.4734784212467673,0.6768203198494831,-1.6741004562090316
LTU,Lithuania,2010,0.0968454374258225,33.6,33711177146.509,3097282,7.24,33.6,-2.2363719988696986,24.241095285384212,-2.4734784212467673,0.6768203198494831,-1.6741004562090316
LTU,Lithuania,2011,6.96681994220841,32.5,35842949499.0897,3028115,7.24,32.5,1.9425932172868923,24.302412717958553,-3.5734784212467687,0.6768203198494831,-2.418602808043464
LTU,Lithuania,2011,7.16492856615747,32.5,35842949499.0897,3028115,7.24,32.5,1.970592805659883,24.302412717958553,-3.5734784212467687,0.6768203198494831,-2.418602808043464
LTU,Lithuania,2011,0,32.5,35842949499.0897,3028115,7.24,32.5,-4.605170185988091,24.302412717958553,-3.5734784212467687,0.6768203198494831,-2.418602808043464
LTU,Lithuania,2012,6.75962941837572,35.1,37413912227.1865,2989139,7.24,35.1,1.9124463466336008,24.345308456881877,-0.9734784212467673,0.6768203198494831,-0.6588699764348069
LTU,Lithuania,2012,6.29114025076552,35.1,37413912227.1865,2989139,7.24,35.1,1.8407306092053806,24.345308456881877,-0.9734784212467673,0.6768203198494831,-0.6588699764348069
LTU,Lithuania,2012,0.066927023944314,35.1,37413912227.1865,2989139,7.24,35.1,-2.564898047501833,24.345308456881877,-0.9734784212467673,0.6768203198494831,-0.6588699764348069
LTU,Lithuania,2013,6.69289628495243,35.3,38928020774.4147,2961250,7.54,35.3,1.9025397143264449,24.38498015664996,-0.7734784212467716,0.9768203198494829,-0.7555494388389445
LTU,Lithuania,2013,5.84783362271096,35.3,38928020774.4147,2961250,7.54,35.3,1.7677798462799381,24.38498015664996,-0.7734784212467716,0.9768203198494829,-0.7555494388389445
LTU,Lithuania,2013,0.0338025064896587,35.3,38928020774.4147,2961250,7.54,35.3,-3.128064237445775,24.38498015664996,-0.7734784212467716,0.9768203198494829,-0.7555494388389445
LTU,Lithuania,2014,5.42076007920446,37.7,40396597406.9714,2937253,7.54,37.7,1.6920791019039165,24.422011395766877,1.626521578753234,0.9768203198494829,1.58881932879982
LTU,Lithuania,2014,6.71628764530364,37.7,40396597406.9714,2937253,7.54,37.7,1.9060233785802054,24.422011395766877,1.626521578753234,0.9768203198494829,1.58881932879982
LTU,Lithuania,2014,0.0340928306868205,37.7,40396597406.9714,2937253,7.54,37.7,-3.1214580792050364,24.422011395766877,1.626521578753234,0.9768203198494829,1.58881932879982
LTU,Lithuania,2015,5.91926942449559,37.4,41540954817.2039,2911109,7.54,37.4,1.7799010055034743,24.449945640618996,1.3265215787532298,0.9768203198494829,1.295773232844971
LTU,Lithuania,2015,4.47386642549085,37.4,41540954817.2039,2911109,7.54,37.4,1.500485715625006,24.449945640618996,1.3265215787532298,0.9768203198494829,1.295773232844971
LTU,Lithuania,2015,0.103243071357481,37.4,41540954817.2039,2911109,7.54,37.4,-2.1782186965569634,24.449945640618996,1.3265215787532298,0.9768203198494829,1.295773232844971
LTU,Lithuania,2016,5.33266506558917,38.4,42650896790.5078,2877325,7.47,38.4,1.6757246044281486,24.476314137404138,2.32652157875323,0.9068203198494826,2.1097370421817274
LTU,Lithuania,2016,5.05383290529692,38.4,42650896790.5078,2877325,7.47,38.4,1.6221236877131393,24.476314137404138,2.32652157875323,0.9068203198494826,2.1097370421817274
LTU,Lithuania,2016,0.0348540200365305,38.4,42650896790.5078,2877325,7.47,38.4,-3.104342061572595,24.476314137404138,2.32652157875323,0.9068203198494826,2.1097370421817274
LTU,Lithuania,2017,3.53442753319048,37.3,44618059836.1503,2842639,7.41,37.3,1.2653766612430193,24.52140454307245,1.2265215787532284,0.846820319849483,1.0386433956221017
LTU,Lithuania,2017,5.23095274912192,37.3,44618059836.1503,2842639,7.41,37.3,1.6565033041567818,24.52140454307245,1.2265215787532284,0.846820319849483,1.0386433956221017
LTU,Lithuania,2017,0.0353442753319048,37.3,44618059836.1503,2842639,7.41,37.3,-3.0934713434231242,24.52140454307245,1.2265215787532284,0.846820319849483,1.0386433956221017
LTU,Lithuania,2018,3.28280899974951,35.7,46812540124.5928,2819200,7.5,35.7,1.1917409998139379,24.569416955357642,-0.3734784212467659,0.9368203198494829,-0.34988217404927513
LTU,Lithuania,2018,4.06782854316787,35.7,46812540124.5928,2819200,7.5,35.7,1.405564626925038,24.569416955357642,-0.3734784212467659,0.9368203198494829,-0.34988217404927513
LTU,Lithuania,2018,0.0356827065190164,35.7,46812540124.5928,2819200,7.5,35.7,-3.0860354658489277,24.569416955357642,-0.3734784212467659,0.9368203198494829,-0.34988217404927513
LTU,Lithuania,2019,3.36307869103253,35.3,49002127329.2631,2811089,7.5,35.3,1.21582588549387,24.615129548997558,-0.7734784212467716,0.9368203198494829,-0.7246103019890736
LTU,Lithuania,2019,3.39885612391585,35.3,49002127329.2631,2811089,7.5,35.3,1.226376787488308,24.615129548997558,-0.7734784212467716,0.9368203198494829,-0.7246103019890736
LTU,Lithuania,2019,0.0357774328833248,35.3,49002127329.2631,2811089,7.5,35.3,-3.08396404109934,24.615129548997558,-0.7734784212467716,0.9368203198494829,-0.7246103019890736
LTU,Lithuania,2020,3.6126075712028,36,49023107998.6089,2810369,7.13,36,1.2871940900658825,24.615557615700915,-0.07347842124676873,0.5668203198494828,-0.04164906223312848
LTU,Lithuania,2020,2.28917707482157,36,49023107998.6089,2810369,7.13,36,0.8325512653558785,24.615557615700915,-0.07347842124676873,0.5668203198494828,-0.04164906223312848
LTU,Lithuania,2020,0,36,49023107998.6089,2810369,7.13,36,-4.605170185988091,24.615557615700915,-0.07347842124676873,0.5668203198494828,-0.04164906223312848
LTU,Lithuania,2021,2.57650105788629,36.7,52150790162.9131,2808380,7.18,36.7,0.9503060194643608,24.67740517001212,0.6265215787532341,0.6168203198494826,0.3864512405991727
LTU,Lithuania,2021,2.75542474246172,36.7,52150790162.9131,2808380,7.18,36.7,1.0171942370870957,24.67740517001212,0.6265215787532341,0.6168203198494826,0.3864512405991727
LTU,Lithuania,2021,0.0357847369150873,36.7,52150790162.9131,2808380,7.18,36.7,-3.0838044985329267,24.67740517001212,0.6265215787532341,0.6168203198494826,0.3864512405991727
LTU,Lithuania,2022,2.37848472418186,36.6,53474129886.9706,2831639,7.31,36.6,0.8706591582577647,24.7024638203841,0.5265215787532327,0.7468203198494825,0.39321701385214375
LTU,Lithuania,2022,2.80448198821443,36.6,53474129886.9706,2831639,7.31,36.6,1.0347782262618963,24.7024638203841,0.5265215787532327,0.7468203198494825,0.39321701385214375
LTU,Lithuania,2022,0.0709995440054286,36.6,53474129886.9706,2831639,7.31,36.6,-2.5133117538881544,24.7024638203841,0.5265215787532327,0.7468203198494825,0.39321701385214375
LTU,Lithuania,2023,2.62779952622526,36,53657151896.4273,2871585,7.31,36,0.9699450567998275,24.70588060368896,-0.07347842124676873,0.7468203198494825,-0.05487517805754683
LTU,Lithuania,2023,1.71682902380051,36,53657151896.4273,2871585,7.31,36,0.5462867924109058,24.70588060368896,-0.07347842124676873,0.7468203198494825,-0.05487517805754683
LUX,Luxembourg,2010,1.97079284996354,30.5,54012829512.59,506953,8.88,30.5,0.6834971938305527,24.71248743885866,-5.573478421246769,2.3168203198494837,-12.912748058587134
LUX,Luxembourg,2011,0.771331163321661,32.1,54576884709.7504,518347,8.88,32.1,-0.24675619427589357,24.722876273092133,-3.9734784212467673,2.3168203198494837,-9.205835546827958
LUX,Luxembourg,2012,0,34.3,55477349891.7792,530946,8.88,34.3,-4.605170185988091,24.739240664341192,-1.7734784212467716,2.3168203198494837,-4.108830843159103
LUX,Luxembourg,2013,0.18404224873862,32,57236974872.2606,543360,8.88,32,-1.6396793666255824,24.77046594034743,-4.073478421246769,2.3168203198494837,-9.437517578812908
LUX,Luxembourg,2014,0.719063635334068,31.2,58738350400.0169,556319,8.88,31.2,-0.3159942595155569,24.796358679244864,-4.8734784212467694,2.3168203198494837,-11.290973834692497
LUX,Luxembourg,2015,0.877907630070794,32.9,60071584216.1375,569604,8.88,32.9,-0.11888756159098952,24.81880275829471,-3.17347842124677,2.3168203198494837,-7.3523792909483765
LUX,Luxembourg,2016,0.856889217934349,31.7,63062061883.63,582014,8.81,31.7,-0.1428440866813138,24.867385187700208,-4.3734784212467694,2.2468203198494834,-9.82642018528048
LUX,Luxembourg,2016,0.342755687173739,31.7,63062061883.63,582014,8.81,31.7,-1.0419795659872886,24.867385187700208,-4.3734784212467694,2.2468203198494834,-9.82642018528048
LUX,Luxembourg,2016,0,31.7,63062061883.63,582014,8.81,31.7,-4.605170185988091,24.867385187700208,-4.3734784212467694,2.2468203198494834,-9.82642018528048
LUX,Luxembourg,2017,0.335291716366678,34.5,63892707251.4305,596336,8.81,34.5,-1.063365664544732,24.88047106429621,-1.5734784212467687,2.2468203198494834,-3.535323289701925
LUX,Luxembourg,2017,0.167645858183339,34.5,63892707251.4305,596336,8.81,34.5,-1.7279632712628854,24.88047106429621,-1.5734784212467687,2.2468203198494834,-3.535323289701925
LUX,Luxembourg,2017,0,34.5,63892707251.4305,596336,8.81,34.5,-4.605170185988091,24.88047106429621,-1.5734784212467687,2.2468203198494834,-3.535323289701925
LUX,Luxembourg,2018,0.493339099919257,35.4,64922207640.6436,607950,8.81,35.4,-0.6864911811136796,24.896455584569825,-0.6734784212467702,2.2468203198494834,-1.5131850018373931
LUX,Luxembourg,2018,0,35.4,64922207640.6436,607950,8.81,35.4,-4.605170185988091,24.896455584569825,-0.6734784212467702,2.2468203198494834,-1.5131850018373931
LUX,Luxembourg,2018,0,35.4,64922207640.6436,607950,8.81,35.4,-4.605170185988091,24.896455584569825,-0.6734784212467702,2.2468203198494834,-1.5131850018373931
LUX,Luxembourg,2019,0.644991719918795,34.2,66707126419.2733,620001,8.81,34.2,-0.4231326847721387,24.92357762702836,-1.873478421246766,2.2468203198494834,-4.209369385656764
LUX,Luxembourg,2020,0.475739656230524,33.4,66366885630.9508,630419,8.68,33.4,-0.7220824853815302,24.918464058654173,-2.67347842124677,2.1168203198494826,-5.659273446774278
LUX,Luxembourg,2020,0.158579885410175,33.4,66366885630.9508,630419,8.68,33.4,-1.7803455441486173,24.918464058654173,-2.67347842124677,2.1168203198494826,-5.659273446774278
LUX,Luxembourg,2021,0.624732536382861,32.7,70965934440.7674,640064,8.68,32.7,-0.4545515713668303,24.98546580223959,-3.373478421246766,2.1168203198494826,-7.1410476706689066
LUX,Luxembourg,2021,0.624732536382861,32.7,70965934440.7674,640064,8.68,32.7,-0.4545515713668303,24.98546580223959,-3.373478421246766,2.1168203198494826,-7.1410476706689066
LUX,Luxembourg,2022,1.5306610542428,34.1,70187142285.2316,653103,8.81,34.1,0.432211580323355,24.974430972872607,-1.9734784212467673,2.2468203198494834,-4.434051417641715
LUX,Luxembourg,2022,1.83679326509136,34.1,70187142285.2316,653103,8.81,34.1,0.6134507648449137,24.974430972872607,-1.9734784212467673,2.2468203198494834,-4.434051417641715
LUX,Luxembourg,2023,0.751768912250525,33.6,70256936375.5582,666430,8.81,33.6,-0.27211203405263873,24.975424878728056,-2.4734784212467673,2.2468203198494834,-5.557461577566457
LVA,Latvia,2006,4.55153418247236,35.6,25527665150.2661,2218357,7.37,35.6,1.5176590104665038,23.96302860887715,-0.4734784212467673,0.806820319849483,-0.38201201127214507
LVA,Latvia,2008,4.54605672055275,37.2,27231101091.0587,2177322,7.23,37.2,1.5164574951458833,24.02762557950417,1.126521578753234,0.6668203198494833,0.7511874794615765
LVA,Latvia,2010,3.71812600729039,35,22026145287.9415,2097555,7.05,35,1.315905696490968,23.81549600686924,-1.0734784212467687,0.4868203198494827,-0.5225911083828697
LVA,Latvia,2010,0,35,22026145287.9415,2097555,7.05,35,-4.605170185988091,23.81549600686924,-1.0734784212467687,0.4868203198494827,-0.5225911083828697
LVA,Latvia,2011,3.05833927808144,35.8,22694935010.9107,2059709,7.05,35.8,1.121136463466909,23.84540760926452,-0.2734784212467716,0.4868203198494827,-0.1331348525032849
LVA,Latvia,2011,0,35.8,22694935010.9107,2059709,7.05,35.8,-4.605170185988091,23.84540760926452,-0.2734784212467716,0.4868203198494827,-0.1331348525032849
LVA,Latvia,2012,3.44042305407829,35.2,24352854611.1188,2034319,7.05,35.2,1.2384968478960336,23.915914912093296,-0.8734784212467659,0.4868203198494827,-0.42522704441297177
LVA,Latvia,2012,4.12850766489395,35.2,24352854611.1188,2034319,7.05,35.2,1.4203352554363065,23.915914912093296,-0.8734784212467659,0.4868203198494827,-0.42522704441297177
LVA,Latvia,2012,0,35.2,24352854611.1188,2034319,7.05,35.2,-4.605170185988091,23.915914912093296,-0.8734784212467659,0.4868203198494827,-0.42522704441297177
LVA,Latvia,2013,2.48384260386188,35.5,24863312429.9055,2012647,7.05,35.5,0.9138247353472763,23.936659157511897,-0.5734784212467687,0.4868203198494827,-0.27918094845812835
LVA,Latvia,2013,3.03028797671149,35.5,24863312429.9055,2012647,7.05,35.5,1.1119522401130157,23.936659157511897,-0.5734784212467687,0.4868203198494827,-0.27918094845812835
LVA,Latvia,2013,0.0993537041544751,35.5,24863312429.9055,2012647,7.05,35.5,-2.2131676581351836,23.936659157511897,-0.5734784212467687,0.4868203198494827,-0.27918094845812835
LVA,Latvia,2014,3.20938906771761,35.1,25384188823.064,1993782,7.48,35.1,1.169191611032723,23.95739232986431,-0.9734784212467673,0.9168203198494833,-0.8925047975340312
LVA,Latvia,2014,3.71085610954848,35.1,25384188823.064,1993782,7.48,35.1,1.3139537787830016,23.95739232986431,-0.9734784212467673,0.9168203198494833,-0.8925047975340312
LVA,Latvia,2014,0,35.1,25384188823.064,1993782,7.48,35.1,-4.605170185988091,23.95739232986431,-0.9734784212467673,0.9168203198494833,-0.8925047975340312
LVA,Latvia,2015,3.38748763187818,34.2,26344565876.8902,1977527,7.37,34.2,1.2230362266769124,23.994527862084727,-1.873478421246766,0.806820319849483,-1.51156045906142
LVA,Latvia,2015,2.73021391226003,34.2,26344565876.8902,1977527,7.37,34.2,1.008035987520556,23.994527862084727,-1.873478421246766,0.806820319849483,-1.51156045906142
LVA,Latvia,2015,0,34.2,26344565876.8902,1977527,7.37,34.2,-4.605170185988091,23.994527862084727,-1.873478421246766,0.806820319849483,-1.51156045906142
LVA,Latvia,2016,3.52065424981236,34.3,27016796481.3321,1959537,7.31,34.3,1.2614831936620767,24.019724601432973,-1.7734784212467716,0.7468203198494825,-1.3244697218016692
LVA,Latvia,2016,5.25546938740106,34.3,27016796481.3321,1959537,7.31,34.3,1.66117029401496,24.019724601432973,-1.7734784212467716,0.7468203198494825,-1.3244697218016692
LVA,Latvia,2016,0,34.3,27016796481.3321,1959537,7.31,34.3,-4.605170185988091,24.019724601432973,-1.7734784212467716,0.7468203198494825,-1.3244697218016692
LVA,Latvia,2017,4.16968239374774,35.6,27935083541.205,1942248,7.25,35.6,1.4302352612928595,24.05314921040988,-0.4734784212467673,0.6868203198494829,-0.3251946007225329
LVA,Latvia,2017,5.25071116249716,35.6,27935083541.205,1942248,7.25,35.6,1.66026621960631,24.05314921040988,-0.4734784212467673,0.6868203198494829,-0.3251946007225329
LVA,Latvia,2017,0,35.6,27935083541.205,1942248,7.25,35.6,-4.605170185988091,24.05314921040988,-0.4734784212467673,0.6868203198494829,-0.3251946007225329
LVA,Latvia,2018,4.35777769938389,35.1,29139005429.8548,1927174,7.38,35.1,1.4742543441493177,24.09534350637791,-0.9734784212467673,0.8168203198494828,-0.795156955409354
LVA,Latvia,2018,8.14489403337228,35.1,29139005429.8548,1927174,7.38,35.1,2.0986182419201636,24.09534350637791,-0.9734784212467673,0.8168203198494828,-0.795156955409354
LVA,Latvia,2018,0,35.1,29139005429.8548,1927174,7.38,35.1,-4.605170185988091,24.09534350637791,-0.9734784212467673,0.8168203198494828,-0.795156955409354
LVA,Latvia,2019,3.39556267869149,34.5,29335802338.5259,1913822,7.49,34.5,1.2254101766661107,24.102074529845925,-1.5734784212467687,0.9268203198494831,-1.4583317736561898
LVA,Latvia,2019,4.07467521442978,34.5,29335802338.5259,1913822,7.49,34.5,1.4072422182795923,24.102074529845925,-1.5734784212467687,0.9268203198494831,-1.4583317736561898
LVA,Latvia,2019,0,34.5,29335802338.5259,1913822,7.49,34.5,-4.605170185988091,24.102074529845925,-1.5734784212467687,0.9268203198494831,-1.4583317736561898
LVA,Latvia,2020,3.68203328189884,35.7,28318076614.1623,1900449,7.24,35.7,1.3061773311987934,24.06676618729894,-0.3734784212467659,0.6768203198494831,-0.25277778452511607
LVA,Latvia,2020,3.57683233098744,35.7,28318076614.1623,1900449,7.24,35.7,1.277269453935871,24.06676618729894,-0.3734784212467659,0.6768203198494831,-0.25277778452511607
LVA,Latvia,2020,0,35.7,28318076614.1623,1900449,7.24,35.7,-4.605170185988091,24.06676618729894,-0.3734784212467659,0.6768203198494831,-0.25277778452511607
LVA,Latvia,2021,3.02293132059141,34.3,30284070900.4111,1884490,7.31,34.3,1.109529584398435,24.13388769836856,-1.7734784212467716,0.7468203198494825,-1.3244697218016692
LVA,Latvia,2021,4.03057509412188,34.3,30284070900.4111,1884490,7.31,34.3,1.3963870318724227,24.13388769836856,-1.7734784212467716,0.7468203198494825,-1.3244697218016692
LVA,Latvia,2021,0,34.3,30284070900.4111,1884490,7.31,34.3,-4.605170185988091,24.13388769836856,-1.7734784212467716,0.7468203198494825,-1.3244697218016692
LVA,Latvia,2022,3.56181584561495,33.7,30862052747.7596,1879383,7.37,33.7,1.2730741067062314,24.152793199743066,-2.373478421246766,0.806820319849483,-1.9149706189861615
LVA,Latvia,2022,4.99717446996725,33.7,30862052747.7596,1879383,7.37,33.7,1.6108717779508832,24.152793199743066,-2.373478421246766,0.806820319849483,-1.9149706189861615
LVA,Latvia,2022,0,33.7,30862052747.7596,1879383,7.37,33.7,-4.605170185988091,24.152793199743066,-2.373478421246766,0.806820319849483,-1.9149706189861615
LVA,Latvia,2023,2.49681788529087,34,30571453786.1231,1883710,7.38,34,0.9190141740528683,24.143332527692337,-2.0734784212467687,0.8168203198494828,-1.6936593072437862
LVA,Latvia,2023,3.55929358115933,34,30571453786.1231,1883710,7.38,34,1.2723676997854667,24.143332527692337,-2.0734784212467687,0.8168203198494828,-1.6936593072437862
LVA,Latvia,2023,0,34,30571453786.1231,1883710,7.38,34,-4.605170185988091,24.143332527692337,-2.0734784212467687,0.8168203198494828,-1.6936593072437862
MDA,Republic of Moldova,2006,6.68142956581036,35.4,5811421236.26146,2880967,6.5,35.4,1.900827538279498,22.483090996873763,-0.6734784212467702,-0.06317968015051711,0.04255015124264617
MDA,Republic of Moldova,2006,7.14045907796527,35.4,5811421236.26146,2880967,6.5,35.4,1.967176561353183,22.483090996873763,-0.6734784212467702,-0.06317968015051711,0.04255015124264617
MDA,Republic of Moldova,2008,6.2442055888815,34.7,6452653478.32394,2868833,6.5,34.7,1.8332541316775417,22.58775727514382,-1.373478421246766,-0.06317968015051711,0.08677592734800788
MDA,Republic of Moldova,2008,4.55086170037127,34.7,6452653478.32394,2868833,6.5,34.7,1.5175115750534949,22.58775727514382,-1.373478421246766,-0.06317968015051711,0.08677592734800788
MDA,Republic of Moldova,2010,7.29627258213572,32.1,6496144351.04957,2862354,6.33,32.1,1.988733237030484,22.59447466108746,-3.9734784212467673,-0.23317968015051704,0.9265344273513026
MDA,Republic of Moldova,2010,4.81829321461793,32.1,6496144351.04957,2862354,6.33,32.1,1.5744930334992702,22.59447466108746,-3.9734784212467673,-0.23317968015051704,0.9265344273513026
MDA,Republic of Moldova,2011,6.07207895051986,30.6,6874100822.53274,2860699,6.33,30.6,1.805346570183722,22.651026682495576,-5.473478421246767,-0.23317968015051704,1.276303947577078
MDA,Republic of Moldova,2011,4.77895102587212,30.6,6874100822.53274,2860699,6.33,30.6,1.5663113949294227,22.651026682495576,-5.473478421246767,-0.23317968015051704,1.276303947577078
MDA,Republic of Moldova,2012,6.57549697046181,29.2,6833561915.89765,2860324,6.32,29.2,1.8848698024252448,22.645111884970163,-6.8734784212467694,-0.24317968015051683,1.6714902840002688
MDA,Republic of Moldova,2012,0.143569802848511,29.2,6833561915.89765,2860324,6.32,29.2,-1.8736000736344394,22.645111884970163,-6.8734784212467694,-0.24317968015051683,1.6714902840002688
MDA,Republic of Moldova,2013,6.71802976908606,28.5,7451580071.77113,2859558,6.32,28.5,1.9062823473169312,22.73169193702056,-7.573478421246769,-0.24317968015051683,1.8417160601056304
MDA,Republic of Moldova,2013,0.0586727490749874,28.5,7451580071.77113,2859558,6.32,28.5,-2.67840282402158,22.73169193702056,-7.573478421246769,-0.24317968015051683,1.8417160601056304
MDA,Republic of Moldova,2014,4.81645276331263,26.8,7824131195.57662,2857815,6.32,26.8,1.574111780314194,22.780478537889135,-9.273478421246768,-0.24317968015051683,2.255121516361509
MDA,Republic of Moldova,2014,4.36771492822139,26.8,7824131195.57662,2857815,6.32,26.8,1.476526882366961,22.780478537889135,-9.273478421246768,-0.24317968015051683,2.255121516361509
MDA,Republic of Moldova,2015,5.74963619861434,27,7797667196.73087,2835978,6.35,27,1.7508743127503372,22.777090448567215,-9.073478421246769,-0.21317968015051747,1.9342812276940085
MDA,Republic of Moldova,2015,0,27,7797667196.73087,2835978,6.35,27,-4.605170185988091,22.777090448567215,-9.073478421246769,-0.21317968015051747,1.9342812276940085
MDA,Republic of Moldova,2016,6.17704523511996,26.3,8159947934.63828,2803186,6.01,26.3,1.8224576278393958,22.822503625343035,-9.773478421246768,-0.5531796801505173,5.40648966702327
MDA,Republic of Moldova,2016,0,26.3,8159947934.63828,2803186,6.01,26.3,-4.605170185988091,22.822503625343035,-9.773478421246768,-0.5531796801505173,5.40648966702327
MDA,Republic of Moldova,2017,4.41522186881311,25.9,8500675703.95748,2755189,5.94,25.9,1.4873204170477035,22.863411491866387,-10.17347842124677,-0.6231796801505167,6.339905028570746
MDA,Republic of Moldova,2017,0,25.9,8500675703.95748,2755189,5.94,25.9,-4.605170185988091,22.863411491866387,-10.17347842124677,-0.6231796801505167,6.339905028570746
MDA,Republic of Moldova,2018,5.26353672252251,25.7,8847128857.51461,2707203,5.85,25.7,1.6627012423060972,22.90335882045006,-10.37347842124677,-0.7131796801505175,7.398154022513066
MDA,Republic of Moldova,2018,0,25.7,8847128857.51461,2707203,5.85,25.7,-4.605170185988091,22.90335882045006,-10.37347842124677,-0.7131796801505175,7.398154022513066
MDA,Republic of Moldova,2019,3.88747276359475,26,9161406662.06896,2664224,5.75,26,1.360328333752125,22.938265569570493,-10.073478421246769,-0.8131796801505171,8.191547960592583
MDA,Republic of Moldova,2020,3.03017368760082,25,8403210632.93021,2635130,5.78,25,1.111914647865258,22.851879687974886,-11.073478421246769,-0.7831796801505169,8.672523288105694
MDA,Republic of Moldova,2021,2.18269955950808,25.7,9573777856.36482,2595809,6.1,25.7,0.7851334602821082,22.982293724844617,-10.37347842124677,-0.46317968015051747,4.804784417201374
MDA,Republic of Moldova,2022,2.46711784221268,25.9,9133384072.52763,2528654,6.23,25.9,0.9070957239467148,22.935202117043133,-10.17347842124677,-0.3331796801505167,3.389596286409182
MDA,Republic of Moldova,2023,2.54314378217647,26.8,9242984685.90417,2457783,6.23,26.8,0.9373254555831987,22.947130688395934,-9.273478421246768,-0.3331796801505167,3.0897345742737166
MEX,Mexico,2006,9.74512148491559,49.7,1052569035045.56,107253666,6.67,49.7,2.2777924276024075,27.68225499184414,13.626521578753234,0.10682031984948281,1.4555893934783
MEX,Mexico,2006,3.97468933124714,49.7,1052569035045.56,107253666,6.67,49.7,1.382459349666699,27.68225499184414,13.626521578753234,0.10682031984948281,1.4555893934783
MEX,Mexico,2008,12.6895495806052,50.8,1084575522159.75,110374288,6.78,50.8,2.54156652674153,27.71220980255707,14.726521578753228,0.21682031984948313,3.1930091189755903
MEX,Mexico,2008,3.95019535709259,50.8,1084575522159.75,110374288,6.78,50.8,1.3762933566487154,27.71220980255707,14.726521578753228,0.21682031984948313,3.1930091189755903
MEX,Mexico,2010,22.6686472946558,47.7,1066822388048.98,113623895,6.93,47.7,3.1214238339880533,27.695705615206712,11.626521578753234,0.3668203198494826,4.264844364255173
MEX,Mexico,2010,4.06428594971155,47.7,1066822388048.98,113623895,6.93,47.7,1.40469550427412,27.695705615206712,11.626521578753234,0.3668203198494826,4.264844364255173
MEX,Mexico,2011,23.6134785680132,NA,1103564231781.62,115243504,6.93,48.333333333333336,3.16224107206855,27.729566268272848,12.259854912086567,0.3668203198494826,4.497163900159845
MEX,Mexico,2011,3.84056355940272,NA,1103564231781.62,115243504,6.93,48.96666666666667,1.3482195166529642,27.729566268272848,12.8931882454199,0.3668203198494826,4.729483436064517
MEX,Mexico,2012,22.2285552341782,49.6,1142776194808.08,116818208,6.9,49.6,3.10182750478024,27.76448167650161,13.526521578753233,0.33682031984948324,4.5560073246066
MEX,Mexico,2012,3.51486301041845,49.6,1142776194808.08,116818208,6.9,49.6,1.2598415732164352,27.76448167650161,13.526521578753233,0.33682031984948324,4.5560073246066
MEX,Mexico,2013,19.4881727966757,NA,1152513808584.62,118343573,6.91,49.36666666666667,2.970320758444746,27.772966593163762,13.293188245419898,0.346820319849483,4.610347799095917
MEX,Mexico,2013,4.0788019810759,NA,1152513808584.62,118343573,6.91,49.13333333333333,1.4082520129846063,27.772966593163762,13.059854912086564,0.346820319849483,4.529423057797704
MEX,Mexico,2014,16.7050327254596,48.9,1181370028689.69,119784261,6.68,48.9,2.8163084777199567,27.79769592218141,12.82652157875323,0.1168203198494826,1.4983983533862428
MEX,Mexico,2015,17.1484302942078,NA,1213294467716.88,121072306,6.55,48.233333333333334,2.842489615179236,27.824360476294576,12.159854912086566,-0.013179680150517292,-0.16026299841799752
MEX,Mexico,2015,0.0322121559326705,NA,1213294467716.88,121072306,6.55,47.56666666666666,-3.1650470441435745,27.824360476294576,11.493188245419894,-0.013179680150517292,-0.15147654498431926
MEX,Mexico,2016,20.0889396309777,46.9,1234800030119.7,122251351,6.47,46.9,3.000667058995727,27.841930153966786,10.82652157875323,-0.09317968015051736,-1.0088118178509002
MEX,Mexico,2016,1.22289037616807,46.9,1234800030119.7,122251351,6.47,46.9,0.2093613120123382,27.841930153966786,10.82652157875323,-0.09317968015051736,-1.0088118178509002
MEX,Mexico,2016,0.0343554486950228,46.9,1234800030119.7,122251351,6.47,46.9,-3.115519721064297,27.841930153966786,10.82652157875323,-0.09317968015051736,-1.0088118178509002
MEX,Mexico,2017,25.9959360229634,NA,1257912134612.3,123400057,6.41,46.675,3.2583248205385607,27.860474426467263,10.601521578753228,-0.15317968015051697,-1.6239376845422233
MEX,Mexico,2017,1.94084188331922,NA,1257912134612.3,123400057,6.41,46.45,0.6682610144403982,27.860474426467263,10.376521578753234,-0.15317968015051697,-1.5894722565083579
MEX,Mexico,2017,0.105348411203131,NA,1257912134612.3,123400057,6.41,46.225,-2.159798068162209,27.860474426467263,10.151521578753233,-0.15317968015051697,-1.5550068284744913
MEX,Mexico,2018,29.448428328509902,46,1282719194577.95,124573711,6.19,46,3.382980060273608,27.88000331133917,9.926521578753231,-0.3731796801505167,-3.7043761477663333
MEX,Mexico,2018,1.38793328553887,46,1282719194577.95,124573711,6.19,46,0.3349949213130255,27.88000331133917,9.926521578753231,-0.3731796801505167,-3.7043761477663333
MEX,Mexico,2018,0.0577971061647188,46,1282719194577.95,124573711,6.19,46,-2.6912357668829876,27.88000331133917,9.926521578753231,-0.3731796801505167,-3.7043761477663333
MEX,Mexico,2019,29.150867187807,NA,1277682078094.17,125762982,6.09,45.65,3.372827645649121,27.87606867575217,9.57652157875323,-0.47317968015051726,-4.53141541758898
MEX,Mexico,2019,1.54099398843376,NA,1277682078094.17,125762982,6.09,45.3,0.4388960082576576,27.87606867575217,9.226521578753228,-0.47317968015051726,-4.365802529536298
MEX,Mexico,2019,0.0278301287900834,NA,1277682078094.17,125762982,6.09,44.95,-3.2746494358998697,27.87606867575217,8.876521578753234,-0.47317968015051726,-4.20018964148362
MEX,Mexico,2020,29.0010048931398,44.6,1170944075446.26,126799054,6.07,44.6,3.367675237076287,27.78883144145856,8.526521578753233,-0.49317968015051683,-4.205107185005999
MEX,Mexico,2020,1.29575098684983,44.6,1170944075446.26,126799054,6.07,44.6,0.26677834410639983,27.78883144145856,8.526521578753233,-0.49317968015051683,-4.205107185005999
MEX,Mexico,2020,0.0157729882757131,44.6,1170944075446.26,126799054,6.07,44.6,-3.6584283015640002,27.78883144145856,8.526521578753233,-0.49317968015051683,-4.205107185005999
MEX,Mexico,2021,27.9675034061893,NA,1241768434200.36,127648148,5.57,44.325,3.3314007374574883,27.84755763616321,8.251521578753234,-0.9931796801505168,-8.195243562341224
MEX,Mexico,2021,1.47514870907155,NA,1241768434200.36,127648148,5.57,44.05,0.39551490802983147,27.84755763616321,7.976521578753228,-0.9931796801505168,-7.922119150299827
MEX,Mexico,2021,0.013317858764852,NA,1241768434200.36,127648148,5.57,43.775,-3.7585357414045535,27.84755763616321,7.70152157875323,-0.9931796801505168,-7.648994738258437
MEX,Mexico,2022,25.8814968854168,43.5,1287835026749.81,128613117,5.25,43.5,3.2539146092190534,27.883983650585574,7.426521578753231,-1.3131796801505171,-9.752357231418081
MEX,Mexico,2022,2.28748051301999,43.5,1287835026749.81,128613117,5.25,43.5,0.8318130933923609,27.883983650585574,7.426521578753231,-1.3131796801505171,-9.752357231418081
MEX,Mexico,2022,0.00699773100515972,43.5,1287835026749.81,128613117,5.25,43.5,-4.074675414118595,27.883983650585574,7.426521578753231,-1.3131796801505171,-9.752357231418081
MKD,North Macedonia,2006,2.20176495393285,42.6,7711402289.66945,1994287,6.33,42.6,0.793790818490117,22.765965887318167,6.526521578753233,-0.23317968015051704,-1.5218522142291264
MKD,North Macedonia,2006,2.01030713185174,42.6,7711402289.66945,1994287,6.33,42.6,0.7032495453265305,22.765965887318167,6.526521578753233,-0.23317968015051704,-1.5218522142291264
MKD,North Macedonia,2008,1.69014030096087,46.1,8659882989.55735,1971493,6.21,46.1,0.5307107776337415,22.881967047831015,10.026521578753233,-0.35317968015051715,-3.541163684206325
MKD,North Macedonia,2008,1.59356085519168,46.1,8659882989.55735,1971493,6.21,46.1,0.4722266909068799,22.881967047831015,10.026521578753233,-0.35317968015051715,-3.541163684206325
MKD,North Macedonia,2010,2.09602218858838,40.1,8918648175.61246,1946298,6.16,40.1,0.7448009495481999,22.911410222234263,4.026521578753233,-0.403179680150517,-1.623411682240883
MKD,North Macedonia,2010,1.65731987004662,40.1,8918648175.61246,1946298,6.16,40.1,0.5112174690125856,22.911410222234263,4.026521578753233,-0.403179680150517,-1.623411682240883
MKD,North Macedonia,2011,1.47026715489338,39.4,9127334379.6944,1937398,6.16,39.4,0.3922225815491371,22.93453952613025,3.32652157875323,-0.403179680150517,-1.34118590613552
MKD,North Macedonia,2011,1.91134730136139,39.4,9127334379.6944,1937398,6.16,39.4,0.6530266594087653,22.93453952613025,3.32652157875323,-0.403179680150517,-1.34118590613552
MKD,North Macedonia,2012,1.43048214400664,38.1,9085697011.49163,1929821,6.16,38.1,0.36497787977428947,22.929967256984447,2.0265215787532327,-0.403179680150517,-0.817052321939849
MKD,North Macedonia,2012,1.87442487835352,38.1,9085697011.49163,1929821,6.16,38.1,0.6336226700244411,22.929967256984447,2.0265215787532327,-0.403179680150517,-0.817052321939849
MKD,North Macedonia,2013,1.09274417865374,36.2,9351477059.69398,1922716,6.16,36.2,0.09780178105335383,22.9588001420692,0.1265215787532341,-0.403179680150517,-0.05101092965386737
MKD,North Macedonia,2013,1.63911626798061,36.2,9351477059.69398,1922716,6.16,36.2,0.5002395492668985,22.9588001420692,0.1265215787532341,-0.403179680150517,-0.05101092965386737
MKD,North Macedonia,2014,1.75189774323035,35.2,9690853712.45803,1917557,6.25,35.2,0.5663914913409035,22.994448361389146,-0.8734784212467659,-0.3131796801505171,0.2735556925844408
MKD,North Macedonia,2014,2.00216884940612,35.2,9690853712.45803,1917557,6.25,35.2,0.6992131698923116,22.994448361389146,-0.8734784212467659,-0.3131796801505171,0.2735556925844408
MKD,North Macedonia,2015,1.26239291120934,35.6,10064519962.5655,1912430,6.02,35.6,0.24089930968064935,23.032282201166606,-0.4734784212467673,-0.5431796801505175,0.2571838574109911
MKD,North Macedonia,2016,0.968765224591646,34.5,10351178142.8536,1906313,5.23,34.5,-0.021463476659768416,23.060366180407023,-1.5734784212467687,-1.3331796801505167,2.097729458361507
MKD,North Macedonia,2017,1.59721486945216,34.2,10463154366.0785,1898657,5.57,34.2,0.47450278625040443,23.071125814756368,-1.873478421246766,-0.9931796801505168,1.8607006991827582
MKD,North Macedonia,2018,1.30226748209447,33,10764555646.4726,1889051,5.87,33,0.2717565432901241,23.099524689295613,-3.0734784212467687,-0.693179680150517,2.1304727889893513
MKD,North Macedonia,2019,1.21203114814657,33.5,11185494933.6944,1876262,5.97,33.5,0.2005143499061971,23.13788368068103,-2.5734784212467687,-0.5931796801505174,1.5265351067894166
MLT,Malta,2019,0.992032983112623,31,14876823596.3021,503912,7.95,31,0.002030919398978113,23.42307037557337,-5.073478421246769,1.386820319849483,-7.0360029669028945
MLT,Malta,2019,1.38884617635767,31,14876823596.3021,503912,7.95,31,0.3356477370703333,23.42307037557337,-5.073478421246769,1.386820319849483,-7.0360029669028945
MLT,Malta,2019,0,31,14876823596.3021,503912,7.95,31,-4.605170185988091,23.42307037557337,-5.073478421246769,1.386820319849483,-7.0360029669028945
MLT,Malta,2020,1.35081285163347,31.4,14362489738.4331,515490,7.68,31.4,0.30808220623001464,23.38788576565162,-4.67347842124677,1.1168203198494826,-5.219435665226473
MLT,Malta,2020,0.385946529038134,31.4,14362489738.4331,515490,7.68,31.4,-0.9264761045261944,23.38788576565162,-4.67347842124677,1.1168203198494826,-5.219435665226473
MLT,Malta,2020,0,31.4,14362489738.4331,515490,7.68,31.4,-4.605170185988091,23.38788576565162,-4.67347842124677,1.1168203198494826,-5.219435665226473
MLT,Malta,2021,0.38140534520521,31.6,16288744391.3981,518150,7.57,31.6,-0.9380115674828295,23.513740178099678,-4.473478421246767,1.0068203198494832,-4.503988974919431
MLT,Malta,2021,0.190702672602605,31.6,16288744391.3981,518150,7.57,31.6,-1.6059307068629016,23.513740178099678,-4.473478421246767,1.0068203198494832,-4.503988974919431
MLT,Malta,2021,0,31.6,16288744391.3981,518150,7.57,31.6,-4.605170185988091,23.513740178099678,-4.473478421246767,1.0068203198494832,-4.503988974919431
MLT,Malta,2022,1.51460075124197,34.6,16693210193.3434,531113,7.7,34.6,0.4217325733188452,23.538267898446097,-1.4734784212467673,1.136820319849483,-1.6750802101330613
MLT,Malta,2022,0.189325093905247,34.6,16693210193.3434,531113,7.7,34.6,-1.6128181494774365,23.538267898446097,-1.4734784212467673,1.136820319849483,-1.6750802101330613
MLT,Malta,2022,0,34.6,16693210193.3434,531113,7.7,34.6,-4.605170185988091,23.538267898446097,-1.4734784212467673,1.136820319849483,-1.6750802101330613
MLT,Malta,2023,0.562898250512237,31.8,18466282602.6508,552747,7.93,31.8,-0.5570471513124718,23.639212344124875,-4.273478421246768,1.3668203198494826,-5.84107714259837
MLT,Malta,2023,0.375265500341492,31.8,18466282602.6508,552747,7.93,31.8,-0.9538225710903452,23.639212344124875,-4.273478421246768,1.3668203198494826,-5.84107714259837
MMR,Myanmar,2015,2.54849103640211,38.1,59607290408.4359,51089056,4.14,38.1,0.939417645798639,24.811043725826146,2.0265215787532327,-2.4231796801505174,-4.91062591102138
MMR,Myanmar,2016,2.60021730748139,NA,63101751664.1065,51495696,4.2,34.4,0.95943347744013,24.868014366236743,-1.6734784212467702,-2.363179680150517,3.9547302002607343
MMR,Myanmar,2017,2.68234254369858,30.7,66973743449.8257,51894938,3.83,30.7,0.9904116487464234,24.92756649072032,-5.3734784212467694,-2.733179680150517,14.68668203267895
MNE,Montenegro,2008,3.79240081884254,30.5,3794165363.21697,616969,6.43,30.5,1.3356326616665086,22.0567302929646,-5.573478421246769,-0.1331796801505174,0.7422740734674553
MNE,Montenegro,2010,2.37308541446332,28.9,3665724040.98962,619428,6.27,28.9,0.8683960407236511,22.02229170829591,-7.17347842124677,-0.29317968015051754,2.1031181091077675
MNE,Montenegro,2010,0.632822777190219,28.9,3665724040.98962,619428,6.27,28.9,-0.44188621141205703,22.02229170829591,-7.17347842124677,-0.29317968015051754,2.1031181091077675
MNE,Montenegro,2011,3.31917415785834,30.8,3790717464.03353,620345,6.15,30.8,1.2027242725919665,22.055821142619248,-5.273478421246768,-0.41317968015051676,2.1788941273713918
MNE,Montenegro,2011,0.948335473673812,30.8,3790717464.03353,620345,6.15,30.8,-0.042557381022529615,22.055821142619248,-5.273478421246768,-0.41317968015051676,2.1788941273713918
MNE,Montenegro,2012,2.68333491176563,41.2,3696429855.69991,621418,6.05,41.2,0.9907801699163178,22.030633286912295,5.126521578753234,-0.5131796801505173,-2.6308267040693094
MNE,Montenegro,2012,0.947059380623165,41.2,3696429855.69991,621418,6.05,41.2,-0.04388984073608414,22.030633286912295,5.126521578753234,-0.5131796801505173,-2.6308267040693094
MNE,Montenegro,2013,1.57927361310165,39,3821595609.09379,622587,5.94,39,0.463277064739827,22.063933871068723,2.9265215787532313,-0.6231796801505167,-1.8237487814010238
MNE,Montenegro,2013,5.68538500716595,39,3821595609.09379,622587,5.94,39,1.7396561990330248,22.063933871068723,2.9265215787532313,-0.6231796801505167,-1.8237487814010238
MNE,Montenegro,2014,3.16768705786018,38.8,3912179230.87999,623744,5.94,38.8,1.1561535918562618,22.087360403734095,2.7265215787532284,-0.6231796801505167,-1.6991128453709188
MNE,Montenegro,2014,5.86022105704133,38.8,3912179230.87999,623744,5.94,38.8,1.769892291911396,22.087360403734095,2.7265215787532284,-0.6231796801505167,-1.6991128453709188
MNE,Montenegro,2015,2.70638148835062,39,4010885990.83986,624651,6.01,39,0.9993006594612774,22.112277999206658,2.9265215787532313,-0.5531796801505173,-1.6188922708882996
MNE,Montenegro,2015,10.0295313980052,39,4010885990.83986,624651,6.01,39,2.306530439668883,22.112277999206658,2.9265215787532313,-0.5531796801505173,-1.6188922708882996
MNE,Montenegro,2016,4.48539323682796,38.5,4148832618.17872,625353,5.72,38.5,1.5030531472624404,22.14609283479324,2.4265215787532313,-0.8431796801505174,-2.045993688651478
MNE,Montenegro,2016,1.76211877161099,38.5,4148832618.17872,625353,5.72,38.5,0.5721758768051936,22.14609283479324,2.4265215787532313,-0.8431796801505174,-2.045993688651478
MNE,Montenegro,2016,0.160192615600999,38.5,4148832618.17872,625353,5.72,38.5,-1.7708244503822146,22.14609283479324,2.4265215787532313,-0.8431796801505174,-2.045993688651478
MNE,Montenegro,2017,2.41891202175086,36.9,4282287496.64778,625982,5.69,36.9,0.8874434294179513,22.177753165599853,0.8265215787532298,-0.8731796801505167,-0.7217018477732453
MNE,Montenegro,2017,1.93512961740069,36.9,4282287496.64778,625982,5.69,36.9,0.66532861618709,22.177753165599853,0.8265215787532298,-0.8731796801505167,-0.7217018477732453
MNE,Montenegro,2018,2.2734838704439,36.8,4484964786.60981,626438,5.74,36.8,0.8257022900943876,22.2239964810573,0.7265215787532284,-0.8231796801505169,-0.5980578008205312
MNE,Montenegro,2018,0.974350230190242,36.8,4484964786.60981,626438,5.74,36.8,-0.015773520266073718,22.2239964810573,0.7265215787532284,-0.8231796801505169,-0.5980578008205312
MNE,Montenegro,2018,0,36.8,4484964786.60981,626438,5.74,36.8,-4.605170185988091,22.2239964810573,0.7265215787532284,-0.8231796801505169,-0.5980578008205312
MNE,Montenegro,2019,3.76021900823406,35.7,4682030356.6341,626753,5.65,35.7,1.3271330921424,22.26699768968358,-0.3734784212467659,-0.9131796801505168,0.34105290525724163
MNE,Montenegro,2019,1.63487782966698,35.7,4682030356.6341,626753,5.65,35.7,0.4976661137797071,22.26699768968358,-0.3734784212467659,-0.9131796801505168,0.34105290525724163
MNE,Montenegro,2020,2.96084285326556,35.4,3980071397.73552,626590,5.77,35.4,1.088845701532436,22.10456559521138,-0.6734784212467702,-0.7931796801505175,0.5341893987527887
MNE,Montenegro,2020,1.64491269625865,35.4,3980071397.73552,626590,5.77,35.4,0.5037482559322692,22.10456559521138,-0.6734784212467702,-0.7931796801505175,0.5341893987527887
MNE,Montenegro,2020,0,35.4,3980071397.73552,626590,5.77,35.4,-4.605170185988091,22.10456559521138,-0.6734784212467702,-0.7931796801505175,0.5341893987527887
MNE,Montenegro,2021,2.48405855422824,34.3,4499321890.02717,625053,6.02,34.3,0.9139113250208284,22.227192531262567,-1.7734784212467716,-0.5431796801505175,0.9633174416066662
MNE,Montenegro,2021,1.65603903615216,34.3,4499321890.02717,625053,6.02,34.3,0.5104489745338694,22.227192531262567,-1.7734784212467716,-0.5431796801505175,0.9633174416066662
MNG,Mongolia,2008,8.04729990312873,NA,6810770268.31901,2643201,6.6,35.26,2.086578500781812,22.641771059128445,-0.8134784212467707,0.03682031984948253,-0.029952535660958183
MNG,Mongolia,2008,10.8183041150551,NA,6810770268.31901,2643201,6.6,34.72,2.38216345734353,22.641771059128445,-1.3534784212467699,0.03682031984948253,-0.04983550837967872
MNG,Mongolia,2010,8.84617719300064,33.1,7152385862.09146,2738622,6.36,33.1,2.1811152034492447,22.690711824997,-2.9734784212467673,-0.2031796801505168,0.6041503945633818
MNG,Mongolia,2010,10.3637222344777,33.1,7152385862.09146,2738622,6.36,33.1,2.3392759004095462,22.690711824997,-2.9734784212467673,-0.2031796801505168,0.6041503945633818
MNG,Mongolia,2010,0.0370132936945633,33.1,7152385862.09146,2738622,6.36,33.1,-3.0573248726998847,22.690711824997,-2.9734784212467673,-0.2031796801505168,0.6041503945633818
MNG,Mongolia,2011,9.68970892806502,33.9,8389088993.66654,2786317,6.23,33.9,2.272095877643128,22.850197769130332,-2.17347842124677,-0.3331796801505167,0.7241588452050488
MNG,Mongolia,2011,9.54399901937231,33.9,8389088993.66654,2786317,6.23,33.9,2.256959812327228,22.850197769130332,-2.17347842124677,-0.3331796801505167,0.7241588452050488
MNG,Mongolia,2011,0.0728549543463535,33.9,8389088993.66654,2786317,6.23,33.9,-2.490663737907067,22.850197769130332,-2.17347842124677,-0.3331796801505167,0.7241588452050488
MNG,Mongolia,2012,7.11868784339173,33.8,9422609644.69237,2839705,6.35,33.8,1.9641271843051296,22.96637791951357,-2.2734784212467716,-0.21317968015051747,0.4846594026704902
MNG,Mongolia,2012,8.2634014664497,33.8,9422609644.69237,2839705,6.35,33.8,2.113045726342335,22.96637791951357,-2.2734784212467716,-0.21317968015051747,0.4846594026704902
MNG,Mongolia,2012,0.0357723007205615,33.8,9422609644.69237,2839705,6.35,33.8,-3.0840761585805523,22.96637791951357,-2.2734784212467716,-0.21317968015051747,0.4846594026704902
MNG,Mongolia,2013,7.29343322765452,NA,10520241544.9149,2899011,6.51,33.349999999999994,1.988344542753691,23.076567004535626,-2.7234784212467744,-0.05317968015051733,0.14483371133873935
MNG,Mongolia,2013,7.32849781047979,NA,10520241544.9149,2899011,6.51,32.9,1.9931341637083428,23.076567004535626,-3.17347842124677,-0.05317968015051733,0.16876456740647192
MNG,Mongolia,2013,0,NA,10520241544.9149,2899011,6.51,32.45,-4.605170185988091,23.076567004535626,-3.623478421246766,-0.05317968015051733,0.1926954234742045
MNG,Mongolia,2014,7.31195279430739,32,11349786311.9875,2963113,6.62,32,1.990877067573655,23.152464753558924,-4.073478421246769,0.05682031984948299,-0.2314563467952084
MNG,Mongolia,2014,7.4835948786808,32,11349786311.9875,2963113,6.62,32,2.0140486394868002,23.152464753558924,-4.073478421246769,0.05682031984948299,-0.2314563467952084
MNG,Mongolia,2014,0,32,11349786311.9875,2963113,6.62,32,-4.605170185988091,23.152464753558924,-4.073478421246769,0.05682031984948299,-0.2314563467952084
MNG,Mongolia,2015,7.18959068215609,NA,11619892590.6941,3026864,6.62,32.075,1.974024174705461,23.175984344841577,-3.998478421246766,0.05682031984948299,-0.22719482280649703
MNG,Mongolia,2015,6.24889657421043,NA,11619892590.6941,3026864,6.62,32.15,1.834003903474742,23.175984344841577,-3.92347842124677,0.05682031984948299,-0.22293329881778604
MNG,Mongolia,2015,0,NA,11619892590.6941,3026864,6.62,32.224999999999994,-4.605170185988091,23.175984344841577,-3.8484784212467744,0.05682031984948299,-0.21867177482907507
MNG,Mongolia,2016,6.05101532090771,32.3,11793003947.8926,3088856,6.62,32.3,1.801877330751419,23.190772306819948,-3.7734784212467716,0.05682031984948299,-0.21441025084036366
MNG,Mongolia,2016,6.51141866054199,32.3,11793003947.8926,3088856,6.62,32.3,1.8750919382428648,23.190772306819948,-3.7734784212467716,0.05682031984948299,-0.21441025084036366
MNG,Mongolia,2016,0,32.3,11793003947.8926,3088856,6.62,32.3,-4.605170185988091,23.190772306819948,-3.7734784212467716,0.05682031984948299,-0.21441025084036366
MNG,Mongolia,2017,6.15262900871161,NA,12457761002.7432,3148917,6.5,32.43333333333333,1.8185034736262145,23.245609639354758,-3.6401450879134387,-0.06317968015051711,0.22998320235584707
MNG,Mongolia,2017,6.08820357406541,NA,12457761002.7432,3148917,6.5,32.56666666666667,1.807994231751936,23.245609639354758,-3.5068117545800988,-0.06317968015051711,0.22155924500244437
MNG,Mongolia,2018,6.18744290031966,32.7,13422599720.3616,3208189,6.5,32.7,1.8241367715438472,23.320205669576787,-3.373478421246766,-0.06317968015051711,0.2131352876490421
MNG,Mongolia,2018,5.36665965844052,32.7,13422599720.3616,3208189,6.5,32.7,1.6820673000163022,23.320205669576787,-3.373478421246766,-0.06317968015051711,0.2131352876490421
MNG,Mongolia,2019,6.34259904548525,NA,14174566537.4555,3267673,6.5,32.51428571428572,1.8488640276664317,23.374715106724448,-3.559192706961049,-0.06317968015051711,0.22486865681985227
MNG,Mongolia,2019,5.78568790978411,NA,14174566537.4555,3267673,6.5,32.32857142857143,1.7571141772157575,23.374715106724448,-3.7449069926753396,-0.06317968015051711,0.23660202599066288
MNG,Mongolia,2020,6.2295157189674,NA,13528524951.0287,3327204,6.48,32.142857142857146,1.8309025702297514,23.328066252567208,-3.930621278389623,-0.08317968015051669,0.3269478207292638
MNG,Mongolia,2020,6.35106724519116,NA,13528524951.0287,3327204,6.48,31.95714285714286,1.8501961691218711,23.328066252567208,-4.11633556410391,-0.08317968015051669,0.3423954756143599
MNG,Mongolia,2021,6.16826672303943,NA,13749955731.6936,3383741,6.42,31.771428571428572,1.8210377666041875,23.344301441540615,-4.3020498498181965,-0.14317968015051719,0.6159661214885499
MNG,Mongolia,2021,6.13832368069458,NA,13749955731.6936,3383741,6.42,31.585714285714285,1.8161794724190767,23.344301441540615,-4.487764135532483,-0.14317968015051719,0.6425566335165033
MNG,Mongolia,2022,5.96571485950299,31.4,14441951078.838,3433748,6.35,31.4,1.7877037324188927,23.39340307754673,-4.67347842124677,-0.21317968015051747,0.9962906350317318
MNG,Mongolia,2022,0,31.4,14441951078.838,3433748,6.35,31.4,-4.605170185988091,23.39340307754673,-4.67347842124677,-0.21317968015051747,0.9962906350317318
MYS,Malaysia,2006,2.22576283384124,44.8,197336779111.682,26417909,5.98,44.8,0.8045824825122537,26.00817764472446,8.726521578753228,-0.5831796801505167,-5.08913006312389
MYS,Malaysia,2006,0.601864439763192,44.8,197336779111.682,26417909,5.98,44.8,-0.49124452466028373,26.00817764472446,8.726521578753228,-0.5831796801505167,-5.08913006312389
MYS,Malaysia,2008,2.16539253688213,45.5,219902039818.778,27570059,6.36,45.5,0.7772091249840981,26.116448010584058,9.426521578753231,-0.2031796801505168,-1.9152776393030262
MYS,Malaysia,2010,1.88443680805509,NA,232654030399.227,28655776,6.19,44.233333333333334,0.6389215954465199,26.17281833896076,8.159854912086566,-0.3731796801505167,-3.0450920461670874
MYS,Malaysia,2011,1.8174312159722401,43.6,244970531973.676,29162039,6.19,43.6,0.6029112736145735,26.224403762598737,7.526521578753233,-0.3731796801505167,-2.8087449154050934
MYS,Malaysia,2012,2.02947587841498,NA,258378881826.473,29662831,6.41,42.45,0.7126928525003269,26.277692878837314,6.376521578753234,-0.15317968015051697,-0.9767535359062899
MYS,Malaysia,2013,2.07792968739967,41.3,270506469604.101,30174265,6.49,41.3,0.7361729948363733,26.323561852152483,5.226521578753228,-0.0731796801505169,-0.3824751774329359
MYS,Malaysia,2014,1.66144687296396,NA,286755041078.03,30696137,6.49,41.2,0.5136896423250076,26.381894172846806,5.126521578753234,-0.0731796801505169,-0.3751572094178846
MYS,Malaysia,2015,1.59447772809976,41.1,301355266964.947,31232798,6.43,41.1,0.4727983005738085,26.431555694622006,5.026521578753233,-0.1331796801505174,-0.6694305361280293
MYS,Malaysia,2016,1.4344275283881,NA,314764917575.088,31789685,6.54,41.13333333333333,0.36771306894081096,26.47509190374407,5.059854912086564,-0.02317968015051708,-0.11728581847018928
MYS,Malaysia,2017,1.1713566700858,NA,333061328477.268,32355644,6.54,41.16666666666667,0.16666349846690803,26.53159247957112,5.093188245419903,-0.02317968015051708,-0.11805847447520662
MYS,Malaysia,2018,0.981435762735261,41.2,349191778300.005,32910967,6.88,41.2,-0.008601121083536624,26.57888711624753,5.126521578753234,0.3168203198494828,1.624186206295875
MYS,Malaysia,2019,0.9270169844912,NA,364602265936.14,33440596,7.16,41.03333333333334,-0.06505387044993953,26.62207291402668,4.95985491208657,0.596820319849483,2.9601421950385363
MYS,Malaysia,2020,0.746542626101193,NA,344706479641.244,33889558,7.19,40.86666666666667,-0.278996400875573,26.565959108207387,4.793188245419898,0.6268203198494833,3.0044677890928844
MYS,Malaysia,2021,0.708818550137325,40.7,356134704342.139,34282399,7.24,40.7,-0.3301463173142932,26.59857487921319,4.626521578753234,0.6768203198494831,3.1313238147222995
NLD,Netherlands (Kingdom of the),2006,0.776046758999861,30,716631413729.704,16346101,9.66,30,-0.24073899850067368,27.297827478045537,-6.073478421246769,3.096820319849483,-18.808471387084353
NLD,Netherlands (Kingdom of the),2006,7.70590180225644,30,716631413729.704,16346101,9.66,30,2.043283368453485,27.297827478045537,-6.073478421246769,3.096820319849483,-18.808471387084353
NLD,Netherlands (Kingdom of the),2008,0.903763742179582,29.3,760233900200.237,16445593,9.53,29.3,-0.09018322871021826,27.356891986298706,-6.773478421246768,2.9668203198494822,-20.095693416216903
NLD,Netherlands (Kingdom of the),2010,0.858612976325238,27.8,742031413974.447,16615394,8.99,27.8,-0.14085761963629695,27.332657416110397,-8.273478421246768,2.426820319849483,-20.078245548517877
NLD,Netherlands (Kingdom of the),2011,0.848611455055905,27.8,755190192159.834,16693074,8.99,27.8,-0.15243878172942252,27.35023546461688,-8.273478421246768,2.426820319849483,-20.078245548517877
NLD,Netherlands (Kingdom of the),2012,0.857217506852641,27.6,747805361887.684,16754962,8.99,27.6,-0.14246546070919647,27.34040856967993,-8.473478421246767,2.426820319849483,-20.563609612487774
NLD,Netherlands (Kingdom of the),2012,0,27.6,747805361887.684,16754962,8.99,27.6,-4.605170185988091,27.34040856967993,-8.473478421246767,2.426820319849483,-20.563609612487774
NLD,Netherlands (Kingdom of the),2013,0.736721493873159,28.1,747579281182.565,16804432,8.84,28.1,-0.2920629962025505,27.340106198369796,-7.973478421246767,2.2768203198494827,-18.154177689376013
NLD,Netherlands (Kingdom of the),2013,0.00589377195098527,28.1,747579281182.565,16804432,8.84,28.1,-4.1418279476867985,27.340106198369796,-7.973478421246767,2.2768203198494827,-18.154177689376013
NLD,Netherlands (Kingdom of the),2014,0.722251091061564,28.6,759634819525.581,16865008,8.92,28.6,-0.3116318032630259,27.356103654125135,-7.473478421246767,2.356820319849483,-17.613645803151012
NLD,Netherlands (Kingdom of the),2014,0,28.6,759634819525.581,16865008,8.92,28.6,-4.605170185988091,27.356103654125135,-7.473478421246767,2.356820319849483,-17.613645803151012
NLD,Netherlands (Kingdom of the),2015,0.607922883579319,28.2,775743675302.734,16939923,8.92,28.2,-0.4813916131628335,27.377087987231977,-7.8734784212467694,2.356820319849483,-18.55637393109081
NLD,Netherlands (Kingdom of the),2015,0.00584541234210884,28.2,775743675302.734,16939923,8.92,28.2,-4.144875262693551,27.377087987231977,-7.8734784212467694,2.356820319849483,-18.55637393109081
NLD,Netherlands (Kingdom of the),2016,0.546362553519554,28.2,794549918521.022,17030314,8.8,28.2,-0.5863351225644132,27.401041651057724,-7.8734784212467694,2.2368203198494836,-17.611556520541207
NLD,Netherlands (Kingdom of the),2016,2.78412407591347,28.2,794549918521.022,17030314,8.8,28.2,1.0275186678349744,27.401041651057724,-7.8734784212467694,2.2368203198494836,-17.611556520541207
NLD,Netherlands (Kingdom of the),2016,0,28.2,794549918521.022,17030314,8.8,28.2,-4.605170185988091,27.401041651057724,-7.8734784212467694,2.2368203198494836,-17.611556520541207
NLD,Netherlands (Kingdom of the),2017,0.762328497745067,28.5,816650691531.918,17131296,8.89,28.5,-0.25834530424946867,27.42847729023626,-7.573478421246769,2.3268203198494835,-17.622123482498566
NLD,Netherlands (Kingdom of the),2017,3.17636874060445,28.5,816650691531.918,17131296,8.89,28.5,1.1588819425824846,27.42847729023626,-7.573478421246769,2.3268203198494835,-17.622123482498566
NLD,Netherlands (Kingdom of the),2017,0.00577521589200808,28.5,816650691531.918,17131296,8.89,28.5,-4.1493151849427665,27.42847729023626,-7.573478421246769,2.3268203198494835,-17.622123482498566
NLD,Netherlands (Kingdom of the),2018,0.574010651743461,28.1,835096710412.613,17231624,8.89,28.1,-0.5378360570334955,27.450813375943977,-7.973478421246767,2.3268203198494835,-18.552851610438356
NLD,Netherlands (Kingdom of the),2018,3.35796231269925,28.1,835096710412.613,17231624,8.89,28.1,1.2143079065013367,27.450813375943977,-7.973478421246767,2.3268203198494835,-18.552851610438356
NLD,Netherlands (Kingdom of the),2018,0,28.1,835096710412.613,17231624,8.89,28.1,-4.605170185988091,27.450813375943977,-7.973478421246767,2.3268203198494835,-18.552851610438356
NLD,Netherlands (Kingdom of the),2019,0.712758090417298,29.2,854304699526.719,17344874,9.01,29.2,-0.32468070421225853,27.473553758115095,-6.8734784212467694,2.4468203198494827,-16.818166669153538
NLD,Netherlands (Kingdom of the),2019,3.34140992787629,29.2,854304699526.719,17344874,9.01,29.2,1.209381131287281,27.473553758115095,-6.8734784212467694,2.4468203198494827,-16.818166669153538
NLD,Netherlands (Kingdom of the),2019,0,29.2,854304699526.719,17344874,9.01,29.2,-4.605170185988091,27.473553758115095,-6.8734784212467694,2.4468203198494827,-16.818166669153538
NLD,Netherlands (Kingdom of the),2020,0.686068183497271,26,821260592382.701,17441500,8.96,26,-0.36230765865102504,27.434106304540535,-10.073478421246769,2.3968203198494837,-24.144317771609554
NLD,Netherlands (Kingdom of the),2020,0,26,821260592382.701,17441500,8.96,26,-4.605170185988091,27.434106304540535,-10.073478421246769,2.3968203198494837,-24.144317771609554
NLD,Netherlands (Kingdom of the),2021,0.710637312796065,25.7,872809729132.839,17533044,8.88,25.7,-0.3276193018309713,27.494983418438935,-10.37347842124677,2.3168203198494837,-24.033485593864658
NLD,Netherlands (Kingdom of the),2021,3.80698560426464,25.7,872809729132.839,17533044,8.88,25.7,1.3394610022769762,27.494983418438935,-10.37347842124677,2.3168203198494837,-24.033485593864658
NLD,Netherlands (Kingdom of the),2021,0,25.7,872809729132.839,17533044,8.88,25.7,-4.605170185988091,27.494983418438935,-10.37347842124677,2.3168203198494837,-24.033485593864658
NOR,Norway,2006,0.708079443938776,26.4,348291164569.533,4660677,9.55,26.4,-0.331175069900463,26.576304646696965,-9.67347842124677,2.9868203198494836,-28.892941912205355
NOR,Norway,2006,0.536423821165739,26.4,348291164569.533,4660677,9.55,26.4,-0.6043603751060591,26.576304646696965,-9.67347842124677,2.9868203198494836,-28.892941912205355
NOR,Norway,2008,0.713072143396291,27,360167903328.752,4768212,9.68,27,-0.3242462784040448,26.609836157802185,-9.073478421246769,3.1168203198494826,-28.28040191505773
NOR,Norway,2008,0.398481491897927,27,360167903328.752,4768212,9.68,27,-0.8953086731799089,26.609836157802185,-9.073478421246769,3.1168203198494826,-28.28040191505773
NOR,Norway,2010,0.593148682739496,25.7,355959036888.204,4889252,9.8,25.7,-0.5055915409414689,26.59808149625719,-10.37347842124677,3.2368203198494836,-33.577085741411686
NOR,Norway,2010,0.593148682739496,25.7,355959036888.204,4889252,9.8,25.7,-0.5055915409414689,26.59808149625719,-10.37347842124677,3.2368203198494836,-33.577085741411686
NOR,Norway,2010,0,25.7,355959036888.204,4889252,9.8,25.7,-4.605170185988091,26.59808149625719,-10.37347842124677,3.2368203198494836,-33.577085741411686
NOR,Norway,2011,2.24108049961155,25.3,359894719457.521,4953088,9.8,25.3,0.8114103229962,26.60907737967458,-10.773478421246768,3.2368203198494836,-34.87181386935147
NOR,Norway,2011,0.444178117040126,25.3,359894719457.521,4953088,9.8,25.3,-0.7892658295991903,26.60907737967458,-10.773478421246768,3.2368203198494836,-34.87181386935147
NOR,Norway,2011,0,25.3,359894719457.521,4953088,9.8,25.3,-4.605170185988091,26.60907737967458,-10.773478421246768,3.2368203198494836,-34.87181386935147
NOR,Norway,2012,0.538013921608383,25.7,369676511271.49,5018573,9.93,25.7,-0.6014545879619482,26.635894166306052,-10.37347842124677,3.3668203198494826,-34.92563793617376
NOR,Norway,2012,0.538013921608383,25.7,369676511271.49,5018573,9.93,25.7,-0.6014545879619482,26.635894166306052,-10.37347842124677,3.3668203198494826,-34.92563793617376
NOR,Norway,2012,0,25.7,369676511271.49,5018573,9.93,25.7,-4.605170185988091,26.635894166306052,-10.37347842124677,3.3668203198494826,-34.92563793617376
NOR,Norway,2013,0.905489619398107,26.4,373433130118.312,5079623,9.93,26.4,-0.088296253655933,26.646004789662644,-9.67347842124677,3.3668203198494826,-32.56886371227912
NOR,Norway,2013,0.531483037472802,26.4,373433130118.312,5079623,9.93,26.4,-0.6134435381050433,26.646004789662644,-9.67347842124677,3.3668203198494826,-32.56886371227912
NOR,Norway,2013,0,26.4,373433130118.312,5079623,9.93,26.4,-4.605170185988091,26.646004789662644,-9.67347842124677,3.3668203198494826,-32.56886371227912
NOR,Norway,2014,0.564488422634429,26.8,381081533571.259,5137232,9.93,26.8,-0.5542753339687427,26.666279188053316,-9.273478421246768,3.3668203198494826,-31.22213558433932
NOR,Norway,2014,0,26.8,381081533571.259,5137232,9.93,26.8,-4.605170185988091,26.666279188053316,-9.273478421246768,3.3668203198494826,-31.22213558433932
NOR,Norway,2015,0.462448150409719,27.5,388159512245.53,5188607,9.93,27.5,-0.7498272726522247,26.684682206120335,-8.573478421246769,3.3668203198494826,-28.865361360444684
NOR,Norway,2015,0.481716823343458,27.5,388159512245.53,5188607,9.93,27.5,-0.7098522904994433,26.684682206120335,-8.573478421246769,3.3668203198494826,-28.865361360444684
NOR,Norway,2015,0,27.5,388159512245.53,5188607,9.93,27.5,-4.605170185988091,26.684682206120335,-8.573478421246769,3.3668203198494826,-28.865361360444684
NOR,Norway,2016,0.515662484007301,28.5,392680500171.757,5234519,9.93,28.5,-0.6430959375851276,26.696262141508733,-7.573478421246769,3.3668203198494826,-25.4985410405952
NOR,Norway,2016,0.496563873488512,28.5,392680500171.757,5234519,9.93,28.5,-0.6801048556657878,26.696262141508733,-7.573478421246769,3.3668203198494826,-25.4985410405952
NOR,Norway,2016,0,28.5,392680500171.757,5234519,9.93,28.5,-4.605170185988091,26.696262141508733,-7.573478421246769,3.3668203198494826,-25.4985410405952
NOR,Norway,2017,0.530624369587454,27,402355151331.034,5276968,9.87,27,-0.6150305673776831,26.72060099656591,-9.073478421246769,3.306820319849482,-30.004362815094613
NOR,Norway,2017,0.587476980614681,27,402355151331.034,5276968,9.87,27,-0.515039522086521,26.72060099656591,-9.073478421246769,3.306820319849482,-30.004362815094613
NOR,Norway,2017,0.0189508703424091,27,402355151331.034,5276968,9.87,27,-3.5421550117739606,26.72060099656591,-9.073478421246769,3.306820319849482,-30.004362815094613
NOR,Norway,2018,0.470654459145075,27.6,405690399924.369,5311916,9.87,27.6,-0.732606647190814,26.72885614388739,-8.473478421246767,3.306820319849482,-28.02027062318492
NOR,Norway,2018,0.451828280779272,27.6,405690399924.369,5311916,9.87,27.6,-0.7725621436179452,26.72885614388739,-8.473478421246767,3.306820319849482,-28.02027062318492
NOR,Norway,2018,0,27.6,405690399924.369,5311916,9.87,27.6,-4.605170185988091,26.72885614388739,-8.473478421246767,3.306820319849482,-28.02027062318492
NOR,Norway,2019,0.523586594350632,27.7,410249333418.695,5347896,9.87,27.7,-0.6281339077273611,26.740030942097974,-8.37347842124677,3.306820319849482,-27.68958859119998
NOR,Norway,2019,0.411389466989782,27.7,410249333418.695,5347896,9.87,27.7,-0.8641977732025987,26.740030942097974,-8.37347842124677,3.306820319849482,-27.68958859119998
NOR,Norway,2019,0,27.7,410249333418.695,5347896,9.87,27.7,-4.605170185988091,26.740030942097974,-8.37347842124677,3.306820319849482,-27.68958859119998
NOR,Norway,2020,0.576285998471727,28.4,405005642242.722,5379475,9.81,28.4,-0.5339475564642311,26.72716683541942,-7.67347842124677,3.2468203198494834,-24.914405662030546
NOR,Norway,2020,0.427567031124184,28.4,405005642242.722,5379475,9.81,28.4,-0.826525370922399,26.72716683541942,-7.67347842124677,3.2468203198494834,-24.914405662030546
NOR,Norway,2020,0,28.4,405005642242.722,5379475,9.81,28.4,-4.605170185988091,26.72716683541942,-7.67347842124677,3.2468203198494834,-24.914405662030546
NOR,Norway,2021,0.536233629966067,29.1,420836044191.958,5408320,9.75,29.1,-0.6047085010468939,26.765509151051326,-6.973478421246767,3.186820319849483,-22.22322273286109
NOR,Norway,2021,0.499252000313234,29.1,420836044191.958,5408320,9.75,29.1,-0.6748122959237138,26.765509151051326,-6.973478421246767,3.186820319849483,-22.22322273286109
NOR,Norway,2021,0,29.1,420836044191.958,5408320,9.75,29.1,-4.605170185988091,26.765509151051326,-6.973478421246767,3.186820319849483,-22.22322273286109
NOR,Norway,2022,0.549772609467286,26.9,434497344228.607,5457127,9.81,26.9,-0.5802246322381069,26.797455669386014,-9.17347842124677,3.2468203198494834,-29.78463614180477
NOR,Norway,2022,0.40316658027601,26.9,434497344228.607,5457127,9.81,26.9,-0.8839044252689887,26.797455669386014,-9.17347842124677,3.2468203198494834,-29.78463614180477
NOR,Norway,2023,0.724747049690651,26.5,434810705801.472,5519601,9.81,26.5,-0.3082289890832769,26.79817661424883,-9.573478421246769,3.2468203198494834,-31.08336426974456
NOR,Norway,2023,0.253661467391728,26.5,434810705801.472,5519601,9.81,26.5,-1.3330893191981499,26.79817661424883,-9.573478421246769,3.2468203198494834,-31.08336426974456
PAK,Pakistan,2008,6.36361817693574,NA,238399717138.761,189499113,4.46,29.4,1.852167310990292,26.197214585638417,-6.67347842124677,-2.103179680150517,14.035524211489161
PAK,Pakistan,2010,6.62018826058729,28.8,250382678707.751,199239047,4.55,28.8,1.891633199056668,26.246256299289875,-7.273478421246768,-2.0131796801505173,14.642818961667258
PAK,Pakistan,2011,6.80258538196207,29.7,257093227079.837,203746065,4.55,29.7,1.9187716930428702,26.272704607346704,-6.3734784212467694,-2.0131796801505173,12.830957249531796
PAK,Pakistan,2012,6.66740103101875,NA,264876940258.885,207667125,4.57,29.6,1.8987288446295072,26.302531178694963,-6.473478421246767,-1.9931796801505168,12.902805649121904
PAK,Pakistan,2013,6.60289823456376,29.5,276443758787.987,211073978,4.64,29.5,1.889022019879692,26.34527323319765,-6.573478421246769,-1.9231796801505174,12.641980127649688
PAK,Pakistan,2014,6.19607584212452,NA,287823367553.405,214264647,4.64,30.4,1.8255287867256886,26.38561282182639,-5.67347842124677,-1.9231796801505174,10.911118415514226
PAK,Pakistan,2015,4.36557663665432,31.3,299963590534.773,217290883,4.4,31.3,1.4760383137882145,26.42692693935321,-4.773478421246768,-2.1631796801505168,10.325891524477978
PAK,Pakistan,2016,3.86846723526245,NA,319682711890.74,220138869,4.33,30.733333333333334,1.3554400331272227,26.490594815512324,-5.3401450879134345,-2.233179680150517,11.925503499383879
PAK,Pakistan,2017,3.68829384464626,NA,333853050597.697,223273967,4.26,30.166666666666668,1.3078715902316633,26.533966764838308,-5.906811754580101,-2.3031796801505173,13.604448807623113
PAK,Pakistan,2018,3.63153404981254,29.6,354390697428.203,226928892,4.17,29.6,1.2924050351229974,26.59366580654108,-6.473478421246767,-2.393179680150517,15.492197017620613
PAN,Panama,2006,6.54810061378814,54.6,28883388478.0758,3375024,7.35,54.6,1.8807010204499546,24.086532473661723,18.526521578753233,0.7868203198494825,14.57704363429296
PAN,Panama,2006,6.90365358829247,54.6,28883388478.0758,3375024,7.35,54.6,1.933498237307078,24.086532473661723,18.526521578753233,0.7868203198494825,14.57704363429296
PAN,Panama,2008,14.0831048875658,52.7,36015209145.404,3500648,7.35,52.7,2.645685662711005,24.307207162445774,16.626521578753234,0.7868203198494825,13.082085026578943
PAN,Panama,2008,6.59877734082699,52.7,36015209145.404,3500648,7.35,52.7,1.8883986656237641,24.307207162445774,16.626521578753234,0.7868203198494825,13.082085026578943
PAN,Panama,2010,12.677292626363,51.6,38818327773.9434,3628535,7.15,51.6,2.540600911948272,24.382158337354088,15.526521578753233,0.5868203198494832,9.111278358993875
PAN,Panama,2010,4.38193375563416,51.6,38818327773.9434,3628535,7.15,51.6,1.4797696211322235,24.382158337354088,15.526521578753233,0.5868203198494832,9.111278358993875
PAN,Panama,2011,14.8639320731842,51.3,43441154768.9962,3693505,7.08,51.3,2.6996101554550425,24.49467309529879,15.226521578753228,0.516820319849483,7.869375752526298
PAN,Panama,2011,1.81399535319369,51.3,43441154768.9962,3693505,7.08,51.3,0.6010293440577159,24.49467309529879,15.226521578753228,0.516820319849483,7.869375752526298
PAN,Panama,2012,16.9448445310514,51.7,47623362260.1488,3759256,7.08,51.7,2.8305536060310734,24.586589281563644,15.626521578753234,0.516820319849483,8.076103880466095
PAN,Panama,2012,1.70246475665195,51.7,47623362260.1488,3759256,7.08,51.7,0.5379337108852156,24.586589281563644,15.626521578753234,0.516820319849483,8.076103880466095
PAN,Panama,2012,0.266010118226867,51.7,47623362260.1488,3759256,7.08,51.7,-1.2873177536946856,24.586589281563644,15.626521578753234,0.516820319849483,8.076103880466095
PAN,Panama,2013,17.3318403029072,51.5,50635232150.0252,3825329,7.08,51.5,2.853122096223098,24.647913458494024,15.426521578753231,0.516820319849483,7.972739816496196
PAN,Panama,2014,15.5186126360303,50.5,52977523729.7984,3892101,7.08,50.5,2.742684298722535,24.693133579981097,14.426521578753231,0.516820319849483,7.455919496646713
PAN,Panama,2014,0.411089076451135,50.5,52977523729.7984,3892101,7.08,50.5,-0.8649108846609628,24.693133579981097,14.426521578753231,0.516820319849483,7.455919496646713
PAN,Panama,2015,11.8938357734005,50.8,55767806073.1781,3960035,7.19,50.8,2.4768606820782746,24.74446258773919,14.726521578753228,0.6268203198494833,9.230882966264415
PAN,Panama,2015,0.277775357765191,50.8,55767806073.1781,3960035,7.19,50.8,-1.2455751109702784,24.74446258773919,14.726521578753228,0.6268203198494833,9.230882966264415
PAN,Panama,2016,10.0519063068018,50.4,58317491742.8782,4029086,7.13,50.4,2.308756640437799,24.789167915197883,14.32652157875323,0.5668203198494828,8.120563543599422
PAN,Panama,2016,1.36507369598543,50.4,58317491742.8782,4029086,7.13,50.4,0.3185073267625751,24.789167915197883,14.32652157875323,0.5668203198494828,8.120563543599422
PAN,Panama,2017,9.22242063167726,49.9,61667283149.9355,4098707,7.08,49.9,2.2227212710845334,24.845019370332636,13.82652157875323,0.516820319849483,7.145827304737022
PAN,Panama,2017,2.07382474521843,49.9,61667283149.9355,4098707,7.08,49.9,0.7342050249702748,24.845019370332636,13.82652157875323,0.516820319849483,7.145827304737022
PAN,Panama,2018,9.62124332136356,49.2,64083529457.2571,4167860,7.05,49.2,2.2650123266520246,24.883453217110716,13.126521578753234,0.4868203198494827,6.390257433479786
PAN,Panama,2018,0.0719793764690541,49.2,64083529457.2571,4167860,7.05,49.2,-2.5012875698258914,24.883453217110716,13.126521578753234,0.4868203198494827,6.390257433479786
PAN,Panama,2019,11.3349220328569,49.8,66072084910.0035,4234700,7.05,49.8,2.428770245828895,24.914012178567265,13.726521578753228,0.4868203198494827,6.682349625389473
PAN,Panama,2019,3.63662081887491,49.8,66072084910.0035,4234700,7.05,49.8,1.2938009357260991,24.914012178567265,13.726521578753228,0.4868203198494827,6.682349625389473
PAN,Panama,2019,0.354216313526777,49.8,66072084910.0035,4234700,7.05,49.8,-1.0100073199219521,24.914012178567265,13.726521578753228,0.4868203198494827,6.682349625389473
PAN,Panama,2020,11.6461589453797,NA,54297226728.12,4293261,7.18,50.166666666666664,2.4558347051571445,24.717738989435063,14.093188245419896,0.6168203198494826,8.692964881238868
PAN,Panama,2020,0.046584635781519,NA,54297226728.12,4293261,7.18,50.53333333333333,-2.872017783246271,24.717738989435063,14.459854912086563,0.6168203198494826,8.919132331850346
PAN,Panama,2021,12.6570480772218,50.9,63238418849.185,4345405,6.85,50.9,2.539003981964554,24.870177846590312,14.82652157875323,0.28682031984948253,4.2525476614732565
PAN,Panama,2021,4.694614195915,50.9,63238418849.185,4345405,6.85,50.9,1.5485437709324354,24.870177846590312,14.82652157875323,0.28682031984948253,4.2525476614732565
PAN,Panama,2021,0.0230128146858578,50.9,63238418849.185,4345405,6.85,50.9,-3.4108594690799627,24.870177846590312,14.82652157875323,0.28682031984948253,4.2525476614732565
PAN,Panama,2022,11.3389170493456,NA,70219021768.6549,4400773,6.91,50.4,2.429122325220619,24.974885076639147,14.32652157875323,0.346820319849483,4.968728796273716
PAN,Panama,2022,5.95349953292297,NA,70219021768.6549,4400773,6.91,49.9,1.7856574787139492,24.974885076639147,13.82652157875323,0.346820319849483,4.795318636348974
PAN,Panama,2022,0.0454465613200226,NA,70219021768.6549,4400773,6.91,49.4,-2.8923355811750318,24.974885076639147,13.32652157875323,0.346820319849483,4.621908476424233
PAN,Panama,2023,11.7072934419645,48.9,75251148212.8876,4458759,6.91,48.9,2.4610658224933126,25.04409699910201,12.82652157875323,0.346820319849483,4.448498316499491
PAN,Panama,2023,5.71908012969528,48.9,75251148212.8876,4458759,6.91,48.9,1.7455549820095986,25.04409699910201,12.82652157875323,0.346820319849483,4.448498316499491
PER,Peru,2008,2.0996522829575,47.5,137234696225.05,28719041,6.31,47.5,0.7465231391009468,25.644958408205113,11.426521578753231,-0.2531796801505175,-2.8929630785417295
PER,Peru,2010,2.68170073942225,45.5,150298879148.001,29086019,6.4,45.5,0.9901732389693764,25.735891676245735,9.426521578753231,-0.16317968015051676,-1.5382167761528966
PER,Peru,2011,5.5180019181967,44.7,159808578409.161,29304086,6.59,44.7,1.7098264334618172,25.797242550997705,8.626521578753234,0.026820319849482743,0.23136606793062658
PER,Peru,2011,2.61738248067833,44.7,159808578409.161,29304086,6.59,44.7,0.9659880961001309,25.797242550997705,8.626521578753234,0.026820319849482743,0.23136606793062658
PER,Peru,2012,6.65981599009637,44.4,169620385179.423,29550366,6.47,44.4,1.8975922718552864,25.856828748714687,8.32652157875323,-0.09317968015051736,-0.7758626174746068
PER,Peru,2012,2.51435126048862,44.4,169620385179.423,29550366,6.47,44.4,0.925984103176885,25.856828748714687,8.32652157875323,-0.09317968015051736,-0.7758626174746068
PER,Peru,2013,6.75097413739705,43.9,179547449111.361,29817919,6.54,43.9,1.9111669828382531,25.913705350396228,7.82652157875323,-0.02317968015051708,-0.18141626688661983
PER,Peru,2013,2.57563245778486,43.9,179547449111.361,29817919,6.54,43.9,0.949970142555165,25.913705350396228,7.82652157875323,-0.02317968015051708,-0.18141626688661983
PER,Peru,2014,6.89338555748064,43.1,183824551906.256,30115826,6.54,43.1,1.9320119517731495,25.93724761741526,7.026521578753233,-0.02317968015051708,-0.16287252276620623
PER,Peru,2014,2.34760288494163,43.1,183824551906.256,30115826,6.54,43.1,0.8576453761179108,25.93724761741526,7.026521578753233,-0.02317968015051708,-0.16287252276620623
PER,Peru,2015,7.37746900609372,43.4,189802976285.619,30457600,6.58,43.4,1.9997851872707888,25.969252404166934,7.32652157875323,0.016820319849482956,0.12323443633876816
PER,Peru,2015,2.1932128598445,43.4,189802976285.619,30457600,6.58,43.4,0.7899166858690548,25.969252404166934,7.32652157875323,0.016820319849482956,0.12323443633876816
PER,Peru,2015,0,43.4,189802976285.619,30457600,6.58,43.4,-4.605170185988091,25.969252404166934,7.32652157875323,0.016820319849482956,0.12323443633876816
PER,Peru,2016,7.88881315592262,43.6,197306492869.139,30866494,6.65,43.6,2.0667125147592875,26.008024158045462,7.526521578753233,0.08682031984948324,0.6534550108213932
PER,Peru,2016,2.71491803887604,43.6,197306492869.139,30866494,6.65,43.6,1.0024383501861884,26.008024158045462,7.526521578753233,0.08682031984948324,0.6534550108213932
PER,Peru,2017,7.9394377010568,43.3,202276318741.548,31324637,6.49,43.3,2.073101196737979,26.032900514166947,7.226521578753228,-0.0731796801505169,-0.5288345377339697
PER,Peru,2017,0.708707346053321,43.3,202276318741.548,31324637,6.49,43.3,-0.330301033253005,26.032900514166947,7.226521578753228,-0.0731796801505169,-0.5288345377339697
PER,Peru,2018,7.68710269227761,42.4,210305376512.78,31897584,6.6,42.4,2.040843984320735,26.071826485247332,6.32652157875323,0.03682031984948253,0.2329445480643471
PER,Peru,2018,3.18205923028621,42.4,210305376512.78,31897584,6.6,42.4,1.1606662352694803,26.071826485247332,6.32652157875323,0.03682031984948253,0.2329445480643471
PER,Peru,2019,7.3499267457301,41.5,215017545590.315,32449303,6.6,41.5,1.9960499796654514,26.093985469141185,5.426521578753231,0.03682031984948253,0.19980626019981287
PER,Peru,2019,2.83519186837388,41.5,215017545590.315,32449303,6.6,41.5,1.0456305058574915,26.093985469141185,5.426521578753231,0.03682031984948253,0.19980626019981287
PER,Peru,2020,5.79501314909191,43.7,191509018299.917,32838579,6.53,43.7,1.7587218802794014,25.978200737408233,7.626521578753234,-0.033179680150516866,-0.2530455466440472
PER,Peru,2020,0.953147196881644,43.7,191509018299.917,32838579,6.53,43.7,-0.037549026443523106,25.978200737408233,7.626521578753234,-0.033179680150516866,-0.2530455466440472
PER,Peru,2021,8.60480803979216,40.1,217099648514.382,33155882,6.09,40.1,2.153482587641354,26.10362229482604,4.026521578753233,-0.47317968015051726,-1.9052681927536104
PER,Peru,2021,2.77778766373942,40.1,217099648514.382,33155882,6.09,40.1,1.025248329215767,26.10362229482604,4.026521578753233,-0.47317968015051726,-1.9052681927536104
PER,Peru,2022,3.6474504082665,40.3,223198050485.251,33475438,5.92,40.3,1.2967662949047032,26.131325333030347,4.226521578753228,-0.6431796801505172,-2.7184127971717604
PER,Peru,2023,3.66664906714509,40.7,222298021864.381,33845617,5.81,40.7,1.3020017577712724,26.12728475938116,4.626521578753234,-0.7531796801505175,-3.4846020428948283
POL,Poland,2006,0.982370726907321,34.7,348521872927.444,38141267,7.3,34.7,-0.007658524871490004,26.576966828240437,-1.373478421246766,0.7368203198494827,-1.0120068096494046
POL,Poland,2008,0.857987263994944,33.5,388394800371.402,38125759,7.3,33.5,-0.14157823724631854,26.68528818597068,-2.5734784212467687,0.7368203198494827,-1.8961911934687858
POL,Poland,2008,0.907992656681765,33.5,388394800371.402,38125759,7.3,33.5,-0.08556588765097742,26.68528818597068,-2.5734784212467687,0.7368203198494827,-1.8961911934687858
POL,Poland,2010,1.00799699931893,33.2,411181642127.603,38042794,7.05,33.2,0.017836970500145835,26.742300905459448,-2.873478421246766,0.4868203198494827,-1.3988676841119372
POL,Poland,2010,0.942372194675773,33.2,411181642127.603,38042794,7.05,33.2,-0.04879935980215,26.742300905459448,-2.873478421246766,0.4868203198494827,-1.3988676841119372
POL,Poland,2011,1.10446216454824,33.2,432791139408.41,38063255,7.12,33.2,0.10837192490345415,26.793521091552872,-2.873478421246766,0.556820319849483,-1.6000111735992115
POL,Poland,2011,0.918640331176382,33.2,432791139408.41,38063255,7.12,33.2,-0.07403377210127939,26.793521091552872,-2.873478421246766,0.556820319849483,-1.6000111735992115
POL,Poland,2012,1.0693406632409,33,439333996551.267,38063164,7.12,33,0.07635035770778845,26.808525772940374,-3.0734784212467687,0.556820319849483,-1.7113752375691098
POL,Poland,2012,0.912469172300913,33,439333996551.267,38063164,7.12,33,-0.08070132118581984,26.808525772940374,-3.0734784212467687,0.556820319849483,-1.7113752375691098
POL,Poland,2013,0.797192575262003,33.1,442340098156.254,38040196,7.12,33.1,-0.214193008124284,26.81534487598924,-2.9734784212467673,0.556820319849483,-1.6556932055841607
POL,Poland,2013,0.849467498230004,33.1,442340098156.254,38040196,7.12,33.1,-0.15144226961535234,26.81534487598924,-2.9734784212467673,0.556820319849483,-1.6556932055841607
POL,Poland,2014,0.750030452020356,32.8,459682079851.439,38011735,7.47,32.8,-0.27439677805664225,26.85380095673085,-3.2734784212467716,0.9068203198494826,-2.968456748975377
POL,Poland,2014,0.671630056338786,32.8,459682079851.439,38011735,7.47,32.8,-0.38326820769808706,26.85380095673085,-3.2734784212467716,0.9068203198494826,-2.968456748975377
POL,Poland,2015,0.778752821607014,31.8,480054118583.367,37986412,7.09,31.8,-0.23730228781835647,26.897164681541557,-4.273478421246768,0.5268203198494827,-2.2513552687510847
POL,Poland,2015,0.648089596505166,31.8,480054118583.367,37986412,7.09,31.8,-0.41841419202495056,26.897164681541557,-4.273478421246768,0.5268203198494827,-2.2513552687510847
POL,Poland,2016,0.67950291225801,31.2,494605411858.337,37970087,6.83,31.2,-0.371784358033248,26.92702613386294,-4.8734784212467694,0.26682031984948296,-1.3003430711366162
POL,Poland,2016,0.671662494039649,31.2,494605411858.337,37970087,6.83,31.2,-0.38322062040530824,26.92702613386294,-4.8734784212467694,0.26682031984948296,-1.3003430711366162
POL,Poland,2017,0.750229542138962,29.7,520089746650.75,37974826,6.67,29.7,-0.27413486217316313,26.977267223342974,-6.3734784212467694,0.10682031984948281,-0.6808170035113567
POL,Poland,2017,0.548948445467533,29.7,520089746650.75,37974826,6.67,29.7,-0.581698036435189,26.977267223342974,-6.3734784212467694,0.10682031984948281,-0.6808170035113567
POL,Poland,2018,0.713892149018161,30.2,552573816155.989,37974750,6.67,30.2,-0.3231128631374035,27.037852865316356,-5.8734784212467694,0.10682031984948281,-0.6274068435866152
POL,Poland,2018,0.452393193333853,30.2,552573816155.989,37974750,6.67,30.2,-0.7713396820310747,27.037852865316356,-5.8734784212467694,0.10682031984948281,-0.6274068435866152
POL,Poland,2019,0.661855188726895,28.8,577884228677.544,37965475,6.62,28.8,-0.39771245464686295,27.08263938915115,-7.273478421246768,0.05682031984948299,-0.41328137031355394
POL,Poland,2019,0.87636951867,28.8,577884228677.544,37965475,6.62,28.8,-0.12062135136243071,27.08263938915115,-7.273478421246768,0.05682031984948299,-0.41328137031355394
POL,Poland,2020,0.69686389242182,28.5,566120997479.772,37515748,6.85,28.5,-0.34691714587366357,27.06207366876869,-7.573478421246769,0.28682031984948253,-2.172227503155152
POL,Poland,2020,0.429645407357814,28.5,566120997479.772,37515748,6.85,28.5,-0.8217867693442608,27.06207366876869,-7.573478421246769,0.28682031984948253,-2.172227503155152
POL,Poland,2021,0.717659927064458,28.5,605337233054.782,36981559,6.8,28.5,-0.31792147307934965,27.129051549689905,-7.573478421246769,0.2368203198494827,-1.793553582092815
POL,Poland,2022,0.703386223722305,28.9,637150470884.733,36821749,7.04,28.9,-0.3377323169778838,27.180271682652897,-7.17347842124677,0.4768203198494829,-3.420460275252249
POL,Poland,2023,0.802314721828908,28.5,638740867489.057,36687353,7.18,28.5,-0.20786742545421688,27.182764680889015,-7.573478421246769,0.6168203198494826,-4.671475382166586
PRT,Portugal,2006,1.57732903083583,38.1,205493047516.038,10522288,8.16,38.1,0.4620527488736712,26.04867803827164,2.0265215787532327,1.596820319849483,3.2359908355666165
PRT,Portugal,2008,1.14539074176877,36.6,211316368904.681,10558177,8.05,36.6,0.14443859132337739,26.076622226171754,0.5265215787532327,1.4868203198494836,0.7828429821295365
PRT,Portugal,2010,1.1721711445495,35.8,208276152407.912,10573100,8.02,35.8,0.1673527008455695,26.062130691899323,-0.2734784212467716,1.4568203198494825,-0.39840892111265325
PRT,Portugal,2010,1.13435917214468,35.8,208276152407.912,10573100,8.02,35.8,0.13484480534688617,26.062130691899323,-0.2734784212467716,1.4568203198494825,-0.39840892111265325
PRT,Portugal,2010,0,35.8,208276152407.912,10573100,8.02,35.8,-4.605170185988091,26.062130691899323,-0.2734784212467716,1.4568203198494825,-0.39840892111265325
PRT,Portugal,2011,1.07984686066494,36.3,204707283345.749,10557560,7.81,36.3,0.08603719156792576,26.044846909565678,0.22652157875322843,1.2468203198494825,0.28243170727391
PRT,Portugal,2011,1.30718304185756,36.3,204707283345.749,10557560,7.81,36.3,0.275495397050285,26.044846909565678,0.22652157875322843,1.2468203198494825,0.28243170727391
PRT,Portugal,2011,0.00947234088302583,36.3,204707283345.749,10557560,7.81,36.3,-3.9387602365721106,26.044846909565678,0.22652157875322843,1.2468203198494825,0.28243170727391
PRT,Portugal,2012,1.16045143463187,36,196414790526.28,10514844,7.92,36,0.15738951595765033,26.003494538209875,-0.07347842124676873,1.3568203198494828,-0.09969701501807579
PRT,Portugal,2012,1.2841060956992,36,196414790526.28,10514844,7.92,36,0.25782018321164424,26.003494538209875,-0.07347842124676873,1.3568203198494828,-0.09969701501807579
PRT,Portugal,2012,0,36,196414790526.28,10514844,7.92,36,-4.605170185988091,26.003494538209875,-0.07347842124676873,1.3568203198494828,-0.09969701501807579
PRT,Portugal,2013,1.37689714793445,36.2,194481859660.111,10457295,7.65,36.2,0.32706898424603137,25.993604729126325,0.1265215787532341,1.0868203198494832,0.13750622268845147
PRT,Portugal,2013,1.24303214744082,36.2,194481859660.111,10457295,7.65,36.2,0.22556633196216233,25.993604729126325,0.1265215787532341,1.0868203198494832,0.13750622268845147
PRT,Portugal,2013,0,36.2,194481859660.111,10457295,7.65,36.2,-4.605170185988091,25.993604729126325,0.1265215787532341,1.0868203198494832,0.13750622268845147
PRT,Portugal,2014,0.884088459392736,35.6,195923731482.461,10401062,7.79,35.6,-0.11195056083704513,26.00099129535863,-0.4734784212467673,1.226820319849483,-0.5808729481957873
PRT,Portugal,2014,0,35.6,195923731482.461,10401062,7.79,35.6,-4.605170185988091,26.00099129535863,-0.4734784212467673,1.226820319849483,-0.5808729481957873
PRT,Portugal,2015,0.96429532624377,35.5,199038523119.639,10358076,7.79,35.5,-0.026040811602509477,26.016764226451805,-0.5734784212467687,1.226820319849483,-0.7035549801807374
PRT,Portugal,2015,0.96429532624377,35.5,199038523119.639,10358076,7.79,35.5,-0.026040811602509477,26.016764226451805,-0.5734784212467687,1.226820319849483,-0.7035549801807374
PRT,Portugal,2015,0.0192859065248754,35.5,199038523119.639,10358076,7.79,35.5,-3.5306488846565487,26.016764226451805,-0.5734784212467687,1.226820319849483,-0.7035549801807374
PRT,Portugal,2016,0.637904765071273,35.2,203027536357.754,10325452,7.86,35.2,-0.43401156091324444,26.036607453871497,-0.8734784212467659,1.2968203198494832,-1.1327445656228525
PRT,Portugal,2016,0.889200581614502,35.2,203027536357.754,10325452,7.86,35.2,-0.10624915302963892,26.036607453871497,-0.8734784212467659,1.2968203198494832,-1.1327445656228525
PRT,Portugal,2016,0,35.2,203027536357.754,10325452,7.86,35.2,-4.605170185988091,26.036607453871497,-0.8734784212467659,1.2968203198494832,-1.1327445656228525
PRT,Portugal,2017,0.735661094098411,33.8,209757330876.906,10300300,7.84,33.8,-0.2934840794579425,26.06921713222841,-2.2734784212467716,1.2768203198494827,-2.9028234449872
PRT,Portugal,2017,0.60982432800263,33.8,209757330876.906,10300300,7.84,33.8,-0.47831918302315085,26.06921713222841,-2.2734784212467716,1.2768203198494827,-2.9028234449872
PRT,Portugal,2017,0,33.8,209757330876.906,10300300,7.84,33.8,-4.605170185988091,26.06921713222841,-2.2734784212467716,1.2768203198494827,-2.9028234449872
PRT,Portugal,2018,0.784476811591817,33.5,215937376369.165,10283822,7.84,33.5,-0.23007147959640464,26.098254278377595,-2.5734784212467687,1.2768203198494827,-3.2858695409420413
PRT,Portugal,2018,0.755422114866194,33.5,215937376369.165,10283822,7.84,33.5,-0.26732781319367677,26.098254278377595,-2.5734784212467687,1.2768203198494827,-3.2858695409420413
PRT,Portugal,2018,0,33.5,215937376369.165,10283822,7.84,33.5,-4.605170185988091,26.098254278377595,-2.5734784212467687,1.2768203198494827,-3.2858695409420413
PRT,Portugal,2019,0.705776821960449,32.8,221866335067.158,10286263,8.03,32.8,-0.33438686178295624,26.125340943195052,-3.2734784212467716,1.4668203198494822,-4.801604664873568
PRT,Portugal,2019,0.599426889884217,32.8,221866335067.158,10286263,8.03,32.8,-0.49523628822479493,26.125340943195052,-3.2734784212467716,1.4668203198494822,-4.801604664873568
PRT,Portugal,2019,0,32.8,221866335067.158,10286263,8.03,32.8,-4.605170185988091,26.125340943195052,-3.2734784212467716,1.4668203198494822,-4.801604664873568
PRT,Portugal,2020,0.78106023430457,34.7,203663019645.466,10297081,7.9,34.7,-0.23438116455041444,26.039732600475162,-1.373478421246766,1.3368203198494832,-1.8360938623974647
PRT,Portugal,2020,0.752132077478475,34.7,203663019645.466,10297081,7.9,34.7,-0.27163540829115845,26.039732600475162,-1.373478421246766,1.3368203198494832,-1.8360938623974647
PRT,Portugal,2020,0,34.7,203663019645.466,10297081,7.9,34.7,-4.605170185988091,26.039732600475162,-1.373478421246766,1.3368203198494832,-1.8360938623974647
PRT,Portugal,2021,0.789147831496343,34.6,214984151437.597,10361831,7.82,34.6,-0.22420932968383459,26.093830148113312,-1.4734784212467673,1.2568203198494832,-1.8518976206826736
PRT,Portugal,2021,0.721781553197875,34.6,214984151437.597,10361831,7.82,34.6,-0.3122732341513723,26.093830148113312,-1.4734784212467673,1.2568203198494832,-1.8518976206826736
PRT,Portugal,2021,0,34.6,214984151437.597,10361831,7.82,34.6,-4.605170185988091,26.093830148113312,-1.4734784212467673,1.2568203198494832,-1.8518976206826736
PRT,Portugal,2022,0.719971949892832,36.3,230002603240.143,10434332,7.95,36.3,-0.31474917038229167,26.161356464240956,0.22652157875322843,1.386820319849483,0.31414472829936213
PRT,Portugal,2022,0.681573445898548,36.3,230002603240.143,10434332,7.95,36.3,-0.36878592108283353,26.161356464240956,0.22652157875322843,1.386820319849483,0.31414472829936213
PRT,Portugal,2022,0,36.3,230002603240.143,10434332,7.95,36.3,-4.605170185988091,26.161356464240956,0.22652157875322843,1.386820319849483,0.31414472829936213
PRT,Portugal,2023,0.805312145698607,33.9,237132635847.463,10578174,7.75,33.9,-0.2041842382101941,26.19188546646473,-2.17347842124677,1.1868203198494829,-2.5795283550900407
PRY,Paraguay,2006,13.4782946324326,53,23943606096.6681,5505148,6.16,53,2.601822245062485,23.898967156336937,16.92652157875323,-0.403179680150517,-6.824429556182551
PRY,Paraguay,2006,9.70001257913616,53,23943606096.6681,5505148,6.16,53,2.2731575777850064,23.898967156336937,16.92652157875323,-0.403179680150517,-6.824429556182551
PRY,Paraguay,2008,14.8390325698951,50.7,26881515165.6831,5613574,6.4,50.7,2.6979347163181524,24.014704718783705,14.626521578753234,-0.16317968015051676,-2.3867511129355843
PRY,Paraguay,2008,11.258425671277,50.7,26881515165.6831,5613574,6.4,50.7,2.422004626304232,24.014704718783705,14.626521578753234,-0.16317968015051676,-2.3867511129355843
PRY,Paraguay,2010,12.9139714270104,51,29786095177.4612,5737971,6.4,51,2.559083837112578,24.117307516780702,14.926521578753231,-0.16317968015051676,-2.4357050169807386
PRY,Paraguay,2010,9.48070237016688,51,29786095177.4612,5737971,6.4,51,2.2503126214918456,24.117307516780702,14.926521578753231,-0.16317968015051676,-2.4357050169807386
PRY,Paraguay,2011,11.2990930113132,52.3,31062837784.856,5814626,6.4,52.3,2.425607093394514,24.159278015105695,16.22652157875323,-0.16317968015051676,-2.64783860117641
PRY,Paraguay,2011,11.7462412887776,52.3,31062837784.856,5814626,6.4,52.3,2.464384273080441,24.159278015105695,16.22652157875323,-0.16317968015051676,-2.64783860117641
PRY,Paraguay,2012,11.0055811353826,47.6,30842899501.4341,5897008,6.26,47.6,2.399310737408479,24.152172398778397,11.526521578753233,-0.30317968015051733,-3.4946071254944413
PRY,Paraguay,2012,3.93419849523691,47.6,30842899501.4341,5897008,6.26,47.6,1.3722457638808816,24.152172398778397,11.526521578753233,-0.30317968015051733,-3.4946071254944413
PRY,Paraguay,2013,10.0962064841382,47.9,33400724748.6301,5982445,6.26,47.9,2.3131497384973443,24.231843435754428,11.82652157875323,-0.30317968015051733,-3.5855610295395954
PRY,Paraguay,2013,4.74722291638285,47.9,33400724748.6301,5982445,6.26,47.9,1.5596640770591426,24.231843435754428,11.82652157875323,-0.30317968015051733,-3.5855610295395954
PRY,Paraguay,2014,9.52253702792393,50.7,35171376876.6336,6069811,6.26,50.7,2.2547108971295464,24.283498431845224,14.626521578753234,-0.30317968015051733,-4.434464133961045
PRY,Paraguay,2014,5.45321757135436,50.7,35171376876.6336,6069811,6.26,50.7,1.6980379149713214,24.283498431845224,14.626521578753234,-0.30317968015051733,-4.434464133961045
PRY,Paraguay,2015,10.0176925113933,47.6,36211447840.1027,6159103,6.33,47.6,2.3053505168216692,24.312641144462095,11.526521578753233,-0.23317968015051704,-2.6877506149817116
PRY,Paraguay,2016,10.7054970567084,47.9,37756961788.4736,6249126,6.27,47.9,2.3716910167164698,24.354435713876203,11.82652157875323,-0.29317968015051754,-3.4672958137520657
PRY,Paraguay,2016,4.32060419329039,47.9,37756961788.4736,6249126,6.27,47.9,1.4657070688367508,24.354435713876203,11.82652157875323,-0.29317968015051754,-3.4672958137520657
PRY,Paraguay,2017,8.53492626715061,48.5,39573101423.9484,6338660,6.31,48.5,2.145337687759186,24.40141546743631,12.426521578753231,-0.2531796801505175,-3.146142758692247
PRY,Paraguay,2017,5.61632856026916,48.5,39573101423.9484,6338660,6.31,48.5,1.7274571086946682,24.40141546743631,12.426521578753231,-0.2531796801505175,-3.146142758692247
PRY,Paraguay,2018,7.73254240471022,46,40841122661.1912,6427382,6.24,46,2.0467301097259374,24.43295531912047,9.926521578753231,-0.3231796801505169,-3.2080500688286735
PRY,Paraguay,2018,4.49638783694417,46,40841122661.1912,6427382,6.24,46,1.505495909532096,24.43295531912047,9.926521578753231,-0.3231796801505169,-3.2080500688286735
PRY,Paraguay,2019,8.50337786708883,45.7,40677000526.5933,6515058,6.24,45.7,2.14163879298237,24.42892867204042,9.626521578753234,-0.3231796801505169,-3.111096164783519
PRY,Paraguay,2019,2.57864166366593,45.7,40677000526.5933,6515058,6.24,45.7,0.9511332839542096,24.42892867204042,9.626521578753234,-0.3231796801505169,-3.111096164783519
PRY,Paraguay,2019,0,45.7,40677000526.5933,6515058,6.24,45.7,-4.605170185988091,24.42892867204042,9.626521578753234,-0.3231796801505169,-3.111096164783519
PRY,Paraguay,2020,7.28375188027935,43.5,40343536418.8014,6603739,6.18,43.5,1.987018074845923,24.420697030944957,7.426521578753231,-0.3831796801505174,-2.8456921631775787
PRY,Paraguay,2020,3.08915880161536,43.5,40343536418.8014,6603739,6.18,43.5,1.1311307203502303,24.420697030944957,7.426521578753231,-0.3831796801505174,-2.8456921631775787
PRY,Paraguay,2020,0,43.5,40343536418.8014,6603739,6.18,43.5,-4.605170185988091,24.420697030944957,7.426521578753231,-0.3831796801505174,-2.8456921631775787
PRY,Paraguay,2021,7.85436422886151,42.9,41964030301.4411,6684182,5.86,42.9,2.062341697751651,24.4600786668972,6.82652157875323,-0.7031796801505168,-4.800271260288297
PRY,Paraguay,2021,1.82520463984972,42.9,41964030301.4411,6684182,5.86,42.9,0.607155995642672,24.4600786668972,6.82652157875323,-0.7031796801505168,-4.800271260288297
PRY,Paraguay,2021,0.01496069376926,42.9,41964030301.4411,6684182,5.86,42.9,-3.690452940624402,24.4600786668972,6.82652157875323,-0.7031796801505168,-4.800271260288297
PRY,Paraguay,2022,7.57344466296988,44.6,42037903094.7542,6760464,5.89,44.6,2.0259675374522805,24.461837502899428,8.526521578753233,-0.6731796801505174,-5.739881069181586
PRY,Paraguay,2022,1.7602342087762,44.6,42037903094.7542,6760464,5.89,44.6,0.571111859174527,24.461837502899428,8.526521578753233,-0.6731796801505174,-5.739881069181586
PRY,Paraguay,2022,0,44.6,42037903094.7542,6760464,5.89,44.6,-4.605170185988091,24.461837502899428,8.526521578753233,-0.6731796801505174,-5.739881069181586
PRY,Paraguay,2023,6.7795163925492,44.2,44139473679.5817,6844146,6,44.2,1.915379715550911,24.510620313815867,8.126521578753234,-0.5631796801505171,-4.576691823458522
PSE,State of Palestine,2006,0.960194189672919,34,8653000000,3406334,6.01,34,-0.030259031982069595,22.881171918571013,-2.0734784212467687,-0.5531796801505173,1.147006129864287
PSE,State of Palestine,2008,1.22746155335782,NA,9648000000,3591977,5.83,35.233333333333334,0.21306214698440734,22.990016476931242,-0.8401450879134345,-0.733179680150517,0.6159773068363998
PSE,State of Palestine,2008,0.652905081573308,NA,9648000000,3591977,5.83,34.86666666666667,-0.4111234640931692,22.990016476931242,-1.2068117545801016,-0.733179680150517,0.8848098562249231
PSE,State of Palestine,2010,0.970894209748749,35.3,11082400000,3786161,5.44,35.3,-0.019290664427812677,23.128624101307942,-0.7734784212467716,-1.1231796801505167,0.8687552457792755
PSE,State of Palestine,2010,0.348526126576474,35.3,11082400000,3786161,5.44,35.3,-1.025753744118192,23.128624101307942,-0.7734784212467716,-1.1231796801505167,0.8687552457792755
PSE,State of Palestine,2011,0.728879354067116,34.4,12146400000,3882986,4.97,34.4,-0.30262062702178594,23.22029866653225,-1.6734784212467702,-1.5931796801505174,2.6661518159007223
PSE,State of Palestine,2011,0.558807504784789,34.4,12146400000,3882986,4.97,34.4,-0.564213206514062,23.22029866653225,-1.6734784212467702,-1.5931796801505174,2.6661518159007223
PSE,State of Palestine,2012,0.569352738456195,NA,12886900000,3979998,4.8,34.26,-0.5458437667767924,23.279477128464663,-1.8134784212467707,-1.7631796801505173,3.1974883027337464
PSE,State of Palestine,2013,0.55616572858116,NA,13492400000,4076708,4.8,34.12,-0.5688684369579693,23.325392400904686,-1.9534784212467713,-1.7631796801505173,3.4443334579548197
PSE,State of Palestine,2014,0.543492845086536,NA,13471100000,4173398,4.72,33.980000000000004,-0.5915064535899207,23.323812486989162,-2.0934784212467648,-1.8431796801505174,3.8586568868756217
PSE,State of Palestine,2015,0.663487089094152,NA,13972400000,4270092,4.57,33.84,-0.3952864531830914,23.360349792167145,-2.2334784212467653,-1.9931796801505168,4.451723805283709
PSE,State of Palestine,2016,0.410124550508889,33.7,15211000000,4367088,4.49,33.7,-0.8672040628359484,23.44528468727602,-2.373478421246766,-2.073179680150517,4.920647234204524
ROU,Romania,2006,1.69711228263622,39.6,145744791283.304,21193760,7.06,39.6,0.534803219408983,25.7051229242026,3.5265215787532327,0.4968203198494825,1.7520475787122831
ROU,Romania,2006,4.0169744504975,39.6,145744791283.304,21193760,7.06,39.6,1.3930153372992773,25.7051229242026,3.5265215787532327,0.4968203198494825,1.7520475787122831
ROU,Romania,2008,1.45761745573163,36.4,170834114652.888,20537875,7.06,36.4,0.38364030749450706,25.863958832858287,0.32652157875322985,0.4968203198494825,0.16222255519393763
ROU,Romania,2008,3.45098172466263,36.4,170834114652.888,20537875,7.06,36.4,1.2415522842759692,25.863958832858287,0.32652157875322985,0.4968203198494825,0.16222255519393763
ROU,Romania,2010,1.3018428319408,35.5,155105339843.99,20246871,6.6,35.5,0.2714328906181266,25.76737033493078,-0.5734784212467687,0.03682031984948253,-0.021115658897082303
ROU,Romania,2010,4.32153090452529,35.5,155105339843.99,20246871,6.6,35.5,1.4659210371547164,25.76737033493078,-0.5734784212467687,0.03682031984948253,-0.021115658897082303
ROU,Romania,2010,0.00489414598473986,35.5,155105339843.99,20246871,6.6,35.5,-4.206787030161226,25.76737033493078,-0.5734784212467687,0.03682031984948253,-0.021115658897082303
ROU,Romania,2011,1.01074789871675,35.9,162078238594.701,20147528,6.54,35.9,0.020535592647464487,25.811345009882185,-0.17347842124677015,-0.02317968015051708,0.004021174317516798
ROU,Romania,2011,4.86145086894983,35.9,162078238594.701,20147528,6.54,35.9,1.5833918124274597,25.811345009882185,-0.17347842124677015,-0.02317968015051708,0.004021174317516798
ROU,Romania,2011,0.00493047755471585,35.9,162078238594.701,20147528,6.54,35.9,-4.204350681692363,25.811345009882185,-0.17347842124677015,-0.02317968015051708,0.004021174317516798
ROU,Romania,2012,1.05166802858503,36.5,165163587446.019,20058035,6.54,36.5,0.05984128316683934,25.830202258762665,0.42652157875323127,-0.02317968015051708,-0.009886633772793483
ROU,Romania,2012,3.97847999493017,36.5,165163587446.019,20058035,6.54,36.5,1.3834102046689092,25.830202258762665,0.42652157875323127,-0.02317968015051708,-0.009886633772793483
ROU,Romania,2012,0,36.5,165163587446.019,20058035,6.54,36.5,-4.605170185988091,25.830202258762665,0.42652157875323127,-0.02317968015051708,-0.009886633772793483
ROU,Romania,2013,1.0865815600829,36.9,165624017079.639,19983693,6.54,36.9,0.0921976683101344,25.832986099055788,0.8265215787532298,-0.02317968015051708,-0.01915850583300028
ROU,Romania,2013,4.12701620068185,36.9,165624017079.639,19983693,6.54,36.9,1.4199748035174975,25.832986099055788,0.8265215787532298,-0.02317968015051708,-0.01915850583300028
ROU,Romania,2013,0.00996863816589818,36.9,165624017079.639,19983693,6.54,36.9,-3.9135923278758145,25.832986099055788,0.8265215787532298,-0.02317968015051708,-0.01915850583300028
ROU,Romania,2014,1.62758998394145,36,172441103432.375,19908979,6.68,36,0.4932256390427757,25.87332158574001,-0.07347842124676873,0.1168203198494826,-0.008583772672082542
ROU,Romania,2014,4.36694912614443,36,172441103432.375,19908979,6.68,36,1.4763519351447358,25.87332158574001,-0.07347842124676873,0.1168203198494826,-0.008583772672082542
ROU,Romania,2014,0,36,172441103432.375,19908979,6.68,36,-4.605170185988091,25.87332158574001,-0.07347842124676873,0.1168203198494826,-0.008583772672082542
ROU,Romania,2015,1.70600204986966,35.9,177885131240.315,19815616,6.68,35.9,0.539997195627796,25.904403848812805,-0.17347842124677015,0.1168203198494826,-0.020265804657030966
ROU,Romania,2015,4.19706698994483,35.9,177885131240.315,19815616,6.68,35.9,1.4367657279293915,25.904403848812805,-0.17347842124677015,0.1168203198494826,-0.020265804657030966
ROU,Romania,2015,0,35.9,177885131240.315,19815616,6.68,35.9,-4.605170185988091,25.904403848812805,-0.17347842124677015,0.1168203198494826,-0.020265804657030966
ROU,Romania,2016,1.54724790736617,34.4,182972525962.275,19702267,6.62,34.4,0.442920101350393,25.932601847163305,-1.6734784212467702,0.05682031984948299,-0.09508757915644932
ROU,Romania,2016,4.55072913931225,34.4,182972525962.275,19702267,6.62,34.4,1.5174825097158013,25.932601847163305,-1.6734784212467702,0.05682031984948299,-0.09508757915644932
ROU,Romania,2016,0,34.4,182972525962.275,19702267,6.62,34.4,-4.605170185988091,25.932601847163305,-1.6734784212467702,0.05682031984948299,-0.09508757915644932
ROU,Romania,2017,1.29511300787888,36,197967999561.02,19588715,6.44,36,0.26628963310120307,26.011371236200603,-0.07347842124676873,-0.12317968015051672,0.009051048427141904
ROU,Romania,2017,3.96660101628787,36,197967999561.02,19588715,6.44,36,1.3804274384088457,26.011371236200603,-0.07347842124676873,-0.12317968015051672,0.009051048427141904
ROU,Romania,2017,0.0050788745407015,36,197967999561.02,19588715,6.44,36,-4.194460551766952,26.011371236200603,-0.07347842124676873,-0.12317968015051672,0.009051048427141904
ROU,Romania,2018,1.27564870308368,35.8,208647427408.285,19473970,6.38,35.8,0.25126341826722415,26.06391171420887,-0.2734784212467716,-0.18317968015051722,0.05009568973205203
ROU,Romania,2018,3.50038004126162,35.8,208647427408.285,19473970,6.38,35.8,1.255724305480292,26.06391171420887,-0.2734784212467716,-0.18317968015051722,0.05009568973205203
ROU,Romania,2018,0,35.8,208647427408.285,19473970,6.38,35.8,-4.605170185988091,26.06391171420887,-0.2734784212467716,-0.18317968015051722,0.05009568973205203
ROU,Romania,2019,1.25118311157138,34.8,216910469745.256,19371648,6.49,34.8,0.2320502578374403,26.102750523532478,-1.2734784212467716,-0.0731796801505169,0.09319274354542396
ROU,Romania,2019,3.76893273362691,34.8,216910469745.256,19371648,6.49,34.8,1.329441624163126,26.102750523532478,-1.2734784212467716,-0.0731796801505169,0.09319274354542396
ROU,Romania,2019,0.0102555992751753,34.8,216910469745.256,19371648,6.49,34.8,-3.899324016234655,26.102750523532478,-1.2734784212467716,-0.0731796801505169,0.09319274354542396
ROU,Romania,2020,1.44901611032613,34.6,209105975817.662,19265250,6.4,34.6,0.3777623115126742,26.066107021727593,-1.4734784212467673,-0.16317968015051676,0.2404417374877359
ROU,Romania,2020,2.96506855315844,34.6,209105975817.662,19265250,6.4,34.6,1.0902670818105726,26.066107021727593,-1.4734784212467673,-0.16317968015051676,0.2404417374877359
ROU,Romania,2020,0.00515664096201469,34.6,209105975817.662,19265250,6.4,34.6,-4.18931649574518,26.066107021727593,-1.4734784212467673,-0.16317968015051676,0.2404417374877359
ROU,Romania,2021,1.26765356960595,33.9,220789460074.341,19122059,6.43,33.9,0.24502524691279376,26.120475415039436,-2.17347842124677,-0.1331796801505174,0.28946316095569635
ROU,Romania,2021,2.71194739071436,33.9,220789460074.341,19122059,6.43,33.9,1.0013475766047157,26.120475415039436,-2.17347842124677,-0.1331796801505174,0.28946316095569635
ROU,Romania,2021,0,33.9,220789460074.341,19122059,6.43,33.9,-4.605170185988091,26.120475415039436,-2.17347842124677,-0.1331796801505174,0.28946316095569635
ROU,Romania,2022,1.28868853637199,32.3,230035489109.198,19048502,6.45,32.3,0.2613549370925546,26.161499434441286,-3.7734784212467716,-0.11317968015051694,0.42708108077158724
ROU,Romania,2022,2.98954870988321,32.3,230035489109.198,19048502,6.45,32.3,1.0984618473134464,26.161499434441286,-3.7734784212467716,-0.11317968015051694,0.42708108077158724
ROU,Romania,2022,0.00521736249543318,32.3,230035489109.198,19048502,6.45,32.3,-4.185318233586868,26.161499434441286,-3.7734784212467716,-0.11317968015051694,0.42708108077158724
ROU,Romania,2023,1.10887485110282,29.8,235229078939.709,19061062,6.45,29.8,0.11232358313137465,26.183825680276456,-6.273478421246768,-0.11317968015051694,0.7100302811478791
ROU,Romania,2023,2.92387283852112,29.8,235229078939.709,19061062,6.45,29.8,1.0763233381275417,26.183825680276456,-6.273478421246768,-0.11317968015051694,0.7100302811478791
ROU,Romania,2023,0.01046108350097,29.8,235229078939.709,19061062,6.45,29.8,-3.8892305628241743,26.183825680276456,-6.273478421246768,-0.11317968015051694,0.7100302811478791
RUS,Russian Federation,2006,20.0162456079663,41,1137229862730.35,143049637,5.02,41,2.9970436936649274,27.75961647625391,4.926521578753231,-1.5431796801505175,-7.602507994155034
RUS,Russian Federation,2006,11.1961623436045,41,1137229862730.35,143049637,5.02,41,2.41646383624184,27.75961647625391,4.926521578753231,-1.5431796801505175,-7.602507994155034
RUS,Russian Federation,2008,12.6470810308557,41.6,1298056264706.47,142742366,4.48,41.6,2.538216823848418,27.89188908050247,5.526521578753233,-2.0831796801505167,-11.512737454772088
RUS,Russian Federation,2008,8.98326588066996,41.6,1298056264706.47,142742366,4.48,41.6,2.196476061787223,27.89188908050247,5.526521578753233,-2.0831796801505167,-11.512737454772088
RUS,Russian Federation,2010,11.5955549228756,39.5,1250664313044.7,142849468,4.26,39.5,2.4514838561510874,27.85469597650875,3.4265215787532313,-2.3031796801505173,-7.8918948737817125
RUS,Russian Federation,2010,7.71462204095933,39.5,1250664313044.7,142849468,4.26,39.5,2.044412894850201,27.85469597650875,3.4265215787532313,-2.3031796801505173,-7.8918948737817125
RUS,Russian Federation,2010,0.0111161700878376,39.5,1250664313044.7,142849468,4.26,39.5,-3.8577161771262523,27.85469597650875,3.4265215787532313,-2.3031796801505173,-7.8918948737817125
RUS,Russian Federation,2011,11.2292273482455,39.7,1304443243520.47,143018195,3.92,39.7,2.419410100843459,27.896797432351672,3.626521578753234,-2.643179680150517,-9.585548146587922
RUS,Russian Federation,2011,7.45606811252902,39.7,1304443243520.47,143018195,3.92,39.7,2.0103685034790417,27.896797432351672,3.626521578753234,-2.643179680150517,-9.585548146587922
RUS,Russian Federation,2011,0.0111077364804902,39.7,1304443243520.47,143018195,3.92,39.7,-3.8581156478595395,27.896797432351672,3.626521578753234,-2.643179680150517,-9.585548146587922
RUS,Russian Federation,2012,11.2598822758413,40.7,1356935163515.02,143378447,3.74,40.7,2.422133882197775,27.936249716358326,4.626521578753234,-2.823179680150517,-13.06150171091402
RUS,Russian Federation,2012,5.97473041792501,40.7,1356935163515.02,143378447,3.74,40.7,1.7892112950422574,27.936249716358326,4.626521578753234,-2.823179680150517,-13.06150171091402
RUS,Russian Federation,2012,0.0173260944725815,40.7,1356935163515.02,143378447,3.74,40.7,-3.5999131918303076,27.936249716358326,4.626521578753234,-2.823179680150517,-13.06150171091402
RUS,Russian Federation,2013,11.0875143078155,40.9,1380755103919.45,143805638,3.59,40.9,2.4067211470079886,27.953651642204274,4.82652157875323,-2.9731796801505173,-14.350115883757098
RUS,Russian Federation,2013,5.82141180335502,40.9,1380755103919.45,143805638,3.59,40.9,1.763259132856429,27.953651642204274,4.82652157875323,-2.9731796801505173,-14.350115883757098
RUS,Russian Federation,2013,0.0103731500416162,40.9,1380755103919.45,143805638,3.59,40.9,-3.893537419480871,27.953651642204274,4.82652157875323,-2.9731796801505173,-14.350115883757098
RUS,Russian Federation,2014,11.3961892650078,36.9,1390921151162.46,144237223,3.39,36.9,2.4341561260569438,27.960987342261372,0.8265215787532298,-3.173179680150517,-2.6227014789056744
RUS,Russian Federation,2014,5.70706474999268,36.9,1390921151162.46,144237223,3.39,36.9,1.7434555180866282,27.960987342261372,0.8265215787532298,-3.173179680150517,-2.6227014789056744
RUS,Russian Federation,2014,0.0117301536392063,36.9,1390921151162.46,144237223,3.39,36.9,-3.8290544143657472,27.960987342261372,0.8265215787532298,-3.173179680150517,-2.6227014789056744
RUS,Russian Federation,2015,11.4556968970425,36.5,1363482182197.71,144640716,3.31,36.5,2.4393596992024107,27.941062971451554,0.42652157875323127,-3.253179680150517,-1.3875513331457305
RUS,Russian Federation,2015,5.47115164793273,36.5,1363482182197.71,144640716,3.31,36.5,1.7013152336127617,27.941062971451554,0.42652157875323127,-3.253179680150517,-1.3875513331457305
RUS,Russian Federation,2015,0.0137639035168119,36.5,1363482182197.71,144640716,3.31,36.5,-3.7395875085536128,27.941062971451554,0.42652157875323127,-3.253179680150517,-1.3875513331457305
RUS,Russian Federation,2016,10.8822499466091,36.7,1366123111808.03,145015460,3.24,36.7,2.388051522272153,27.94299799879061,0.6265215787532341,-3.323179680150517,-2.0820437796885694
RUS,Russian Federation,2016,9.67837017755347,36.7,1366123111808.03,145015460,3.24,36.7,2.2709262154251744,27.94299799879061,0.6265215787532341,-3.323179680150517,-2.0820437796885694
RUS,Russian Federation,2016,0.00891762791893083,36.7,1366123111808.03,145015460,3.24,36.7,-3.967661097482113,27.94299799879061,0.6265215787532341,-3.323179680150517,-2.0820437796885694
RUS,Russian Federation,2017,9.09316032017364,35.5,1391065651845.68,145293260,3.17,35.5,2.2086216411634783,27.96109122534464,-0.5734784212467687,-3.393179680150517,1.9459153259793343
RUS,Russian Federation,2017,8.30649558172486,35.5,1391065651845.68,145293260,3.17,35.5,2.118240961982137,27.96109122534464,-0.5734784212467687,-3.393179680150517,1.9459153259793343
RUS,Russian Federation,2017,0.0123130132974592,35.5,1391065651845.68,145293260,3.17,35.5,-3.802585214778745,27.96109122534464,-0.5734784212467687,-3.393179680150517,1.9459153259793343
RUS,Russian Federation,2018,8.17044875503453,35.3,1430116278515.49,145398106,2.94,35.3,2.1017470091385704,27.988776870541784,-0.7734784212467716,-3.623179680150517,2.8024512988962047
RUS,Russian Federation,2018,7.36392083964705,35.3,1430116278515.49,145398106,2.94,35.3,1.9979495646915502,27.988776870541784,-0.7734784212467716,-3.623179680150517,2.8024512988962047
RUS,Russian Federation,2018,0.00409751692830217,35.3,1430116278515.49,145398106,2.94,35.3,-4.2617566014819435,27.988776870541784,-0.7734784212467716,-3.623179680150517,2.8024512988962047
RUS,Russian Federation,2019,7.64469087376708,35.7,1461551317106.21,145453291,3.11,35.7,2.0353186460300003,28.010519533509544,-0.3734784212467659,-3.4531796801505172,1.2896880952240273
RUS,Russian Federation,2019,6.49136757643925,35.7,1461551317106.21,145453291,3.11,35.7,1.8720125511466474,28.010519533509544,-0.3734784212467659,-3.4531796801505172,1.2896880952240273
RUS,Russian Federation,2019,0.00477707874632829,35.7,1461551317106.21,145453291,3.11,35.7,-4.21467803209546,28.010519533509544,-0.3734784212467659,-3.4531796801505172,1.2896880952240273
RUS,Russian Federation,2020,7.30812673633554,33.7,1422766794794.99,145245148,3.31,33.7,1.9903543848859075,27.983624538819637,-2.373478421246766,-3.253179680150517,7.7213517712757085
RUS,Russian Federation,2020,5.29748665172906,33.7,1422766794794.99,145245148,3.31,33.7,1.6691183996093626,27.983624538819637,-2.373478421246766,-3.253179680150517,7.7213517712757085
RUS,Russian Federation,2020,0.00614874643610544,33.7,1422766794794.99,145245148,3.31,33.7,-4.125912852381455,27.983624538819637,-2.373478421246766,-3.253179680150517,7.7213517712757085
RUS,Russian Federation,2021,6.76512531955806,35.1,1506233291759.56,144746762,3.24,35.1,1.913257863946434,28.040633141516093,-0.9734784212467673,-3.323179680150517,3.2350437085522623
RUS,Russian Federation,2021,0.0102855138651298,35.1,1506233291759.56,144746762,3.24,35.1,-3.897848250372964,28.040633141516093,-0.9734784212467673,-3.323179680150517,3.2350437085522623
RUS,Russian Federation,2022,0.00824289622566643,33.9,1484605556957.56,144236933,2.28,33.9,-4.003979522638957,28.02617023469005,-2.17347842124677,-4.283179680150518,9.309398609129794
RUS,Russian Federation,2023,0.00412539834459659,33,1545214947189.49,143826130,2.22,33,-4.2597808009599145,28.066184140995848,-3.0734784212467687,-4.3431796801505165,13.348669026540055
RWA,Rwanda,2010,2.82043606558473,47.2,6018965507.59309,10317553,3.25,47.2,1.0404307865640543,22.518181238908,11.126521578753234,-3.313179680150517,-36.86416520548147
RWA,Rwanda,2012,2.36382585584116,NA,7059501492.72193,10829901,3.36,46.150000000000006,0.8645029387543244,22.677640275862508,10.076521578753237,-3.2031796801505172,-32.27690916766058
RWA,Rwanda,2013,3.23617593979811,45.1,7392699272.95995,11093340,3.38,45.1,1.1774776696562117,22.72375876542634,9.026521578753233,-3.1831796801505172,-28.73304007192746
RWA,Rwanda,2014,3.76602860932266,NA,7848619320.21664,11364757,3.25,44.63333333333333,1.328672824876019,22.78360347049659,8.559854912086564,-3.313179680150517,-28.360337359761797
RWA,Rwanda,2015,2.51717737303246,NA,8543760199.80208,11640022,3.07,44.16666666666667,0.9271030170913529,22.868467052267814,8.093188245419903,-3.4931796801505173,-28.270960726533822
RWA,Rwanda,2016,3.28881602035978,43.7,9053886356.47148,11919183,3.07,43.7,1.1935636223857207,22.92645993413317,7.626521578753234,-3.4931796801505173,-26.64081020913024
SLV,El Salvador,2006,65.4247078983383,45.7,19821747186.6752,6002319,6.22,45.7,4.181052819500205,23.710045514671165,9.626521578753234,-0.34317968015051736,-3.3036265963585882
SLV,El Salvador,2008,52.7258860134014,46.9,20622904543.8145,6029297,6.4,46.9,3.9652961728276277,23.749668166130082,10.82652157875323,-0.16317968015051676,-1.7666683283636198
SLV,El Salvador,2010,65.7026379683301,43.5,20622904543.8145,6068249,6.47,43.5,4.185291265718483,23.749668166130082,7.426521578753231,-0.09317968015051736,-0.6920009053391414
SLV,El Salvador,2011,71.7719022936632,42.3,21401127375.9033,6090127,6.47,42.3,4.273632387091105,23.786709438703593,6.226521578753228,-0.09317968015051736,-0.5801852891585202
SLV,El Salvador,2011,0.394080451852646,42.3,21401127375.9033,6090127,6.47,42.3,-0.9061412825972524,23.786709438703593,6.226521578753228,-0.09317968015051736,-0.5801852891585202
SLV,El Salvador,2012,42.4273897096406,41.8,22019127752.9422,6113975,6.47,41.8,3.748029806426362,23.81517735587338,5.726521578753228,-0.09317968015051736,-0.5335954490832615
SLV,El Salvador,2012,0.785086625313319,41.8,22019127752.9422,6113975,6.47,41.8,-0.22930420760554154,23.81517735587338,5.726521578753228,-0.09317968015051736,-0.5335954490832615
SLV,El Salvador,2013,40.9360792814407,43.4,22499794814.169,6138839,6.53,43.4,3.7122560616723628,23.83677202674494,7.32652157875323,-0.033179680150516866,-0.24309164259889204
SLV,El Salvador,2013,0,43.4,22499794814.169,6138839,6.53,43.4,-4.605170185988091,23.83677202674494,7.32652157875323,-0.033179680150516866,-0.24309164259889204
SLV,El Salvador,2014,63.6220773963139,41.6,22888906230.2134,6162955,6.53,41.6,4.153117704775789,23.853918186030167,5.526521578753233,-0.033179680150516866,-0.18336821832796177
SLV,El Salvador,2014,0.0162259825035231,41.6,22888906230.2134,6162955,6.53,41.6,-3.6410046610155393,23.853918186030167,5.526521578753233,-0.033179680150516866,-0.18336821832796177
SLV,El Salvador,2015,107.638231074992,40.6,23438240000,6183676,6.64,40.6,4.678868791487643,23.877634713511945,4.526521578753233,0.07682031984948257,0.3477288354854081
SLV,El Salvador,2015,0.549834714024901,40.6,23438240000,6183676,6.64,40.6,-0.5801136923462795,23.877634713511945,4.526521578753233,0.07682031984948257,0.3477288354854081
SLV,El Salvador,2016,85.0858022421141,40,24033351541.724,6200800,6.64,40,4.443777707007984,23.902708350199596,3.9265215787532313,0.07682031984948257,0.30163664357571845
SLV,El Salvador,2017,63.764040219627,38,24573529736.8617,6213533,6.43,38,4.155346214437986,23.924935673595257,1.9265215787532313,-0.1331796801505174,-0.25657352766142516
SLV,El Salvador,2018,53.7958771232068,38.6,25166352435.5773,6219807,5.96,38.6,3.9853827014097667,23.94877371845178,2.5265215787532327,-0.6031796801505172,-1.5239464777657545
SLV,El Salvador,2018,0.0964660079914049,38.6,25166352435.5773,6219807,5.96,38.6,-2.2399295185690775,23.94877371845178,2.5265215787532327,-0.6031796801505172,-1.5239464777657545
SLV,El Salvador,2019,38.5386955905095,38.8,25779775126.5993,6222318,6.15,38.8,3.651922262614798,23.972856111634275,2.7265215787532284,-0.41317968015051676,-1.126543313832741
SLV,El Salvador,2020,21.5087446038674,NA,23744951345.511,6234673,5.9,38.86666666666667,3.0689243973404436,23.890635769903955,2.7931882454198984,-0.6631796801505168,-1.8523856871977513
SLV,El Salvador,2020,0,NA,23744951345.511,6234673,5.9,38.93333333333333,-4.605170185988091,23.890635769903955,2.8598549120865613,-0.6631796801505168,-1.89659766587445
SLV,El Salvador,2021,17.343956146806,39,26571731219.3539,6255782,5.72,39,2.85382050038908,24.00311375151512,2.9265215787532313,-0.8431796801505174,-2.4675835287267365
SLV,El Salvador,2021,18.2071576508866,39,26571731219.3539,6255782,5.72,39,2.902363878064416,24.00311375151512,2.9265215787532313,-0.8431796801505174,-2.4675835287267365
SLV,El Salvador,2021,0,39,26571731219.3539,6255782,5.72,39,-4.605170185988091,24.00311375151512,2.9265215787532313,-0.8431796801505174,-2.4675835287267365
SLV,El Salvador,2022,7.89768799960639,38.8,27356823619.6966,6280319,5.06,38.8,2.067835450762522,24.0322318271898,2.7265215787532284,-1.5031796801505175,-4.098451834673762
SLV,El Salvador,2022,18.4544765958544,38.8,27356823619.6966,6280319,5.06,38.8,2.9158487021597184,24.0322318271898,2.7265215787532284,-1.5031796801505175,-4.098451834673762
SLV,El Salvador,2022,0,38.8,27356823619.6966,6280319,5.06,38.8,-4.605170185988091,24.0322318271898,2.7265215787532284,-1.5031796801505175,-4.098451834673762
SRB,Serbia,2006,2.07684499553911,29.7,37179490290.6082,7411569,6.62,29.7,0.7356533539132831,24.33902310990981,-6.3734784212467694,0.05682031984948299,-0.3621430824490193
SRB,Serbia,2006,1.94371390608147,29.7,37179490290.6082,7411569,6.62,29.7,0.6697321284083482,24.33902310990981,-6.3734784212467694,0.05682031984948299,-0.3621430824490193
SRB,Serbia,2008,1.87811591167972,27.6,42160489173.533,7350222,6.49,27.6,0.6355794597369374,24.464749343899992,-8.473478421246767,-0.0731796801505169,0.6200864406291453
SRB,Serbia,2008,1.59639852492776,27.6,42160489173.533,7350222,6.49,27.6,0.47399473226769,24.464749343899992,-8.473478421246767,-0.0731796801505169,0.6200864406291453
SRB,Serbia,2010,1.78478121117552,29,41493398701.5159,7291436,6.33,29,0.584883126586804,24.448800184097145,-7.073478421246769,-0.23317968015051704,1.6493914358179058
SRB,Serbia,2010,1.87942869964694,29,41493398701.5159,7291436,6.33,29,0.636274508058079,24.448800184097145,-7.073478421246769,-0.23317968015051704,1.6493914358179058
SRB,Serbia,2010,0,29,41493398701.5159,7291436,6.33,29,-4.605170185988091,24.448800184097145,-7.073478421246769,-0.23317968015051704,1.6493914358179058
SRB,Serbia,2011,1.75156114676202,NA,41515918199.5454,7236519,6.33,31.725,0.5662004310902448,24.44934276171187,-4.348478421246767,-0.23317968015051704,1.0139768074077464
SRB,Serbia,2011,1.80587312030503,NA,41515918199.5454,7236519,6.33,34.45,0.5965664100648004,24.44934276171187,-1.623478421246766,-0.23317968015051704,0.37856217899758726
SRB,Serbia,2011,0,NA,41515918199.5454,7236519,6.33,37.175,-4.605170185988091,24.44934276171187,1.1015215787532284,-0.23317968015051704,-0.25685244941257035
SRB,Serbia,2012,1.50178377781355,39.9,41331605760.2741,7201497,6.33,39.9,0.41329026343971387,24.444893316887455,3.82652157875323,-0.23317968015051704,-0.8922670778227296
SRB,Serbia,2012,1.6383095757966,39.9,41331605760.2741,7201497,6.33,39.9,0.4997502632369331,24.444893316887455,3.82652157875323,-0.23317968015051704,-0.8922670778227296
SRB,Serbia,2012,0,39.9,41331605760.2741,7201497,6.33,39.9,-4.605170185988091,24.444893316887455,3.82652157875323,-0.23317968015051704,-0.8922670778227296
SRB,Serbia,2013,1.91034319590384,39.4,41518250531.7903,7166553,6.67,39.4,0.6525039179327771,24.449398939362133,3.32652157875323,0.10682031984948281,0.35534009902862657
SRB,Serbia,2013,1.7179345286905,39.4,41518250531.7903,7166553,6.67,39.4,0.5469267811747829,24.449398939362133,3.32652157875323,0.10682031984948281,0.35534009902862657
SRB,Serbia,2013,0,39.4,41518250531.7903,7166553,6.67,39.4,-4.605170185988091,24.449398939362133,3.32652157875323,0.10682031984948281,0.35534009902862657
SRB,Serbia,2014,1.63272026762776,40.4,40769149019.8676,7131787,6.71,40.4,0.4963535674859582,24.431191480855972,4.32652157875323,0.14682031984948285,0.6352212820282387
SRB,Serbia,2014,1.8956159039407,40.4,40769149019.8676,7131787,6.71,40.4,0.6448052654807447,24.431191480855972,4.32652157875323,0.14682031984948285,0.6352212820282387
SRB,Serbia,2014,0,40.4,40769149019.8676,7131787,6.71,40.4,-4.605170185988091,24.431191480855972,4.32652157875323,0.14682031984948285,0.6352212820282387
SRB,Serbia,2015,1.39329072000109,40.5,41297410634.9586,7095383,6.71,40.5,0.33881999277018254,24.444065638457786,4.426521578753231,0.14682031984948285,0.6499033140131872
SRB,Serbia,2015,1.19823001920094,40.5,41297410634.9586,7095383,6.71,40.5,0.1891564946321334,24.444065638457786,4.426521578753231,0.14682031984948285,0.6499033140131872
SRB,Serbia,2015,0.0139329072000109,40.5,41297410634.9586,7095383,6.71,40.5,-3.7325008967680517,24.444065638457786,4.426521578753231,0.14682031984948285,0.6499033140131872
SRB,Serbia,2016,1.62782274638115,38.8,42526090399.794,7058322,6.57,38.8,0.4933677661328594,24.473383616282177,2.7265215787532284,0.00682031984948317,0.01859574924361483
SRB,Serbia,2016,1.47346024456914,38.8,42526090399.794,7058322,6.57,38.8,0.39437736198664947,24.473383616282177,2.7265215787532284,0.00682031984948317,0.01859574924361483
SRB,Serbia,2016,0.0280659094203646,38.8,42526090399.794,7058322,6.57,38.8,-3.2684361632611036,24.473383616282177,2.7265215787532284,0.00682031984948317,0.01859574924361483
SRB,Serbia,2017,1.21580435389435,36.1,43531153349.2666,7020858,6.41,36.1,0.20359724394306072,24.4967426876631,0.02652157875323269,-0.15317968015051697,-0.00406256695050693
SRB,Serbia,2017,1.35717695318439,36.1,43531153349.2666,7020858,6.41,36.1,0.31274799573186723,24.4967426876631,0.02652157875323269,-0.15317968015051697,-0.00406256695050693
SRB,Serbia,2017,0,36.1,43531153349.2666,7020858,6.41,36.1,-4.605170185988091,24.4967426876631,0.02652157875323269,-0.15317968015051697,-0.00406256695050693
SRB,Serbia,2018,1.49572244747486,35,45555069182.0072,6982604,6.41,35,0.40927281456731257,24.542187742759026,-1.0734784212467687,-0.15317968015051697,0.16443508121506195
SRB,Serbia,2018,0.968658346936098,35,45555069182.0072,6982604,6.41,35,-0.021572679039068326,24.542187742759026,-1.0734784212467687,-0.15317968015051697,0.16443508121506195
SRB,Serbia,2018,0.0284899513804735,35,45555069182.0072,6982604,6.41,35,-3.257358074860221,24.542187742759026,-1.0734784212467687,-0.15317968015051697,0.16443508121506195
SRB,Serbia,2019,1.26325112750546,34.5,47719029694.9033,6945235,6.41,34.5,0.24157357231563084,24.58859610066897,-1.5734784212467687,-0.15317968015051697,0.24102492129032044
SRB,Serbia,2019,1.11969986301621,34.5,47719029694.9033,6945235,6.41,34.5,0.12195198949395375,24.58859610066897,-1.5734784212467687,-0.15317968015051697,0.24102492129032044
SRB,Serbia,2019,0,34.5,47719029694.9033,6945235,6.41,34.5,-4.605170185988091,24.58859610066897,-1.5734784212467687,-0.15317968015051697,0.24102492129032044
SRB,Serbia,2020,1.21601456438015,35,47265687464.123,6899126,6.22,35,0.20376871703574995,24.579050445605805,-1.0734784212467687,-0.34317968015051736,0.36839598125194845
SRB,Serbia,2020,1.07125092576347,35,47265687464.123,6899126,6.22,35,0.07811863546101433,24.579050445605805,-1.0734784212467687,-0.34317968015051736,0.36839598125194845
SRB,Serbia,2020,0,35,47265687464.123,6899126,6.22,35,-4.605170185988091,24.579050445605805,-1.0734784212467687,-0.34317968015051736,0.36839598125194845
SRB,Serbia,2021,1.1264836301447,33.1,51022863667.9918,6834326,6.36,33.1,0.12793896046251133,24.655539676426606,-2.9734784212467673,-0.2031796801505168,0.6041503945633818
SRB,Serbia,2021,1.55074369864076,33.1,51022863667.9918,6834326,6.36,33.1,0.4451624375597737,24.655539676426606,-2.9734784212467673,-0.2031796801505168,0.6041503945633818
SRB,Serbia,2021,0,33.1,51022863667.9918,6834326,6.36,33.1,-4.605170185988091,24.655539676426606,-2.9734784212467673,-0.2031796801505168,0.6041503945633818
SRB,Serbia,2022,1.08964325742373,32.8,52402255080.2826,6664449,6.33,32.8,0.0949858157710265,24.682215463230648,-3.2734784212467716,-0.23317968015051704,0.7633086512459417
SRB,Serbia,2022,0.618446173132386,32.8,52402255080.2826,6664449,6.33,32.8,-0.46450489800466416,24.682215463230648,-3.2734784212467716,-0.23317968015051704,0.7633086512459417
SRB,Serbia,2022,0,32.8,52402255080.2826,6664449,6.33,32.8,-4.605170185988091,24.682215463230648,-3.2734784212467716,-0.23317968015051704,0.7633086512459417
SRB,Serbia,2023,1.31400205013848,32.8,54366256509.8452,6623183,6.33,32.8,0.28065900595657833,24.719009513606643,-3.2734784212467716,-0.23317968015051704,0.7633086512459417
SRB,Serbia,2023,1.16636137034764,32.8,54366256509.8452,6623183,6.33,32.8,0.1624260899838147,24.719009513606643,-3.2734784212467716,-0.23317968015051704,0.7633086512459417
SUR,Suriname,2022,7.22121303541283,39.2,4412832154.84564,623164,6.95,39.2,1.978406800162906,22.207782532258438,3.126521578753234,0.38682031984948306,1.2094020771096368
SUR,Suriname,2022,1.76518540865647,39.2,4412832154.84564,623164,6.95,39.2,0.5739048730533847,22.207782532258438,3.126521578753234,0.38682031984948306,1.2094020771096368
SUR,Suriname,2022,0,39.2,4412832154.84564,623164,6.95,39.2,-4.605170185988091,22.207782532258438,3.126521578753234,0.38682031984948306,1.2094020771096368
SVK,Slovakia,2006,1.5250576267202,25.8,66788144152.8851,5373054,7.4,25.8,0.4285679221717472,24.924791418995845,-10.273478421246768,0.8368203198494832,-8.597055498434484
SVK,Slovakia,2006,0.892716659543532,25.8,66788144152.8851,5373054,7.4,25.8,-0.10234655161011386,24.924791418995845,-10.273478421246768,0.8368203198494832,-8.597055498434484
SVK,Slovakia,2008,1.59877437213017,26,77983340266.5833,5379233,7.33,26,0.4754726295447067,25.07976105449734,-10.073478421246769,0.766820319849483,-7.724547944977312
SVK,Slovakia,2008,0.929519983796608,26,77983340266.5833,5379233,7.33,26,-0.06238618968255352,25.07976105449734,-10.073478421246769,0.766820319849483,-7.724547944977312
SVK,Slovakia,2010,1.65063908479667,27.3,78694079820.7688,5391428,7.35,27.3,0.5072025191198608,25.08883376489945,-8.773478421246768,0.7868203198494825,-6.903151097597915
SVK,Slovakia,2010,1.11279039424494,27.3,78694079820.7688,5391428,7.35,27.3,0.11581701028992443,25.08883376489945,-8.773478421246768,0.7868203198494825,-6.903151097597915
SVK,Slovakia,2010,0,27.3,78694079820.7688,5391428,7.35,27.3,-4.605170185988091,25.08883376489945,-8.773478421246768,0.7868203198494825,-6.903151097597915
SVK,Slovakia,2011,1.77840071202719,26.5,80710556384.8384,5398384,7.35,26.5,0.5813217635140385,25.11413521388845,-9.573478421246769,0.7868203198494825,-7.532607353477502
SVK,Slovakia,2011,0.796575318928843,26.5,80710556384.8384,5398384,7.35,26.5,-0.2149579959090625,25.11413521388845,-9.573478421246769,0.7868203198494825,-7.532607353477502
SVK,Slovakia,2011,0,26.5,80710556384.8384,5398384,7.35,26.5,-4.605170185988091,25.11413521388845,-9.573478421246769,0.7868203198494825,-7.532607353477502
SVK,Slovakia,2012,1.38763718875067,26.1,81977043067.5237,5407579,7.35,26.1,0.3347830884924757,25.129705082422646,-9.973478421246767,0.7868203198494825,-7.847335481417294
SVK,Slovakia,2012,0.814080484067057,26.1,81977043067.5237,5407579,7.35,26.1,-0.19348707900388037,25.129705082422646,-9.973478421246767,0.7868203198494825,-7.847335481417294
SVK,Slovakia,2012,0,26.1,81977043067.5237,5407579,7.35,26.1,-4.605170185988091,25.129705082422646,-9.973478421246767,0.7868203198494825,-7.847335481417294
SVK,Slovakia,2013,1.44166216994369,28.1,82553606913.1151,5413393,7.35,28.1,0.3727092240037907,25.136713700035962,-7.973478421246767,0.7868203198494825,-6.273694841718329
SVK,Slovakia,2013,0.757796781637068,28.1,82553606913.1151,5413393,7.35,28.1,-0.26423018809253945,25.136713700035962,-7.973478421246767,0.7868203198494825,-6.273694841718329
SVK,Slovakia,2013,0,28.1,82553606913.1151,5413393,7.35,28.1,-4.605170185988091,25.136713700035962,-7.973478421246767,0.7868203198494825,-6.273694841718329
SVK,Slovakia,2014,1.32958329289954,26.1,84789118561.7889,5418649,7.35,26.1,0.2923585901518241,25.163433052663873,-9.973478421246767,0.7868203198494825,-7.847335481417294
SVK,Slovakia,2014,0.849455992685815,26.1,84789118561.7889,5418649,7.35,26.1,-0.15145565653367654,25.163433052663873,-9.973478421246767,0.7868203198494825,-7.847335481417294
SVK,Slovakia,2014,0,26.1,84789118561.7889,5418649,7.35,26.1,-4.605170185988091,25.163433052663873,-9.973478421246767,0.7868203198494825,-7.847335481417294
SVK,Slovakia,2015,0.885563434200239,26.5,89178548717.3324,5423801,7.29,26.5,-0.1103022233623168,25.213906362379465,-9.573478421246769,0.7268203198494829,-6.958198648202699
SVK,Slovakia,2015,0.516578669950139,26.5,89178548717.3324,5423801,7.29,26.5,-0.6413545379622027,25.213906362379465,-9.573478421246769,0.7268203198494829,-6.958198648202699
SVK,Slovakia,2015,0,26.5,89178548717.3324,5423801,7.29,26.5,-4.605170185988091,25.213906362379465,-9.573478421246769,0.7268203198494829,-6.958198648202699
SVK,Slovakia,2016,1.10553043442371,25.2,90915584911.6973,5430798,7.29,25.2,0.10933001773091913,25.23319727460756,-10.87347842124677,0.7268203198494829,-7.903065064007028
SVK,Slovakia,2016,0.589616231692646,25.2,90915584911.6973,5430798,7.29,25.2,-0.5114654422517816,25.23319727460756,-10.87347842124677,0.7268203198494829,-7.903065064007028
SVK,Slovakia,2016,0,25.2,90915584911.6973,5430798,7.29,25.2,-4.605170185988091,25.23319727460756,-10.87347842124677,0.7268203198494829,-7.903065064007028
SVK,Slovakia,2017,1.47175143295698,23.2,93529165482.8938,5439232,7.16,23.2,0.3932247887560229,25.261539154899243,-12.87347842124677,0.596820319849483,-7.6831535089439145
SVK,Slovakia,2017,0.570303680270832,23.2,93529165482.8938,5439232,7.16,23.2,-0.5442037257914991,25.261539154899243,-12.87347842124677,0.596820319849483,-7.6831535089439145
SVK,Slovakia,2017,0,23.2,93529165482.8938,5439232,7.16,23.2,-4.605170185988091,25.261539154899243,-12.87347842124677,0.596820319849483,-7.6831535089439145
SVK,Slovakia,2018,1.23088635575335,25,97328432250.4869,5446771,7.1,25,0.21582592729383313,25.30135699568791,-11.073478421246769,0.5368203198494825,-5.944468227940034
SVK,Slovakia,2018,0.679743211386176,25,97328432250.4869,5446771,7.1,25,-0.3714359080699267,25.30135699568791,-11.073478421246769,0.5368203198494825,-5.944468227940034
SVK,Slovakia,2018,0,25,97328432250.4869,5446771,7.1,25,-4.605170185988091,25.30135699568791,-11.073478421246769,0.5368203198494825,-5.944468227940034
SVK,Slovakia,2019,1.39433538407656,23.2,99543529164.3085,5454147,7.17,23.2,0.3395641546243283,25.32386086448318,-12.87347842124677,0.6068203198494828,-7.81188829315638
SVK,Slovakia,2019,0.568742064557545,23.2,99543529164.3085,5454147,7.17,23.2,-0.5468983850233491,25.32386086448318,-12.87347842124677,0.6068203198494828,-7.81188829315638
SVK,Slovakia,2020,1.15489878274585,24.2,96969818857.1148,5458827,6.97,24.2,0.15263420148000592,25.297665621230955,-11.87347842124677,0.40682031984948264,-4.830372289057541
SVK,Slovakia,2020,0.678273888279308,24.2,96969818857.1148,5458827,6.97,24.2,-0.37356842683773234,25.297665621230955,-11.87347842124677,0.40682031984948264,-4.830372289057541
SVK,Slovakia,2020,0,24.2,96969818857.1148,5458827,6.97,24.2,-4.605170185988091,25.297665621230955,-11.87347842124677,0.40682031984948264,-4.830372289057541
SVK,Slovakia,2021,1.0105169087957,24.1,102454294896.646,5447247,7.03,24.1,0.020309272259060374,25.352682632633012,-11.973478421246767,0.46682031984948313,-5.589463026317301
SVK,Slovakia,2021,0.900278700563446,24.1,102454294896.646,5447247,7.03,24.1,-0.09400446200516036,25.352682632633012,-11.973478421246767,0.46682031984948313,-5.589463026317301
SVK,Slovakia,2021,0,24.1,102454294896.646,5447247,7.03,24.1,-4.605170185988091,25.352682632633012,-11.973478421246767,0.46682031984948313,-5.589463026317301
SVK,Slovakia,2022,0.767376066253057,24.1,103012252413.418,5431752,7.07,24.1,-0.2518310479519403,25.358113773571485,-11.973478421246767,0.5068203198494832,-6.068402163167171
SVK,Slovakia,2022,0.785646924973368,24.1,103012252413.418,5431752,7.07,24.1,-0.22859975313154238,25.358113773571485,-11.973478421246767,0.5068203198494832,-6.068402163167171
SVK,Slovakia,2022,0,24.1,103012252413.418,5431752,7.07,24.1,-4.605170185988091,25.358113773571485,-11.973478421246767,0.5068203198494832,-6.068402163167171
SVK,Slovakia,2023,1.12358440823663,23.8,105188526684.47,5426740,7.07,23.8,0.12538465509775887,25.37902006936764,-12.273478421246768,0.5068203198494832,-6.2204482591220165
SVK,Slovakia,2023,0.579914533283424,23.8,105188526684.47,5426740,7.07,23.8,-0.5277776114170815,25.37902006936764,-12.273478421246768,0.5068203198494832,-6.2204482591220165
SVK,Slovakia,2023,0,23.8,105188526684.47,5426740,7.07,23.8,-4.605170185988091,25.37902006936764,-12.273478421246768,0.5068203198494832,-6.2204482591220165
SVN,Slovenia,2006,0.599067252288187,24.4,40471568430.3753,2006868,7.96,24.4,-0.4958265866825812,24.42386555046684,-11.67347842124677,1.3968203198494828,-16.305751862121948
SVN,Slovenia,2006,2.19657992505669,24.4,40471568430.3753,2006868,7.96,24.4,0.7914437716214963,24.42386555046684,-11.67347842124677,1.3968203198494828,-16.305751862121948
SVN,Slovenia,2008,0.493806310894034,23.7,44823161262.4126,2021316,7.96,23.7,-0.6855633885560701,24.525990835237355,-12.37347842124677,1.3968203198494828,-17.283526086016586
SVN,Slovenia,2008,1.4814189326821,23.7,44823161262.4126,2021316,7.96,23.7,0.3997279706172515,24.525990835237355,-12.37347842124677,1.3968203198494828,-17.283526086016586
SVN,Slovenia,2010,0.733635525957981,24.9,41881476947.431,2048583,7.69,24.9,-0.29620424864672207,24.458109488502437,-11.17347842124677,1.1268203198494833,-12.590502528460584
SVN,Slovenia,2010,0.880362631149577,24.9,41881476947.431,2048583,7.69,24.9,-0.11612644851159742,24.458109488502437,-11.17347842124677,1.1268203198494833,-12.590502528460584
SVN,Slovenia,2010,0,24.9,41881476947.431,2048583,7.69,24.9,-4.605170185988091,24.458109488502437,-11.17347842124677,1.1268203198494833,-12.590502528460584
SVN,Slovenia,2011,0.780943418696957,24.9,42155984116.073,2052843,7.76,24.9,-0.2345288451295377,24.464642483228793,-11.17347842124677,1.1968203198494827,-13.372646017947853
SVN,Slovenia,2011,1.36665098271967,24.9,42155984116.073,2052843,7.76,24.9,0.31965372554235816,24.464642483228793,-11.17347842124677,1.1968203198494827,-13.372646017947853
SVN,Slovenia,2011,0,24.9,42155984116.073,2052843,7.76,24.9,-4.605170185988091,24.464642483228793,-11.17347842124677,1.1968203198494827,-13.372646017947853
SVN,Slovenia,2012,0.681822277179262,25.6,40926910455.6051,2057159,7.88,25.6,-0.3684261812350856,24.435053640985885,-10.473478421246767,1.3168203198494828,-13.791689204602823
SVN,Slovenia,2012,1.16883818945016,25.6,40926910455.6051,2057159,7.88,25.6,0.16452936824343498,24.435053640985885,-10.473478421246767,1.3168203198494828,-13.791689204602823
SVN,Slovenia,2013,0.583532281370513,26.2,40589764218.782,2059953,7.88,26.2,-0.5216636748858627,24.42678175893043,-9.87347842124677,1.3168203198494828,-13.001597012693138
SVN,Slovenia,2013,1.89647991445417,26.2,40589764218.782,2059953,7.88,26.2,0.6452585649618835,24.42678175893043,-9.87347842124677,1.3168203198494828,-13.001597012693138
SVN,Slovenia,2014,0.777302570612473,25.7,41711191731.4298,2061980,7.57,25.7,-0.23914264369800747,24.4540353165867,-10.37347842124677,1.0068203198494832,-10.444228862031384
SVN,Slovenia,2014,1.70034937321478,25.7,41711191731.4298,2061980,7.57,25.7,0.5366976614672595,24.4540353165867,-10.37347842124677,1.0068203198494832,-10.444228862031384
SVN,Slovenia,2014,0,25.7,41711191731.4298,2061980,7.57,25.7,-4.605170185988091,24.4540353165867,-10.37347842124677,1.0068203198494832,-10.444228862031384
SVN,Slovenia,2015,0.970898765842034,25.4,42709468274.8137,2063531,7.57,25.4,-0.019286019602041776,24.477686472057425,-10.67347842124677,1.0068203198494832,-10.74627495798623
SVN,Slovenia,2015,0.679629136089424,25.4,42709468274.8137,2063531,7.57,25.4,-0.37160130981546824,24.477686472057425,-10.67347842124677,1.0068203198494832,-10.74627495798623
SVN,Slovenia,2016,0.485113562659451,24.8,44005450729.606,2065042,7.51,24.8,-0.7029681232120367,24.50757934341047,-11.273478421246768,0.9468203198494827,-10.673958444621105
SVN,Slovenia,2016,1.06724983785079,24.8,44005450729.606,2065042,7.51,24.8,0.07441134699236943,24.50757934341047,-11.273478421246768,0.9468203198494827,-10.673958444621105
SVN,Slovenia,2016,0,24.8,44005450729.606,2065042,7.51,24.8,-4.605170185988091,24.50757934341047,-11.273478421246768,0.9468203198494827,-10.673958444621105
SVN,Slovenia,2017,0.921252321313415,24.2,46282469720.8281,2066388,7.5,24.2,-0.07122501660592825,24.55802910260232,-11.87347842124677,0.9368203198494829,-11.123315852318331
SVN,Slovenia,2017,1.01822624987272,24.2,46282469720.8281,2066388,7.5,24.2,0.0278352302421139,24.55802910260232,-11.87347842124677,0.9368203198494829,-11.123315852318331
SVN,Slovenia,2017,0,24.2,46282469720.8281,2066388,7.5,24.2,-4.605170185988091,24.55802910260232,-11.87347842124677,0.9368203198494829,-11.123315852318331
SVN,Slovenia,2018,0.434891751818874,24.6,48309217703.4135,2073894,7.5,24.6,-0.8099242807466415,24.600888222117558,-11.473478421246767,0.9368203198494829,-10.748587724378536
SVN,Slovenia,2018,1.69124570151784,24.6,48309217703.4135,2073894,7.5,24.6,0.5313607483192682,24.600888222117558,-11.473478421246767,0.9368203198494829,-10.748587724378536
SVN,Slovenia,2018,0,24.6,48309217703.4135,2073894,7.5,24.6,-4.605170185988091,24.600888222117558,-11.473478421246767,0.9368203198494829,-10.748587724378536
SVN,Slovenia,2019,0.671965756625042,24.4,50002578162.6734,2088385,7.5,24.4,-0.38277583262646175,24.635340404298688,-11.67347842124677,0.9368203198494829,-10.935951788348437
SVN,Slovenia,2019,0.911953526848272,24.4,50002578162.6734,2088385,7.5,24.4,-0.08126046141578229,24.635340404298688,-11.67347842124677,0.9368203198494829,-10.935951788348437
SVN,Slovenia,2019,0,24.4,50002578162.6734,2088385,7.5,24.4,-4.605170185988091,24.635340404298688,-11.67347842124677,0.9368203198494829,-10.935951788348437
SVN,Slovenia,2020,0.523206714930108,24,47959972369.9892,2102419,7.54,24,-0.6288460971145197,24.593632591000247,-12.073478421246769,0.9768203198494829,-11.793619053138098
SVN,Slovenia,2020,0.808592195801076,24,47959972369.9892,2102419,7.54,24,-0.20016924856190585,24.593632591000247,-12.073478421246769,0.9768203198494829,-11.793619053138098
SVN,Slovenia,2020,0,24,47959972369.9892,2102419,7.54,24,-4.605170185988091,24.593632591000247,-12.073478421246769,0.9768203198494829,-11.793619053138098
SVN,Slovenia,2021,0.425835133669648,24.3,51996698295.6593,2108079,7.54,24.3,-0.8304912409289211,24.674446059197745,-11.773478421246768,0.9768203198494829,-11.500572957183254
SVN,Slovenia,2021,0.993615311895846,24.3,51996698295.6593,2108079,7.54,24.3,0.0036087923644950344,24.674446059197745,-11.773478421246768,0.9768203198494829,-11.500572957183254
SVN,Slovenia,2021,0,24.3,51996698295.6593,2108079,7.54,24.3,-4.605170185988091,24.674446059197745,-11.773478421246768,0.9768203198494829,-11.500572957183254
SVN,Slovenia,2022,0.614590956625007,24.3,53384233078.3164,2112076,7.75,24.3,-0.47065831290431104,24.70078127860885,-11.773478421246768,1.1868203198494829,-13.973003425645073
SVN,Slovenia,2022,0.6618671840577,24.3,53384233078.3164,2112076,7.75,24.3,-0.39769460076417373,24.70078127860885,-11.773478421246768,1.1868203198494829,-13.973003425645073
SVN,Slovenia,2022,0,24.3,53384233078.3164,2112076,7.75,24.3,-4.605170185988091,24.70078127860885,-11.773478421246768,1.1868203198494829,-13.973003425645073
SVN,Slovenia,2023,0.566466326409227,24.7,54652553125.6646,2120461,7.75,24.7,-0.5508383513706038,24.72426176823919,-11.37347842124677,1.1868203198494829,-13.498275297705282
SVN,Slovenia,2023,0.991316071216147,24.7,54652553125.6646,2120461,7.75,24.7,0.0013152059535055038,24.72426176823919,-11.37347842124677,1.1868203198494829,-13.498275297705282
SWE,Sweden,2006,1.00213388442621,26.4,436575715827.722,9080505,9.88,26.4,0.012060858978659343,26.8022276584153,-9.67347842124677,3.3168203198494837,-32.08518979121679
SWE,Sweden,2006,1.79503102375245,26.4,436575715827.722,9080505,9.88,26.4,0.5905777793116255,26.8022276584153,-9.67347842124677,3.3168203198494837,-32.08518979121679
SWE,Sweden,2008,0.889380578965065,28.1,446494653686.263,9219637,9.88,28.1,-0.10604899820192364,26.82469326336432,-7.973478421246767,3.3168203198494837,-26.446595247472658
SWE,Sweden,2008,1.61606958860725,28.1,446494653686.263,9219637,9.88,28.1,0.4861658076312683,26.82469326336432,-7.973478421246767,3.3168203198494837,-26.446595247472658
SWE,Sweden,2010,0.97033214789312106,27.7,452077714777.655,9378126,9.5,27.7,-0.019863838318552634,26.83711993734825,-8.37347842124677,2.936820319849483,-24.59140157533868
SWE,Sweden,2010,1.77005644560723,27.7,452077714777.655,9378126,9.5,27.7,0.576645074816508,26.83711993734825,-8.37347842124677,2.936820319849483,-24.59140157533868
SWE,Sweden,2010,0,27.7,452077714777.655,9378126,9.5,27.7,-4.605170185988091,26.83711993734825,-8.37347842124677,2.936820319849483,-24.59140157533868
SWE,Sweden,2011,0.857210073297811,27.6,466380936831.165,9449213,9.5,27.6,-0.14247403247652204,26.868268598143864,-8.473478421246767,2.936820319849483,-24.885083607323622
SWE,Sweden,2011,1.41810061508527,27.6,466380936831.165,9449213,9.5,27.6,0.35634532017847825,26.868268598143864,-8.473478421246767,2.936820319849483,-24.885083607323622
SWE,Sweden,2011,0,27.6,466380936831.165,9449213,9.5,27.6,-4.605170185988091,26.868268598143864,-8.473478421246767,2.936820319849483,-24.885083607323622
SWE,Sweden,2012,0.714324244275151,27.6,464448264944.252,9519374,9.73,27.6,-0.32251613564306936,26.864116011051685,-8.473478421246767,3.1668203198494833,-26.83398364421038
SWE,Sweden,2012,1.36561987876132,27.6,464448264944.252,9519374,9.73,27.6,0.3189044504466398,26.864116011051685,-8.473478421246767,3.1668203198494833,-26.83398364421038
SWE,Sweden,2012,0,27.6,464448264944.252,9519374,9.73,27.6,-4.605170185988091,26.864116011051685,-8.473478421246767,3.1668203198494833,-26.83398364421038
SWE,Sweden,2013,0.906191475133898,28.8,469732138276.917,9600379,9.73,28.8,-0.08752990216359534,26.87542845062545,-7.273478421246768,3.1668203198494833,-23.033799260391003
SWE,Sweden,2013,1.52073511919022,28.8,469732138276.917,9600379,9.73,28.8,0.4257480900745318,26.87542845062545,-7.273478421246768,3.1668203198494833,-23.033799260391003
SWE,Sweden,2013,0,28.8,469732138276.917,9600379,9.73,28.8,-4.605170185988091,26.87542845062545,-7.273478421246768,3.1668203198494833,-23.033799260391003
SWE,Sweden,2014,0.89723711300655,28.4,480516119003.081,9696110,9.73,28.4,-0.09735143744666169,26.898126611106438,-7.67347842124677,3.1668203198494833,-24.300527388330806
SWE,Sweden,2014,1.40257755596426,28.4,480516119003.081,9696110,9.73,28.4,0.34541608940848373,26.898126611106438,-7.67347842124677,3.1668203198494833,-24.300527388330806
SWE,Sweden,2014,0,28.4,480516119003.081,9696110,9.73,28.4,-4.605170185988091,26.898126611106438,-7.67347842124677,3.1668203198494833,-24.300527388330806
SWE,Sweden,2015,1.14291761252879,29.2,501602351911.6,9799186,9.45,29.2,0.1422957838586103,26.941073515073107,-6.8734784212467694,2.886820319849482,-19.842497174502114
SWE,Sweden,2015,1.59192096030795,29.2,501602351911.6,9799186,9.45,29.2,0.471203509294139,26.941073515073107,-6.8734784212467694,2.886820319849482,-19.842497174502114
SWE,Sweden,2015,0,29.2,501602351911.6,9799186,9.45,29.2,-4.605170185988091,26.941073515073107,-6.8734784212467694,2.886820319849482,-19.842497174502114
SWE,Sweden,2016,1.06819519352472,29.6,512292396637.964,9923085,9.39,29.6,0.07528852615563784,26.962161386161217,-6.473478421246767,2.8268203198494835,-18.299360341287517
SWE,Sweden,2016,1.69298860860522,29.6,512292396637.964,9923085,9.39,29.6,0.5323847126418673,26.962161386161217,-6.473478421246767,2.8268203198494835,-18.299360341287517
SWE,Sweden,2016,0,29.6,512292396637.964,9923085,9.39,29.6,-4.605170185988091,26.962161386161217,-6.473478421246767,2.8268203198494835,-18.299360341287517
SWE,Sweden,2017,1.12349926472939,28.8,521937949816.044,10057698,9.39,28.8,0.125309542292444,26.980814547679234,-7.273478421246768,2.8268203198494835,-20.560816597167104
SWE,Sweden,2017,1.42177340580798,28.8,521937949816.044,10057698,9.39,28.8,0.358913819850179,26.980814547679234,-7.273478421246768,2.8268203198494835,-20.560816597167104
SWE,Sweden,2017,0,28.8,521937949816.044,10057698,9.39,28.8,-4.605170185988091,26.980814547679234,-7.273478421246768,2.8268203198494835,-20.560816597167104
SWE,Sweden,2018,1.06138286689242,30,531177584320.755,10175214,9.39,30,0.0689502130100168,26.998362236026917,-6.073478421246769,2.8268203198494835,-17.168632213347728
SWE,Sweden,2018,1.67069525344177,30,531177584320.755,10175214,9.39,30,0.5192075491408477,26.998362236026917,-6.073478421246769,2.8268203198494835,-17.168632213347728
SWE,Sweden,2018,0,30,531177584320.755,10175214,9.39,30,-4.605170185988091,26.998362236026917,-6.073478421246769,2.8268203198494835,-17.168632213347728
SWE,Sweden,2019,1.07985845098683,29.3,545031918111.884,10278887,9.39,29.3,0.08604782632834788,27.02411019523768,-6.773478421246768,2.8268203198494835,-19.147406437242363
SWE,Sweden,2019,1.897048630112,29.3,545031918111.884,10278887,9.39,29.3,0.6455568271384478,27.02411019523768,-6.773478421246768,2.8268203198494835,-19.147406437242363
SWE,Sweden,2019,0,29.3,545031918111.884,10278887,9.39,29.3,-4.605170185988091,27.02411019523768,-6.773478421246768,2.8268203198494835,-19.147406437242363
SWE,Sweden,2020,1.19764105277864,28.9,534492107010.626,10353442,9.26,28.9,0.18866891361773303,27.004582800250326,-7.17347842124677,2.6968203198494827,-19.345582370420075
SWE,Sweden,2020,2.047579864428,28.9,534492107010.626,10353442,9.26,28.9,0.7215304690626584,27.004582800250326,-7.17347842124677,2.6968203198494827,-19.345582370420075
SWE,Sweden,2020,0,28.9,534492107010.626,10353442,9.26,28.9,-4.605170185988091,27.004582800250326,-7.17347842124677,2.6968203198494827,-19.345582370420075
SWE,Sweden,2021,1.08485573554827,29.8,562423939232.591,10415811,9.26,29.8,0.0906226062311426,27.055521742739995,-6.273478421246768,2.6968203198494827,-16.918444082555535
SWE,Sweden,2021,2.40012330873511,29.8,562423939232.591,10415811,9.26,29.8,0.8796779116439097,27.055521742739995,-6.273478421246768,2.6968203198494827,-16.918444082555535
SWE,Sweden,2021,0,29.8,562423939232.591,10415811,9.26,29.8,-4.605170185988091,27.055521742739995,-6.273478421246768,2.6968203198494827,-16.918444082555535
SWE,Sweden,2022,1.10609575089503,31.6,569484812988.256,10486941,9.39,31.6,0.1098366585716938,27.067997952205474,-4.473478421246767,2.8268203198494835,-12.645719701588549
SWE,Sweden,2022,2.10730311161898,31.6,569484812988.256,10486941,9.39,31.6,0.7501431616951569,27.067997952205474,-4.473478421246767,2.8268203198494835,-12.645719701588549
SWE,Sweden,2022,0,31.6,569484812988.256,10486941,9.39,31.6,-4.605170185988091,27.067997952205474,-4.473478421246767,2.8268203198494835,-12.645719701588549
SWE,Sweden,2023,1.14675703743944,29.3,568322714847.714,10536632,9.39,29.3,0.1456204325897421,27.06595525426897,-6.773478421246768,2.8268203198494835,-19.147406437242363
SWE,Sweden,2023,2.94744990614599,29.3,568322714847.714,10536632,9.39,29.3,1.084327378821966,27.06595525426897,-6.773478421246768,2.8268203198494835,-19.147406437242363
THA,Thailand,2006,7.04095366870716,41.8,302984491694.587,66567687,5.67,41.8,1.953162879832768,26.436947458619795,5.726521578753228,-0.8931796801505172,-5.114812712085843
THA,Thailand,2008,5.87697421098978,40.3,324964940636.733,67619830,6.81,40.3,1.7727421493655218,26.50698313849333,4.226521578753228,0.2468203198494825,1.0431914079186115
THA,Thailand,2010,5.32812691440829,39.4,346967938038.265,68579447,6.55,39.4,1.6748748263475586,26.5724982150401,3.32652157875323,-0.013179680150517292,-0.04384249042176139
THA,Thailand,2011,4.79225300638159,37.5,349882927003.633,69007208,6.55,37.5,1.5690851841207318,26.580864441198848,1.4265215787532313,-0.013179680150517292,-0.018801098135778554
THA,Thailand,2016,3.65792520154028,36.7,415081396923.293,70859841,4.92,36.7,1.2996261620217042,26.75174047510929,0.6265215787532341,-1.6431796801505172,-1.0294875273831363
THA,Thailand,2018,8.93436587441547,36.4,450682801200.339,71376079,4.63,36.4,2.1910238228228747,26.834029605720396,0.32652157875322985,-1.9331796801505172,-0.6312248811764108
THA,Thailand,2019,0.00279633178873752,34.9,460212749509.626,71522271,6.32,34.9,-4.358596728133056,26.854954718443857,-1.1734784212467702,-0.24317968015051683,0.285366107142323
THA,Thailand,2020,0.00558335730163935,35,432369701127.278,71641484,6.04,35,-4.1615517738436205,26.792546848857825,-1.0734784212467687,-0.5231796801505171,0.5616220970763665
THA,Thailand,2021,0.00697084341572889,34.9,439080796986.82,71727332,6.04,34.9,-4.076258500574509,26.80794928089283,-1.1734784212467702,-0.5231796801505171,0.613940065091419
THA,Thailand,2022,0.00697006631139867,34.3,450410744554.857,71735329,6.67,34.3,-4.076304292177421,26.83342576907096,-1.7734784212467716,0.10682031984948281,-0.18944353220373597
TUR,Türkiye,2006,4.52278419997034,39.6,565862429106.909,70045349,5.7,39.6,1.5113363643772961,27.061616827491182,3.5265215787532327,-0.8631796801505169,-3.0440217683921116
TUR,Türkiye,2006,20.0013278540355,39.6,565862429106.909,70045349,5.7,39.6,2.9962985059159606,27.061616827491182,3.5265215787532327,-0.8631796801505169,-3.0440217683921116
TUR,Türkiye,2008,4.55127664672389,39,600240295872.955,71051678,5.69,39,1.517602550729837,27.120595905108186,2.9265215787532313,-0.8731796801505167,-2.555379176089332
TUR,Türkiye,2010,4.17741645852185,38.8,619702577582.152,73142150,5.73,38.8,1.4320839467484394,27.152505486309003,2.7265215787532284,-0.8331796801505167,-2.2716823769090966
TUR,Türkiye,2010,21.6383082941254,38.8,619702577582.152,73142150,5.73,38.8,3.0749273125560275,27.152505486309003,2.7265215787532284,-0.8331796801505167,-2.2716823769090966
TUR,Türkiye,2011,4.1244918510834,40,687745688381.755,74223629,5.73,40,1.4193644312223794,27.25668496756642,3.9265215787532313,-0.8331796801505167,-3.271497993089719
TUR,Türkiye,2011,20.5011903019385,40,687745688381.755,74223629,5.73,40,3.020970605599654,27.25668496756642,3.9265215787532313,-0.8331796801505167,-3.271497993089719
TUR,Türkiye,2012,4.27675507086876,40.2,720809935556.199,75175827,5.76,40.2,1.4555300529929631,27.30364132721352,4.126521578753234,-0.8031796801505173,-3.31433828175723
TUR,Türkiye,2012,23.6737542822157,40.2,720809935556.199,75175827,5.76,40.2,3.164789339772597,27.30364132721352,4.126521578753234,-0.8031796801505173,-3.31433828175723
TUR,Türkiye,2013,27.3614799391925,40.2,781994134596.37,76147624,5.63,40.2,3.3095015931725227,27.38511307694744,4.126521578753234,-0.9331796801505172,-3.8507860869951505
TUR,Türkiye,2013,0.00392654579371334,40.2,781994134596.37,76147624,5.63,40.2,-4.273958490804585,27.38511307694744,4.126521578753234,-0.9331796801505172,-3.8507860869951505
TUR,Türkiye,2014,18.5529389364832,41.2,817972077517.761,77181884,5.12,41.2,2.921167062693216,27.43009403790268,5.126521578753234,-1.443179680150517,-7.398491772309816
TUR,Türkiye,2014,0.00897020117111358,41.2,817972077517.761,77181884,5.12,41.2,-3.964885890393838,27.43009403790268,5.126521578753234,-1.443179680150517,-7.398491772309816
TUR,Türkiye,2015,2.79325328973375,42.9,865460050683.656,78218479,5.12,42.9,1.0307806319009272,27.486527052997275,6.82652157875323,-1.443179680150517,-9.851897228565688
TUR,Türkiye,2015,0.00499911103308054,42.9,865460050683.656,78218479,5.12,42.9,-4.1997643440974315,27.486527052997275,6.82652157875323,-1.443179680150517,-9.851897228565688
TUR,Türkiye,2016,3.31161155785991,41.9,894225044186.927,79277962,5.04,41.9,1.2004500741495105,27.51922330772037,5.82652157875323,-1.523179680150517,-8.87483927471543
TUR,Türkiye,2016,7.17801602833466,41.9,894225044186.927,79277962,5.04,41.9,1.9724151987928749,27.51922330772037,5.82652157875323,-1.523179680150517,-8.87483927471543
TUR,Türkiye,2016,0.00244941683273662,41.9,894225044186.927,79277962,5.04,41.9,-4.386081497912529,27.51922330772037,5.82652157875323,-1.523179680150517,-8.87483927471543
TUR,Türkiye,2017,3.05836302689691,43.5,964205820086.089,80312698,4.88,43.5,1.1211442033944108,27.594570615081096,7.426521578753231,-1.6831796801505172,-12.500170215556778
TUR,Türkiye,2017,6.5187304815717,43.5,964205820086.089,80312698,4.88,43.5,1.8762125111520627,27.594570615081096,7.426521578753231,-1.6831796801505172,-12.500170215556778
TUR,Türkiye,2017,0.0084252424983386,43.5,964205820086.089,80312698,4.88,43.5,-3.9940336796181177,27.594570615081096,7.426521578753231,-1.6831796801505172,-12.500170215556778
TUR,Türkiye,2018,2.55994219861376,42.4,997645953748.995,81407204,4.37,42.4,0.9438834078424397,27.628664294554632,6.32652157875323,-2.193179680150517,-13.875198572555352
TUR,Türkiye,2018,7.96531760457146,42.4,997645953748.995,81407204,4.37,42.4,2.0763514729025476,27.628664294554632,6.32652157875323,-2.193179680150517,-13.875198572555352
TUR,Türkiye,2018,0.00592304997365516,42.4,997645953748.995,81407204,4.37,42.4,-4.1399875356555,27.628664294554632,6.32652157875323,-2.193179680150517,-13.875198572555352
TUR,Türkiye,2019,2.39580104761995,43.8,1010631549472.6,82579440,4.09,43.8,0.8778829240337008,27.641596547872837,7.726521578753228,-2.4731796801505173,-19.10907616681698
TUR,Türkiye,2019,8.4128348767525,43.8,1010631549472.6,82579440,4.09,43.8,2.130946455288819,27.641596547872837,7.726521578753228,-2.4731796801505173,-19.10907616681698
TUR,Türkiye,2019,0.00117154085458188,43.8,1010631549472.6,82579440,4.09,43.8,-4.494385729615043,27.641596547872837,7.726521578753228,-2.4731796801505173,-19.10907616681698
TUR,Türkiye,2020,2.49036807460102,43,1028853867659.94,83384680,4.48,43,0.9164379508773138,27.65946654875961,6.926521578753231,-2.0831796801505167,-14.429189006982808
TUR,Türkiye,2020,6.79740390511435,43,1028853867659.94,83384680,4.48,43,1.918010829434467,27.65946654875961,6.926521578753231,-2.0831796801505167,-14.429189006982808
TUR,Türkiye,2020,0.00348465682080367,43,1028853867659.94,83384680,4.48,43,-4.306202771672104,27.65946654875961,6.926521578753231,-2.0831796801505167,-14.429189006982808
TUR,Türkiye,2021,2.49751250926437,44.4,1150372769727.98,84147318,4.35,44.4,0.9192912295810393,27.771107153368774,8.32652157875323,-2.2131796801505175,-18.428088364431456
TUR,Türkiye,2021,8.74187057515262,44.4,1150372769727.98,84147318,4.35,44.4,2.1692674575392736,27.771107153368774,8.32652157875323,-2.2131796801505175,-18.428088364431456
TUR,Türkiye,2021,0.00115358545462558,44.4,1150372769727.98,84147318,4.35,44.4,-4.495994267329822,27.771107153368774,8.32652157875323,-2.2131796801505175,-18.428088364431456
TUR,Türkiye,2022,2.62122678525057,44.5,1212967141770.11,84979913,4.35,44.5,0.9674501957020122,27.824090657122994,8.426521578753231,-2.2131796801505175,-18.64940633244651
TUR,Türkiye,2022,8.89631965458618,44.5,1212967141770.11,84979913,4.35,44.5,2.186761098304158,27.824090657122994,8.426521578753231,-2.2131796801505175,-18.64940633244651
TUR,Türkiye,2023,3.22789482308636,43.7,1274162834489.99,85325965,4.33,43.7,1.174923372666852,27.87331047848248,7.626521578753234,-2.233179680150517,-17.031393019901163
TUR,Türkiye,2023,9.00877142318244,43.7,1274162834489.99,85325965,4.33,43.7,2.199308118942067,27.87331047848248,7.626521578753234,-2.233179680150517,-17.031393019901163
UGA,Uganda,2010,9.75585614946885,NA,24896350765.3932,32390802,5.05,43.13333333333333,2.278892235802217,23.93798707407005,7.059854912086564,-1.5131796801505173,-10.682828997780206
UGA,Uganda,2011,11.2518403976957,NA,27234530259.5375,33354543,5.13,42.06666666666667,2.4214200549770517,24.027751499957063,5.993188245419901,-1.4331796801505172,-8.589315612652733
UGA,Uganda,2012,11.8413029510429,41,28279643267.7641,34337438,5.16,41,2.472437815211184,24.065408063601165,4.926521578753231,-1.403179680150517,-6.912794973129579
UGA,Uganda,2013,10.914892084063,NA,29294007439.7726,35337042,5.22,41.6,2.391043863043897,24.100648807811655,5.526521578753233,-1.3431796801505174,-7.423111486494699
UGA,Uganda,2014,12.2899679036209,NA,30789849487.5724,36395539,5.22,42.199999999999996,2.5095966529132516,24.150450910516614,6.126521578753227,-1.3431796801505174,-8.229019294585003
UGA,Uganda,2016,11.5517988640576,42.8,33935615078.9833,38799152,5.26,42.8,2.4477064622157307,24.24773089214734,6.726521578753228,-1.3031796801505173,-8.765866239525185
UGA,Uganda,2017,11.7852360138494,NA,34998276801.8745,40177388,5.09,42.766666666666666,2.467695722311792,24.278564662991624,6.693188245419897,-1.4731796801505173,-9.860268918574885
UGA,Uganda,2018,10.8189825436186,NA,37204541496.6985,41565831,5.2,42.733333333333334,2.382226108641859,24.339696674018544,6.6598549120865655,-1.363179680150517,-9.078578888907014
UGA,Uganda,2019,10.9721855213314,42.7,39600047064.28,42999637,5.02,42.7,2.3962744619330234,24.40209614369806,6.626521578753234,-1.5431796801505175,-10.225913450410918
UKR,Ukraine,2006,6.25651793325215,29.8,108652697104.575,47278694,6.94,29.8,1.8352208468306286,25.411422367128825,-6.273478421246768,0.3768203198494833,-2.3639741452630383
UKR,Ukraine,2006,4.71248206737181,29.8,108652697104.575,47278694,6.94,29.8,1.5523345231119525,25.411422367128825,-6.273478421246768,0.3768203198494833,-2.3639741452630383
UKR,Ukraine,2008,5.26707267623711,26.6,120217318405.036,46819175,6.94,26.6,1.6633715265926905,25.51256692857779,-9.473478421246767,0.3768203198494833,-3.5697991687813846
UKR,Ukraine,2010,4.27931783411627,24.8,106195352549.996,46456003,6.3,24.8,1.4561277072695034,25.388546183497223,-11.273478421246768,-0.2631796801505173,2.966950445087483
UKR,Ukraine,2010,3.87893900255408,24.8,106195352549.996,46456003,6.3,24.8,1.3581363704412148,25.388546183497223,-11.273478421246768,-0.2631796801505173,2.966950445087483
UKR,Ukraine,2012,5.05517673469169,24.7,112148546939.271,46210056,5.91,24.7,1.6223890304170003,25.443090141424513,-11.37347842124677,-0.653179680150517,7.428924997388772
UKR,Ukraine,2014,6.18849833107946,24,100891035818.548,45972380,5.42,24,1.8243070580501557,25.33730691812486,-12.073478421246769,-1.1431796801505172,13.802155199905052
UKR,Ukraine,2017,6.05466477531939,26,95453762636.0202,45436041,5.69,26,1.8024792688683595,25.281907806310002,-10.073478421246769,-0.8731796801505167,8.795956665867386
UKR,Ukraine,2018,4.42833090390794,26.1,98783535744.1445,45208907,5.69,26.1,1.4902783832242843,25.316196785548126,-9.973478421246767,-0.8731796801505167,8.708638697852333
UKR,Ukraine,2019,4.04827159044446,26.6,101944118786.821,44957458,5.9,26.6,1.4007571663312908,25.347690645072113,-9.473478421246767,-0.6631796801505168,6.282618389315253
UKR,Ukraine,2020,3.80035686872931,25.6,98118341608.386,44680014,5.81,25.6,1.3377228510853447,25.309440154526378,-10.473478421246767,-0.7531796801505175,7.888411127377987
URY,Uruguay,2006,6.14073873999033,45.9,38074290288.9132,3289506,7.96,45.9,1.816572194928189,24.36280509573548,9.82652157875323,1.3968203198494828,13.725885014641932
URY,Uruguay,2008,6.69255362560008,45.1,43475921755.0631,3302177,8.08,45.1,1.902488591931492,24.4954730989186,9.026521578753233,1.516820319849483,13.691611348212739
URY,Uruguay,2010,6.17734091087152,44.5,48857389210.184,3318580,8.1,44.5,1.8225054161899656,24.612171467254697,8.426521578753231,1.5368203198494825,12.950049587878107
URY,Uruguay,2011,5.98168012770136,42.2,51379472633.5779,3326825,8.17,42.2,1.7903718615625732,24.66250456453456,6.126521578753234,1.6068203198494828,9.84421936273703
URY,Uruguay,2012,8.00503447711385,39.9,53197370201.0395,3335401,8.17,39.9,2.0813190876260452,24.697274799760905,3.82652157875323,1.6068203198494828,6.148532627083212
URY,Uruguay,2013,7.77201220684194,40.5,55664418793.7377,3345337,8.17,40.5,2.0518149431607124,24.742606978928904,4.426521578753231,1.6068203198494828,7.112624818992905
URY,Uruguay,2014,7.98490138572303,40.1,57467273107.5946,3356334,8.17,40.1,2.0788040117161675,24.77448145936859,4.026521578753233,1.6068203198494828,6.469896691053114
URY,Uruguay,2015,8.69948102993542,40.1,57680327998.6689,3368017,8.17,40.1,2.164412205844187,24.77818201643032,4.026521578753233,1.6068203198494828,6.469896691053114
URY,Uruguay,2015,0.267219553820542,40.1,57680327998.6689,3368017,8.17,40.1,-1.2829454736761057,24.77818201643032,4.026521578753233,1.6068203198494828,6.469896691053114
URY,Uruguay,2016,7.90108434244779,39.7,58655009160.0858,3379283,8.17,39.7,2.068264857396634,24.794938816072964,3.626521578753234,1.6068203198494828,5.827168563113323
URY,Uruguay,2016,0.473473219023089,39.7,58655009160.0858,3379283,8.17,39.7,-0.7267593554406704,24.794938816072964,3.626521578753234,1.6068203198494828,5.827168563113323
URY,Uruguay,2017,8.35193212210643,39.5,59675827116.7172,3388438,8.12,39.5,2.1236895154781346,24.812192869430795,3.4265215787532313,1.556820319849482,5.334478420205758
URY,Uruguay,2018,12.4022914485464,39.7,59774159517.7554,3394534,8.38,39.7,2.5186872275017538,24.813839289426667,3.626521578753234,1.8168203198494837,6.5887380946515055
URY,Uruguay,2019,11.5977676357818,39.7,60329073609.8215,3397206,8.38,39.7,2.4516744977886478,24.82307997389948,3.626521578753234,1.8168203198494837,6.5887380946515055
URY,Uruguay,2019,0.588719169329026,39.7,60329073609.8215,3397206,8.38,39.7,-0.512962623308809,24.82307997389948,3.626521578753234,1.8168203198494837,6.5887380946515055
URY,Uruguay,2020,10.0324569104505,40.2,55890466349.1545,3398968,8.61,40.2,2.3068217965227027,24.746659654246784,4.126521578753234,2.0468203198494823,8.446248217689485
URY,Uruguay,2020,0.529572505536975,40.2,55890466349.1545,3398968,8.61,40.2,-0.616978109362245,24.746659654246784,4.126521578753234,2.0468203198494823,8.446248217689485
URY,Uruguay,2021,9.00875836787795,40.8,59156857853.7605,3396695,8.85,40.8,2.1993066713708487,24.803458360696947,4.726521578753228,2.2868203198494825,10.808705588499938
URY,Uruguay,2021,4.9165445994628,40.8,59156857853.7605,3396695,8.85,40.8,1.5946378497106515,24.803458360696947,4.726521578753228,2.2868203198494825,10.808705588499938
URY,Uruguay,2021,0.588807736462611,40.8,59156857853.7605,3396695,8.85,40.8,-0.5128147065758853,24.803458360696947,4.726521578753228,2.2868203198494825,10.808705588499938
URY,Uruguay,2022,11.2948931452974,40.6,61810768801.3209,3390913,8.91,40.6,2.425235653699186,24.84734343867842,4.526521578753233,2.346820319849483,10.622932819255249
URY,Uruguay,2022,5.30830487246355,40.6,61810768801.3209,3390913,8.91,40.6,1.6711546195837008,24.84734343867842,4.526521578753233,2.346820319849483,10.622932819255249
URY,Uruguay,2022,0.383377574122368,40.6,61810768801.3209,3390913,8.91,40.6,-0.9329853799332612,24.84734343867842,4.526521578753233,2.346820319849483,10.622932819255249
URY,Uruguay,2023,11.2453054170348,40.9,62269484309.0206,3388081,8.66,40.9,2.4208396101108907,24.85473732426477,4.82652157875323,2.096820319849483,10.120348520521778
URY,Uruguay,2023,7.64444646459847,40.9,62269484309.0206,3388081,8.66,40.9,2.035286716187942,24.85473732426477,4.82652157875323,2.096820319849483,10.120348520521778
USA,United States of America,2006,5.79419136382991,41.7,15914268559668.9,298379912,8.22,41.7,1.7585803055035487,30.398237216427617,5.626521578753234,1.6568203198494835,9.322135281749954
USA,United States of America,2008,5.39888580801544,41.1,16251606759787.8,304093966,8.22,41.1,1.6880431211884288,30.419212897341637,5.026521578753233,1.6568203198494835,8.328043089840262
USA,United States of America,2010,4.73280651793807,40.2,16259610790677,309378227,8.18,40.2,1.5566290528814426,30.419705283148996,4.126521578753234,1.6168203198494826,6.671843938825596
USA,United States of America,2010,0.0337552427919778,40.2,16259610790677,309378227,8.18,40.2,-3.129143838112976,30.419705283148996,4.126521578753234,1.6168203198494826,6.671843938825596
USA,United States of America,2011,4.66754631709583,41.2,16513977256911.2,311839461,8.11,41.2,1.5427736812220163,30.435228244722353,5.126521578753234,1.5468203198494823,7.929807748162351
USA,United States of America,2011,0.0315181150939559,41.2,16513977256911.2,311839461,8.11,41.2,-3.1816254386994185,30.435228244722353,5.126521578753234,1.5468203198494823,7.929807748162351
USA,United States of America,2012,4.68473058437162,41.2,16892000920975.5,314339099,8.11,41.2,1.5464407274933072,30.457861307521643,5.126521578753234,1.5468203198494823,7.929807748162351
USA,United States of America,2012,0.0353183781266574,41.2,16892000920975.5,314339099,8.11,41.2,-3.0940426306061886,30.457861307521643,5.126521578753234,1.5468203198494823,7.929807748162351
USA,United States of America,2013,4.47313924865612,40.9,17249744800617.5,316726282,8.11,40.9,1.5003235261801124,30.47881846512938,4.82652157875323,1.5468203198494823,7.465761652207499
USA,United States of America,2013,0.0406109436640335,40.9,17249744800617.5,316726282,8.11,40.9,-2.983587448128094,30.47881846512938,4.82652157875323,1.5468203198494823,7.465761652207499
USA,United States of America,2014,4.38357348743573,41.7,17685097277697.8,319257560,8.11,41.7,1.4801429022132684,30.5037434391475,5.626521578753234,1.5468203198494823,8.703217908087092
USA,United States of America,2014,0.037757410722053,41.7,17685097277697.8,319257560,8.11,41.7,-3.0416210257298166,30.5037434391475,5.626521578753234,1.5468203198494823,8.703217908087092
USA,United States of America,2015,4.87019612648983,41.5,18206020741000,321815121,8.05,41.5,1.5851854089119386,30.532773465250806,5.426521578753231,1.4868203198494836,8.068262549392005
USA,United States of America,2015,0.0349557614065253,41.5,18206020741000,321815121,8.05,41.5,-3.1020763526067427,30.532773465250806,5.426521578753231,1.4868203198494836,8.068262549392005
USA,United States of America,2016,5.28982026159524,41.3,18537270454435.6,324353340,7.98,41.3,1.667672907076462,30.55080444054779,5.226521578753228,1.4168203198494833,7.405041974909375
USA,United States of America,2016,0.0382769972411991,41.3,18537270454435.6,324353340,7.98,41.3,-3.030800079359736,30.55080444054779,5.226521578753228,1.4168203198494833,7.405041974909375
USA,United States of America,2017,5.20582704229048,41.4,18992846546661.7,326608609,7.98,41.4,1.651697665004501,30.575083526657874,5.32652157875323,1.4168203198494833,7.546724006894326
USA,United States of America,2017,0.0460559464247972,41.4,18992846546661.7,326608609,7.98,41.4,-2.881405043658667,30.575083526657874,5.32652157875323,1.4168203198494833,7.546724006894326
USA,United States of America,2018,4.88693701574911,41.8,19556270302218.3,328529577,7.96,41.8,1.58860991083414,30.604317082507816,5.726521578753228,1.3968203198494828,7.99892170325905
USA,United States of America,2018,0.0486485118826863,41.8,19556270302218.3,328529577,7.96,41.8,-2.836193077048772,30.604317082507816,5.726521578753228,1.3968203198494828,7.99892170325905
USA,United States of America,2019,4.93472178525416,41.9,20061570168697.6,330226227,7.96,41.9,1.598320701662629,30.629827169013158,5.82652157875323,1.3968203198494828,8.138603735244
USA,United States of America,2019,0.0529914931645866,41.9,20061570168697.6,330226227,7.96,41.9,-2.7647555908414043,30.629827169013158,5.82652157875323,1.3968203198494828,8.138603735244
USA,United States of America,2020,6.35465593745812,40,19627632559934.5,331577720,7.92,40,1.8507601751607552,30.607959513782003,3.9265215787532313,1.3568203198494828,5.327584264379856
USA,United States of America,2021,6.77972198500888,39.7,20816096100824.5,332099760,7.85,39.7,1.9154099959619295,30.666747654368695,3.626521578753234,1.2868203198494825,4.666681657912287
USA,United States of America,2022,6.51267429794199,41.7,21339074561820,334017321,7.85,41.7,1.8752844602385106,30.69156099449911,5.626521578753234,1.2868203198494825,7.240322297611252
USA,United States of America,2023,5.76340794073065,41.8,21955252291273.6,336806231,7.85,41.8,1.7532625371420316,30.72002751116628,5.726521578753228,1.2868203198494825,7.369004329596193
UZB,Uzbekistan,2021,1.39879762685076,32.9,117891622986.822,34243696,2.12,32.9,0.3427365936802407,25.4930315901149,-3.17347842124677,-4.443179680150517,14.100334836679792
UZB,Uzbekistan,2021,1.26446633074401,32.9,117891622986.822,34243696,2.12,32.9,0.2425275268656309,25.4930315901149,-3.17347842124677,-4.443179680150517,14.100334836679792
VNM,Viet Nam,2006,1.27543729928635,35.8,139658819217.11,82167897,2.75,35.8,0.25109897118329816,25.662468279632225,-0.2734784212467716,-3.813179680150517,1.042822358857833
VNM,Viet Nam,2008,1.28205448056468,35.6,158086705343.275,85175788,2.53,35.6,0.2562335720911024,25.786409487450697,-0.4734784212467673,-4.033179680150518,1.9096235475622092
VNM,Viet Nam,2010,1.52764014135863,39.3,177322478338.404,87455152,2.94,39.3,0.43024886539587326,25.90123582336897,3.2265215787532284,-3.623179680150517,-11.690267421705864
ZMB,Zambia,2010,5.82860993954142,52,16527123087.7163,13965594,5.68,52,1.7644927444567886,23.528268691751858,15.926521578753231,-0.8831796801505174,-14.065980233833592
ZMB,Zambia,2011,5.9773668355394,NA,17447560252.6576,14437796,6.19,52.76,1.7896517220787558,23.58246566221873,16.68652157875323,-0.3731796801505167,-6.227070785583826
ZMB,Zambia,2012,5.93416934268648,NA,18773117888.8094,14913629,6.26,53.519999999999996,1.7824107966944394,23.655691783968987,17.446521578753227,-0.30317968015051733,-5.289430831985502
ZMB,Zambia,2013,5.63023682646344,NA,19722575262.7917,15398997,6.26,54.28,1.7299260551360929,23.70502976901404,18.206521578753232,-0.30317968015051733,-5.519847388899897
ZMB,Zambia,2014,5.19020856145348,NA,20648211567.0616,15895315,6.39,55.04,1.6486987327549016,23.7508945456809,18.96652157875323,-0.17317968015051743,-3.284616140576371
ZMB,Zambia,2015,5.20150860823759,55.8,21251216798.7762,16399089,6.28,55.8,1.6508693739732123,23.77967999179636,19.72652157875323,-0.28317968015051687,-5.586150071153608
